transaction_id,amount,transaction_time,merchant_category,customer_age,location,payment_method,previous_transactions,avg_transaction_amount,fraud
5fde428a-2cd6-4bb1-87e2-45b425aa5762,696.72,2025-08-08T14:21:22,fuel,36,Pune,debit_card,17,328.09,0
bc679b69-ff0f-4314-9d04-59d4bca957fd,521.34,2025-01-01T05:36:25,other,39,Mumbai,debit_card,25,585.59,0
6edf457c-5f9f-4a54-8078-5f4edcecdb50,186.11,2025-08-24T13:16:00,electronics,18,Pune,wallet,24,93.31,0
a5516391-2c19-402b-a719-7c0a736f6813,43.41,2025-01-05T18:57:25,electronics,51,Pune,upi,31,10.0,0
9acd262c-7091-44cd-9d01-8c9d4efef169,575.53,2025-01-10T09:27:20,entertainment,21,Delhi,debit_card,34,626.5,0
b62b96cb-a07e-44c5-8aca-5a91bcd451e3,678.93,2025-06-11T21:47:00,fuel,45,Jaipur,debit_card,26,690.82,0
df7fcd2d-d67a-4047-aac6-c03c7affc76a,321.22,2025-02-04T18:15:26,entertainment,30,Ahmedabad,debit_card,17,434.4,0
20e844e1-afcc-4000-95a7-135c5f6718e9,42.57,2025-10-19T12:19:37,entertainment,50,Kolkata,upi,29,10.0,1
2989c302-9d32-41de-9c3b-3cf397314f1b,443.97,2025-04-05T07:21:47,dining,34,Kolkata,credit_card,24,207.07,0
9b75ee15-e1c1-4538-8a98-5caec8d33e9d,1104.27,2025-08-30T02:26:20,electronics,41,Lucknow,credit_card,23,1207.47,0
610ac3ba-2a8a-491d-a44d-2c8ab057fe84,154.88,2025-06-10T05:26:37,dining,31,Mumbai,credit_card,22,32.93,0
2564f5da-af79-45b2-b5dc-b66cf956b678,395.28,2025-04-01T06:19:25,electronics,18,Mumbai,credit_card,27,10.0,0
cdae36e5-0c3c-4af6-a230-650cc5782539,318.7,2025-03-14T15:33:05,online,29,Kolkata,upi,27,110.73,0
3d43391a-3d10-4162-808b-bdfd74bde4d0,73.28,2025-07-13T13:14:38,grocery,38,Mumbai,debit_card,25,142.79,0
4b6f6cdb-29f0-4d4e-966a-f8462525ee86,130.26,2025-02-22T11:40:31,other,46,Chennai,upi,21,10.0,0
7b7bcc9d-9b63-48b0-8c74-39edb721711e,795.85,2025-01-26T05:48:27,grocery,52,Hyderabad,upi,26,352.15,0
b37b90ed-004f-450d-884a-e13eb0919ffe,401.28,2025-02-23T15:31:24,travel,33,Ahmedabad,netbanking,27,279.21,0
9d7f5ceb-3c56-49f3-9927-4e0b41a5ac51,370.62,2025-09-25T14:44:06,fuel,42,Delhi,debit_card,27,236.35,0
eebcd623-0d50-48a5-9b5e-36b3a79cf063,398.32,2025-03-25T20:50:04,entertainment,40,Jaipur,wallet,22,375.67,0
60611a65-7f99-4016-8cf9-330dc134a84c,206.37,2025-05-26T14:00:54,travel,28,Lucknow,wallet,28,190.94,0
c945fa82-f71c-4e26-bcbf-69aa0ec088a5,1290.99,2025-08-11T05:32:02,online,38,Hyderabad,debit_card,22,1165.93,0
b5d09618-59f9-44f6-a237-2ff659490467,1960.77,2025-07-14T23:44:25,online,38,Bangalore,debit_card,23,1258.84,0
4c753cd4-4228-4513-94e0-31951f442981,858.24,2025-01-10T03:36:06,grocery,18,Hyderabad,debit_card,25,520.16,0
12620fa6-1629-4975-a1e3-8c981593d74c,262.29,2025-05-04T09:44:53,online,43,Ahmedabad,upi,22,152.63,0
11bf9748-6f24-4fba-adbe-7ebfd5707f0d,172.6,2025-02-21T23:43:08,grocery,57,Delhi,credit_card,17,156.79,0
8ef889b5-9e71-4397-ac09-bc6b61e6016f,2492.42,2025-01-15T07:33:22,fuel,32,Bangalore,upi,13,2347.98,0
7b3abbe2-f71d-4c67-af3e-b9df15af2c2e,11.41,2025-02-21T23:03:12,dining,25,Pune,credit_card,21,10.0,0
b285b00e-295d-4f87-9ca7-d9f25d88e11f,753.36,2025-10-11T06:36:41,entertainment,39,Chennai,upi,23,1191.42,0
d31bcf7c-f9f7-4457-a032-ef21f57e72fe,549.55,2025-01-22T08:33:29,electronics,30,Lucknow,upi,23,858.9,0
acbf67ac-6d40-4533-942c-2303ac9e1e3d,365.37,2025-10-18T06:34:47,fuel,31,Kolkata,upi,24,185.48,0
6a0994ad-3b45-4416-bee7-fd1dfcc591b0,2226.41,2025-08-15T08:42:31,grocery,32,Mumbai,upi,25,1357.8,0
d24e8e2f-1828-4b9a-86b2-7c38c0985c08,256.62,2025-10-15T00:57:58,online,49,Chennai,upi,27,77.55,0
6948ac16-4743-4e10-8264-2d9add76f289,801.54,2025-01-28T08:41:02,dining,45,Pune,wallet,26,667.39,0
0723d4ac-d9ca-4077-a73d-6ba5ad653d5d,231.37,2025-09-25T13:39:27,grocery,21,Kolkata,credit_card,26,147.2,0
ed60a14c-1401-4abc-8fc1-057438d19d4c,1735.68,2025-05-25T12:00:08,travel,26,Pune,debit_card,33,1216.01,0
167fa91c-bef6-4e31-8ffd-2634cd3df7fd,1633.13,2025-06-25T00:15:18,other,47,Mumbai,credit_card,25,282.38,0
9de1dbcb-5fcc-4b70-a50f-3f1f617f79e3,335.33,2025-07-28T14:57:36,grocery,41,Jaipur,credit_card,28,323.52,0
4ce8f6a6-b17e-402a-8db9-92144a88e12c,153.99,2025-04-11T16:45:08,grocery,35,Chennai,debit_card,23,10.0,0
0c81bc73-db1b-43dd-9c61-28dcf3d1e5a3,912.47,2025-05-06T11:20:59,entertainment,55,Delhi,upi,19,695.02,0
5dce7de6-a2a2-4660-b972-4f4046d95b5b,204.92,2025-09-06T17:58:56,fuel,55,Mumbai,debit_card,24,164.52,0
904e5229-5e54-4a53-8098-0d41d9bad037,245.9,2025-05-16T03:55:03,grocery,45,Bangalore,credit_card,29,10.0,0
db308335-afb3-4313-96bd-6f4a908aefa3,217.11,2025-05-07T03:51:27,online,68,Delhi,netbanking,33,179.91,0
430859f6-ff64-478b-8bc0-815a3ef0a1aa,531.82,2025-06-14T05:36:48,dining,32,Pune,upi,28,679.46,0
246ea515-92a7-40f8-b7f2-275a5c76cb6d,464.45,2025-04-15T05:22:35,electronics,32,Bangalore,upi,24,676.73,0
15861df0-f2a8-439a-bc67-e4c049934a4c,1208.13,2025-06-04T13:41:58,other,35,Lucknow,credit_card,30,869.23,0
b966e747-ced8-4c96-80f6-0d81ce3eeb56,957.8,2025-02-08T14:59:18,travel,34,Jaipur,credit_card,25,352.64,1
25e47b03-30c0-4da7-986b-1e182a455a49,490.75,2025-06-10T23:27:09,entertainment,38,Lucknow,upi,25,471.53,0
a90f7b30-f0e7-420b-be70-6c7d08abff8b,111.41,2025-02-01T11:03:28,online,18,Lucknow,upi,31,10.0,0
50b7eac1-8fcc-4dff-9ae1-153e4ea4924e,1767.65,2025-05-24T20:59:28,fuel,22,Hyderabad,upi,29,1188.93,0
c44a16be-acb9-40e1-86a0-c0681e028d96,49.15,2025-10-23T22:54:35,fuel,49,Mumbai,credit_card,21,116.29,0
e667b04d-ffe3-4695-819b-cf76c81cb203,488.51,2025-10-03T05:14:54,grocery,48,Hyderabad,credit_card,19,410.33,0
d5be18a6-bbe3-43ba-9be7-1d4891deb216,194.63,2025-04-08T02:29:25,dining,44,Mumbai,upi,25,132.57,0
d1321940-ede7-4725-9aa8-f7764987291d,1064.35,2025-04-21T18:27:34,dining,18,Kolkata,credit_card,30,1260.05,0
159096b7-6210-423b-a489-6f268d762345,57.55,2025-10-06T20:36:35,online,25,Delhi,credit_card,20,78.87,0
530fcae0-3f3c-45a0-90cd-e4a765513470,209.77,2025-02-19T02:19:22,grocery,45,Kolkata,credit_card,22,111.26,0
56450b6a-98db-4ae9-b91e-efb95f2cd52c,878.94,2025-05-12T14:57:41,fuel,64,Mumbai,netbanking,23,777.06,0
6f0fe9d2-553e-4c6e-bfa7-c3263a017f0a,79.33,2025-02-11T18:45:32,online,51,Mumbai,upi,32,29.56,0
6d2af3ed-9737-475d-83f3-b771ece64b6b,436.47,2025-08-17T17:42:09,entertainment,32,Mumbai,credit_card,25,757.6,0
9113bf7f-6e4b-4875-b475-e02af2a7e9c9,23.8,2025-08-20T13:33:00,grocery,33,Bangalore,upi,26,10.0,0
525dd850-3c99-4e5b-ad88-6d1039fc1f07,151.42,2025-10-12T04:26:24,grocery,18,Ahmedabad,upi,27,291.2,0
e885ce1e-553d-4b45-85b9-8412feb64dca,531.27,2025-07-02T00:20:54,dining,24,Ahmedabad,netbanking,33,293.65,0
6b7ba086-3066-45ce-a847-fd8f4cac4458,103.71,2025-03-10T05:14:54,fuel,24,Jaipur,upi,20,10.0,0
11368eb4-4208-4615-96b1-6dca49808efd,375.39,2025-05-25T06:01:34,entertainment,47,Bangalore,credit_card,26,183.5,0
3921d49e-7333-41f7-baa3-682cf1552aec,658.48,2025-05-18T16:43:14,fuel,38,Hyderabad,credit_card,26,333.07,0
7fdf208b-d3d1-4c8f-a44e-d525f1ff7046,6815.26,2025-01-20T17:06:07,online,24,Delhi,upi,24,2985.78,0
3072ead5-6a1e-4f64-b45a-88f8861cbade,342.11,2025-03-23T05:21:41,fuel,44,Mumbai,credit_card,19,260.07,0
b58c4788-ee1a-4813-b374-fa1513b2699c,449.72,2025-02-23T13:31:17,fuel,36,Ahmedabad,credit_card,21,403.17,0
5c012cc9-e255-48ee-9a85-9e44c40227d2,195.79,2025-09-26T21:37:04,grocery,26,Pune,upi,31,192.55,0
a59938ee-7a09-4024-9520-9e04bc7425ab,77.59,2025-09-05T12:46:22,travel,51,Pune,credit_card,27,10.0,0
ed72501f-b77e-49a5-955d-fa2960cea0b3,221.54,2025-09-18T12:58:09,dining,42,Pune,netbanking,24,213.08,0
303beee6-477a-41dd-a168-8749da64bad9,486.85,2025-10-23T07:41:44,dining,35,Delhi,credit_card,18,469.52,0
f02d10f6-92c7-4910-aec0-9c2c73971492,534.66,2025-06-30T03:43:17,online,49,Pune,upi,31,339.63,0
232118ea-3c43-4d78-a99b-ca4c40e9f5ec,314.98,2025-10-02T15:41:54,online,52,Ahmedabad,upi,25,265.76,0
53ee809f-17cd-4cd3-87c4-238d7cf6c9ee,787.08,2025-01-16T10:15:57,dining,19,Delhi,upi,25,330.4,0
c4119a2a-d995-4f8c-8dfd-cfe4b8405004,167.9,2025-01-24T07:54:37,grocery,37,Bangalore,credit_card,26,10.0,0
72ad4669-66c1-4e25-aa2d-3cad949c7c35,990.66,2025-07-17T15:14:24,online,45,Hyderabad,wallet,33,694.16,0
1fbde791-cd27-410d-b391-2ed8e5f329ba,101.89,2025-04-04T20:33:17,grocery,69,Pune,debit_card,35,83.79,0
589b5790-c0ed-47d4-b41f-c0916cadbd65,448.42,2025-03-11T00:03:49,grocery,32,Delhi,netbanking,25,625.22,0
80fdb491-f726-49ae-a0bf-f246ff6dab3b,1561.15,2025-06-06T01:12:37,dining,48,Delhi,credit_card,32,1291.57,0
c368e5a1-ef46-43da-8fee-54fff6e02447,228.37,2025-05-24T23:06:16,fuel,54,Ahmedabad,credit_card,23,216.71,1
7972e30b-33eb-49d9-882b-f3826d814c91,52.07,2025-09-13T20:19:01,online,34,Kolkata,credit_card,24,10.0,0
c5102569-a011-4348-8f93-a91bec9cfd97,336.2,2025-09-21T17:39:06,other,28,Delhi,credit_card,35,312.58,0
addf0061-1cdb-437d-8c53-b76b77781ba6,203.27,2025-08-22T21:00:29,travel,31,Kolkata,upi,20,232.69,0
f464ea4e-efc6-41ae-b0e4-8051b1f3a799,486.2,2025-09-27T05:32:24,dining,37,Ahmedabad,upi,31,96.38,0
d1569577-447e-4229-beb5-c5f2496962e5,704.44,2025-08-09T13:31:52,electronics,35,Hyderabad,credit_card,28,428.28,0
cf177280-b8e1-4656-bf8d-96467b19e588,6500.44,2025-09-05T09:42:10,travel,31,Delhi,upi,31,7403.81,0
f60dfed2-89a9-4aba-b783-b70fc82f3ce4,242.03,2025-03-13T14:34:05,entertainment,26,Chennai,upi,29,148.22,0
318ee0e9-3467-4a87-ad50-190325f3a4bf,639.11,2025-06-02T05:46:03,grocery,42,Mumbai,upi,18,416.79,0
57b84f16-8720-4c40-9ecd-0b250b3858d8,274.17,2025-02-23T20:22:50,online,51,Hyderabad,wallet,28,361.32,0
ded58305-8773-4eed-b416-e7f4b4b19945,1502.0,2025-01-14T17:20:33,entertainment,19,Chennai,upi,26,1770.58,1
5f1cbfea-9ea4-4988-a3c9-d37436ecf6ec,356.28,2025-10-11T06:59:10,grocery,23,Jaipur,credit_card,30,461.02,0
c08b6666-bb23-434e-b857-42a858e8277b,315.87,2025-10-11T02:02:04,dining,24,Chennai,debit_card,24,149.79,0
c8bc026b-ad25-452f-b1b5-8167441de2a6,1147.74,2025-05-22T23:06:40,other,33,Jaipur,netbanking,29,1099.55,0
976b8b2b-b35c-4200-b380-f3279815623a,1594.19,2025-05-25T10:57:39,grocery,43,Mumbai,upi,21,972.19,0
a3ba2a9e-fb44-4882-b98b-87445d3e3f5e,81.55,2025-10-23T07:19:48,grocery,61,Kolkata,credit_card,23,10.0,0
86a10895-2209-4fcb-927e-5b132d335b07,139.26,2025-03-14T14:43:26,other,37,Hyderabad,upi,28,30.98,0
f964f665-189c-4333-a89e-1b3b1ecbacc8,331.32,2025-02-09T19:33:12,fuel,29,Lucknow,netbanking,20,306.22,0
c5785fe0-64a4-43dc-b6d7-85955d126931,2960.69,2025-09-19T06:58:39,online,42,Chennai,debit_card,30,2476.01,0
48be00af-2e55-461b-9c8b-9b5c10a11e77,627.33,2025-08-08T11:26:40,grocery,64,Hyderabad,upi,27,130.85,0
27bf8f96-8a0f-4011-9c07-c89122d3929a,328.76,2025-01-14T02:21:50,grocery,50,Hyderabad,upi,20,224.75,0
405ad07a-a0d5-459b-9bef-6bff073e047f,237.1,2025-04-14T18:43:55,travel,56,Chennai,upi,26,140.08,0
39d283b5-8f5a-4a21-8ff5-c2a89cf07881,1717.52,2025-07-16T12:04:02,other,43,Lucknow,wallet,20,2152.26,0
fccdf5cd-5b83-4066-9bc5-dfab0bb8ed02,576.04,2025-05-28T16:24:02,electronics,34,Ahmedabad,upi,27,165.59,0
b3c69b98-0f86-4787-a96e-e1d60a52d683,410.99,2025-06-29T14:44:26,travel,36,Pune,debit_card,21,342.11,0
c363a71d-cbda-4629-97cc-95926a45d7ad,72.8,2025-07-05T03:26:38,online,32,Hyderabad,credit_card,27,85.68,0
2fa14c4f-c14f-4355-b7c7-2b6f00efca08,303.4,2025-03-22T22:11:49,grocery,35,Kolkata,wallet,12,346.04,0
2e783d70-d4b5-4a5f-8efe-a0badca9ed2f,1105.4,2025-05-17T10:07:37,dining,42,Delhi,debit_card,25,908.69,0
3c655a91-a084-4a41-b52c-24ac51b24d8e,182.57,2025-03-12T08:50:28,other,43,Delhi,upi,29,210.81,0
d8f00879-b221-47c8-b497-f337d89a19f6,52.67,2025-02-17T18:52:10,fuel,49,Jaipur,netbanking,17,62.03,0
63a325b9-cb0b-4866-a7d1-f2b39a4e326d,1087.48,2025-09-21T08:48:58,electronics,36,Mumbai,credit_card,26,457.52,0
eb1ccca6-e0da-42b7-8513-4e24586d5eec,135.57,2025-03-13T06:19:03,travel,18,Hyderabad,credit_card,26,46.06,0
be75af05-cb05-460d-8a97-6a32d2211343,25.81,2025-01-08T16:37:22,travel,65,Kolkata,debit_card,26,100.58,0
ba682da5-c3ab-4c4e-9dc9-dfb742c464cb,929.66,2025-03-15T01:04:21,entertainment,41,Chennai,wallet,23,186.92,0
3049ca3a-d7bb-433d-874a-8d65e65ca29c,491.71,2025-04-04T09:24:55,fuel,54,Delhi,debit_card,25,458.41,0
07910317-4a4b-4719-ae2a-9b78039339b7,216.27,2025-10-03T07:49:04,dining,44,Hyderabad,netbanking,26,227.24,0
5d6e6e5e-a65f-41dd-8406-92f22756cb22,295.2,2025-03-05T14:43:22,fuel,42,Lucknow,debit_card,33,11.94,0
4891224f-8d12-46c5-8e72-810e9caf66b7,651.39,2025-08-31T20:36:56,online,48,Lucknow,debit_card,26,676.65,0
4592f196-0b98-4881-a783-c1e8a7330bcf,423.35,2025-07-02T03:04:37,fuel,36,Lucknow,credit_card,27,261.71,0
3fe7ce23-4f10-4032-b83f-f9f5a1d9b2f7,51.68,2025-08-06T08:31:16,grocery,18,Ahmedabad,credit_card,26,10.0,0
43f0782b-1f93-474e-a213-a961ab947524,175.05,2025-08-29T02:34:00,electronics,38,Kolkata,credit_card,26,114.77,0
803db5c8-de1e-46ba-a41e-0bbc1681f757,77.51,2025-10-26T15:27:34,dining,22,Chennai,credit_card,19,74.41,0
86584d49-02dd-4fe6-8bed-ab897fe45013,179.63,2025-07-19T11:21:51,online,52,Pune,debit_card,34,151.52,0
23b0ab26-e0f9-4223-914d-6006264286ab,225.83,2025-09-05T19:41:12,online,42,Delhi,credit_card,18,44.46,0
ccff5ab4-9d82-48e1-acb2-ecf557a35be6,1704.59,2025-03-25T21:51:55,other,38,Delhi,upi,34,1409.61,0
9a4383f4-9f9d-4b49-9f6a-08be1e566848,541.39,2025-08-26T00:13:08,electronics,41,Jaipur,debit_card,26,279.71,0
50ce11bb-7c42-440a-84cf-e120219c6a09,228.63,2025-10-13T20:08:31,online,49,Kolkata,credit_card,25,170.09,0
75884207-2fc7-4fe6-b3a7-78454308d407,831.53,2025-09-20T19:57:26,electronics,39,Hyderabad,credit_card,23,266.58,0
7b66d64b-ca2a-423f-a92d-aab4e6db7091,820.99,2025-03-31T04:57:22,dining,54,Jaipur,credit_card,18,746.41,0
c9bb90da-18ad-48a9-b501-f4a0682c657c,74.61,2025-07-07T04:03:00,dining,48,Pune,upi,30,10.0,0
512937b3-8c96-42a6-8f1c-20a70b577042,258.06,2025-10-17T03:31:13,electronics,24,Kolkata,credit_card,21,220.32,0
f06db603-98ed-4e30-9d11-a36c2a0ba21d,135.16,2025-06-14T09:18:29,dining,37,Chennai,credit_card,19,72.85,0
a4aad10f-e4c6-401f-9cb7-edb43d9e86ea,1227.94,2025-04-28T17:14:05,other,41,Mumbai,wallet,30,728.97,0
ad2ca8d7-fb2a-4b39-84f8-456623d1602d,4328.77,2025-07-17T19:20:53,entertainment,30,Ahmedabad,credit_card,32,3422.4,0
2970eb03-ef08-4b4a-bb23-c554efde8b85,965.23,2025-08-29T15:20:24,grocery,52,Mumbai,wallet,29,439.09,0
4e5b7a95-cabe-4f3d-84f2-96bb0d810d0e,245.54,2025-01-30T12:26:55,online,32,Ahmedabad,credit_card,39,271.51,0
36cd3caf-37f6-47fb-a103-2a65437c563c,549.66,2025-08-21T09:21:47,fuel,26,Lucknow,debit_card,32,424.03,0
b4bc7eaa-b07c-4277-a821-865ac6336b29,422.03,2025-07-04T22:47:52,grocery,47,Lucknow,debit_card,34,153.1,0
c87e7fef-73b6-4f55-9dc3-1ec5b7317a17,316.28,2025-09-24T01:51:33,fuel,34,Bangalore,upi,22,296.83,0
dd8b5184-3f63-4bef-bf66-2c1e5af76b35,97.23,2025-01-17T03:46:44,travel,40,Hyderabad,wallet,35,70.31,0
cf5ab76a-6fce-401d-952d-707cb68fe1a9,417.18,2025-09-10T05:03:42,online,20,Kolkata,upi,25,651.01,0
250cbcdc-685d-4024-af13-2ef599ecfa9b,203.44,2025-05-19T11:12:49,grocery,43,Mumbai,upi,32,189.96,0
26a1c050-c2d0-4e1a-a660-3f0685bbf138,929.95,2025-07-04T11:50:35,online,45,Jaipur,upi,23,594.54,0
f6558595-6373-4903-90af-eebe6ea7a250,164.2,2025-08-05T14:54:38,entertainment,18,Bangalore,credit_card,27,92.25,0
c44a3a46-ef23-4e73-b6bd-04e41663c596,416.53,2025-08-06T00:30:51,grocery,50,Lucknow,upi,26,512.39,0
26dae659-e1d8-4b63-87b8-7beb8926bbd8,164.02,2025-01-18T13:34:00,travel,37,Lucknow,upi,30,17.95,0
9c8f3e0a-f2a3-4705-baee-6ceed8246d0b,368.36,2025-06-29T11:13:19,online,36,Jaipur,wallet,27,490.67,0
fc1d6925-13c2-49c3-95c9-2e02681fcf05,267.89,2025-06-21T13:28:49,fuel,51,Jaipur,upi,28,433.3,0
8a4ba988-6285-40c2-b801-31f2010ee0ae,212.35,2025-05-19T12:28:34,dining,22,Kolkata,debit_card,25,193.27,0
955504a3-d24f-473b-8964-ebdd736e03ea,1085.93,2025-02-17T16:08:19,fuel,47,Jaipur,upi,16,501.84,0
ceac6b33-518d-4d18-bfa5-b42cfccac2c6,160.08,2025-08-16T19:40:02,dining,26,Hyderabad,credit_card,25,138.03,0
1f151b63-c404-4f61-880f-068f66da5d52,529.42,2025-06-18T01:12:39,entertainment,39,Lucknow,netbanking,30,508.81,0
d2fde9a9-1e07-4348-8cec-7b9f1301ce1c,218.54,2025-04-03T14:37:51,other,25,Jaipur,credit_card,24,229.15,0
38b23388-a50d-49b9-ad0d-b3fe758d9ab2,1228.16,2025-08-26T12:14:23,fuel,18,Delhi,credit_card,24,1165.21,0
e0497603-b4f0-4309-b665-9053a1183af8,797.17,2025-01-19T16:21:58,dining,62,Lucknow,wallet,30,881.33,0
b8d91e65-e6a5-4534-8305-eebfb4aea02a,597.88,2025-02-18T11:39:45,electronics,27,Jaipur,upi,29,274.68,0
574b70f9-ecea-43a3-9713-dbeb19193a53,1621.39,2025-04-22T13:54:54,dining,32,Delhi,credit_card,24,1978.7,0
1c805865-9cb4-4b71-8c6b-75be3572b645,114.9,2025-09-27T02:05:49,dining,44,Chennai,upi,19,158.56,0
836bf8a6-2f5b-4e55-9b78-e99261aff0e8,252.38,2025-04-20T02:35:25,online,39,Kolkata,debit_card,27,225.98,0
a7cc9948-8b18-490e-86a0-ef676a9dd416,540.0,2025-07-20T09:01:26,fuel,37,Chennai,wallet,18,325.55,0
81bb783e-59ec-46b9-813e-d406d8072051,101.03,2025-10-03T11:05:51,grocery,25,Jaipur,debit_card,30,73.5,0
d84c3887-935c-49a0-a133-586fe61a6a24,735.39,2025-09-05T19:02:35,grocery,27,Kolkata,debit_card,33,709.38,0
1e5075bc-f999-47a5-8a91-4918fe08968c,968.04,2025-09-11T02:54:31,electronics,45,Mumbai,credit_card,28,616.27,0
c1c0b5a5-6c95-4e0b-b42c-5c34b97a31b3,769.21,2025-03-25T18:47:16,fuel,32,Chennai,netbanking,20,1024.71,0
db58d9bc-1dac-42b4-9fb3-df5c595b7ecb,550.28,2025-09-20T06:25:56,grocery,46,Delhi,debit_card,24,10.0,0
9ced903f-3a35-41a0-af31-453624ad40c7,223.89,2025-08-10T23:18:34,entertainment,36,Pune,credit_card,30,296.66,0
4d20be50-2309-43b4-8633-ed515e57a9be,171.72,2025-03-07T12:47:27,grocery,63,Chennai,credit_card,21,10.0,0
fd6dabb9-0946-46b6-98fe-c021fcdb9a35,1280.65,2025-01-15T10:37:42,entertainment,27,Ahmedabad,netbanking,22,1562.33,0
bd9f2307-de3e-4f9f-ac74-97bbd5bfa41a,1030.28,2025-06-22T00:06:55,fuel,29,Chennai,credit_card,25,639.9,0
21446a12-ed46-400c-b4a0-b7a2a9c51750,228.22,2025-10-01T04:52:16,dining,40,Jaipur,debit_card,19,173.39,0
fc47b178-f326-4889-9546-12695bcf152a,165.23,2025-03-12T06:07:40,online,42,Bangalore,upi,36,136.53,0
85753852-3fae-4d09-892a-41c91ea65251,178.27,2025-05-22T17:57:07,grocery,22,Ahmedabad,credit_card,24,380.25,0
8c6f46d4-2077-495c-993f-8b08d59cc402,6203.78,2025-06-11T02:27:14,entertainment,29,Mumbai,credit_card,12,7035.61,0
b8e35ca9-5346-4274-8a6b-1a3ce54c4607,610.99,2025-04-30T02:30:29,grocery,35,Jaipur,netbanking,25,387.11,0
c3c58747-d4d5-49dc-a233-3ceff39eec88,928.82,2025-02-19T13:28:06,travel,36,Bangalore,debit_card,33,223.4,0
fe875641-0d4f-4e7e-90fd-5d2c77a211b8,237.14,2025-03-19T06:46:19,grocery,39,Chennai,upi,18,10.0,0
71700a41-d4da-4d6a-9b3c-7e1d0b64e6cb,349.19,2025-01-25T01:17:45,travel,38,Pune,debit_card,27,315.31,0
17f8df12-8613-4211-b84e-9ea03fb97c8e,663.01,2025-08-11T07:03:54,dining,25,Bangalore,upi,19,108.0,0
d38431c8-5fcd-4836-97c5-255d7c0435f7,46.74,2025-08-07T18:02:56,fuel,46,Kolkata,upi,24,10.0,0
878243c6-f46c-492c-9171-890187f6c156,721.17,2025-09-15T06:26:55,entertainment,43,Pune,debit_card,26,999.27,0
23ede6d6-7bfb-4730-ad3b-c9473c6b670c,305.34,2025-02-12T18:40:40,entertainment,23,Mumbai,wallet,22,424.62,0
8489b2d2-3b99-463f-bafd-86cd23253c57,453.9,2025-09-10T12:24:29,fuel,52,Hyderabad,debit_card,28,274.91,0
aeaf1a09-c954-4234-8aec-78aa38036917,249.63,2025-01-10T06:52:54,travel,36,Lucknow,debit_card,22,62.81,0
6f6a59a7-7b70-45fb-94dc-4d35bbdd98fd,239.31,2025-05-14T05:43:10,other,18,Jaipur,wallet,22,10.0,0
1d683a77-62f3-4616-8353-1d23d5f59ca6,493.55,2025-06-12T12:16:28,online,23,Pune,debit_card,22,144.99,0
51f072f2-ac82-468c-b71c-f412555a6a28,1161.61,2025-02-11T18:12:58,dining,18,Delhi,debit_card,32,1710.59,0
18b51a87-206e-402d-87ff-ea4271261b64,390.27,2025-06-12T21:46:37,electronics,31,Kolkata,upi,23,198.85,0
82e34c33-1434-4ee9-9695-0da168377cee,411.85,2025-01-29T02:26:29,online,45,Hyderabad,upi,23,440.52,0
cbdf078a-283d-4829-91d3-4fe1e7b2eb86,8002.76,2025-09-17T16:09:19,other,34,Delhi,debit_card,26,6140.82,0
659233e2-58b3-4494-88ef-db8f6bae68ab,130.9,2025-04-04T13:40:24,electronics,28,Kolkata,upi,28,35.73,0
5b4c894e-2b8d-44a9-a3f4-639401a42b7e,202.47,2025-03-05T05:04:32,other,48,Bangalore,wallet,28,242.27,0
d114aaeb-40f8-47c5-97de-ed3d4ce84770,973.06,2025-07-17T13:29:30,online,47,Chennai,upi,17,450.27,0
6f70f89e-5c53-42a2-89a0-c60cf1bf7eab,676.79,2025-07-09T15:02:48,fuel,18,Delhi,credit_card,28,421.63,0
1ffe73e2-7dfa-4923-bf91-402026ba4bf6,1187.31,2025-03-05T08:00:35,entertainment,52,Bangalore,netbanking,34,836.77,0
5a0d75b3-a04e-4376-bdff-e7c74c6362b1,440.0,2025-07-01T01:09:01,travel,38,Jaipur,upi,20,327.11,0
5fb23640-58c4-4939-812f-4b1e157c1a8e,644.09,2025-05-19T22:50:36,electronics,64,Kolkata,netbanking,26,610.72,0
4298095d-a0a8-4c88-b940-adbd3599fd77,187.88,2025-07-08T20:48:55,grocery,33,Mumbai,debit_card,13,115.43,1
eef1c3c3-fe29-4f7c-855d-49f4782bbc60,999.85,2025-04-05T21:08:42,grocery,27,Mumbai,credit_card,26,1100.32,0
e62f053f-c828-44ea-85a0-314f0bf18717,783.38,2025-07-22T13:00:30,grocery,35,Pune,debit_card,23,775.55,0
f2d485cb-f6a9-4aaa-ae07-cc233491a134,126.35,2025-02-01T14:37:38,online,50,Kolkata,credit_card,23,10.0,0
1e6f2a15-1dbf-44d5-a4a5-4dfe953b65a2,86.05,2025-01-16T16:57:22,online,21,Delhi,upi,24,139.63,0
cfc01f7f-dee3-48c4-99b5-d405b29508f0,823.0,2025-01-11T18:45:30,travel,47,Ahmedabad,upi,29,305.26,0
5e818e21-019b-4daf-82e0-3b037cb0509f,281.05,2025-04-21T08:03:32,grocery,45,Hyderabad,netbanking,26,79.46,0
1562a6ff-b77a-4fbe-9b02-86186db2f0a9,489.87,2025-01-10T10:14:13,online,38,Hyderabad,upi,26,497.87,0
64b02673-3614-41d5-824c-e4dade7a19ba,1285.59,2025-08-20T21:02:04,dining,29,Lucknow,netbanking,26,364.19,0
1ea6da0d-22fa-4d96-958d-9525f604b645,107.03,2025-08-10T16:59:28,electronics,22,Jaipur,debit_card,31,99.86,0
137537a7-3645-4c24-9b9e-f20c3a092d71,69.34,2025-01-20T17:00:10,electronics,28,Delhi,upi,25,115.59,0
5992a786-89f0-4264-8484-49a83a757e75,4184.23,2025-07-13T09:03:23,fuel,43,Hyderabad,debit_card,21,3789.63,0
046fe02a-4b2a-4492-879b-89ba9664db7d,577.25,2025-07-10T18:52:26,travel,33,Mumbai,debit_card,33,682.15,0
dd1a92c6-4fa0-490d-b77b-4cc5e3cf4e8a,160.99,2025-02-10T06:46:44,other,63,Delhi,credit_card,25,110.11,0
430d7e07-af29-4862-bffa-1d936966a1af,35.41,2025-01-14T04:04:46,grocery,56,Ahmedabad,credit_card,31,10.0,0
9f69ddfe-94b6-4620-be69-acfa2c62d73a,497.04,2025-10-22T08:28:49,electronics,30,Bangalore,upi,23,502.36,0
14f8fd08-ff7a-4904-a2d8-3b1c10ef805e,631.7,2025-04-03T23:59:58,electronics,44,Pune,netbanking,31,616.36,0
cc77eee6-1a5c-4ed2-ab71-dbf982fb838e,235.35,2025-06-04T09:43:19,online,43,Hyderabad,debit_card,27,96.86,0
8c17583b-8199-4571-b593-1f201f2f6463,91.97,2025-08-15T06:42:28,entertainment,18,Mumbai,debit_card,21,10.0,0
dcb840fe-ea6e-4065-a95b-6d6f2267b579,166.61,2025-10-14T21:30:16,grocery,46,Ahmedabad,debit_card,36,330.9,0
ee9d8d34-088b-49db-a2ae-c37766a91e55,150.11,2025-09-26T05:28:44,other,22,Ahmedabad,debit_card,32,57.72,0
e397afd2-1a8f-4c4c-b259-9302fda4d979,446.48,2025-04-20T07:21:01,electronics,34,Bangalore,upi,24,269.15,0
01f40312-1931-4083-b73c-316cd133ba0a,141.54,2025-09-20T18:21:29,dining,43,Ahmedabad,debit_card,34,267.57,0
802c3855-6877-4847-a85e-277394be69fd,1814.42,2025-03-02T04:02:01,electronics,27,Kolkata,debit_card,21,1855.31,0
9fe71df6-9a6b-457b-970c-0b9267cd6ae6,60.44,2025-04-08T14:07:29,online,29,Bangalore,credit_card,23,10.0,0
a91d1814-0120-4543-a484-9e8c8da1bddc,443.12,2025-08-01T19:06:35,grocery,28,Jaipur,credit_card,27,441.46,0
d5edb1e2-e832-44d6-8cf3-0685c6b6acc8,2002.96,2025-08-01T13:07:32,grocery,41,Mumbai,wallet,30,1393.65,0
18a6034f-60fb-4e9b-b5ad-c93890b9f682,839.26,2025-03-24T05:18:55,online,43,Jaipur,debit_card,31,809.55,0
a1e89c6e-856d-49ed-b228-4e51d465bf88,121.4,2025-08-24T20:40:50,online,33,Delhi,credit_card,29,139.13,0
cb4a4671-b422-4102-bc6d-0400cc62832f,428.08,2025-07-31T20:35:27,dining,73,Ahmedabad,credit_card,25,300.01,0
b963f098-ed92-4dfb-af97-dcb13f8d821a,134.82,2025-09-17T14:07:46,grocery,34,Chennai,upi,22,37.13,0
9ad64e5e-6f18-44e3-b3ab-f010a008767b,91.83,2025-02-18T20:16:06,electronics,46,Kolkata,debit_card,23,167.9,0
88eaceee-89aa-45b3-b934-f0919b35edc7,186.04,2025-05-10T19:55:17,online,49,Kolkata,credit_card,20,89.68,0
6e46053b-6715-434c-b374-78d1db0dc343,643.5,2025-10-02T10:03:50,grocery,35,Lucknow,credit_card,40,882.68,0
9d048f0f-b58b-4d1a-b145-1e3a54f747d5,119.21,2025-03-21T06:47:20,electronics,18,Jaipur,upi,27,25.27,0
c01241e0-dc1d-4b84-a864-9b1b93e60728,2813.77,2025-05-18T09:45:35,grocery,30,Delhi,credit_card,21,2983.11,0
fa48a721-ed77-4864-9d87-efa1f0915107,1235.74,2025-10-12T00:28:58,grocery,41,Lucknow,upi,27,1048.36,0
0afc61ea-3797-4588-980c-ca8e9b4a2ebf,872.58,2025-03-08T03:28:57,online,38,Lucknow,upi,20,1227.97,0
e1c11d1c-6cc9-4aca-80d3-29d70c79ca41,537.53,2025-06-03T19:37:48,dining,41,Bangalore,upi,27,600.62,0
ac6b23c7-eafd-4e9a-a6d9-ff6d62966d09,598.9,2025-01-05T02:58:04,electronics,44,Jaipur,credit_card,23,584.84,0
cf547c10-fa3e-4eac-b725-5e29b6fe1995,939.17,2025-04-25T23:38:47,dining,34,Ahmedabad,credit_card,27,802.54,0
e5208122-28e8-4c9f-84db-11cc3adf8e43,477.81,2025-06-11T11:59:23,electronics,47,Mumbai,netbanking,27,796.27,0
da71ea3f-ce05-4290-9b45-cfa32c4fa036,68.24,2025-07-14T19:07:14,entertainment,18,Delhi,netbanking,22,10.0,0
b3ff4786-ca65-477f-a2c5-379c068a579c,532.33,2025-05-03T21:37:53,fuel,33,Mumbai,wallet,18,605.38,0
c4899e4e-0aa6-45f9-962e-27f413337c40,359.77,2025-06-16T00:20:14,electronics,47,Lucknow,netbanking,30,106.9,0
3bcdbdd5-de6d-4208-bbfa-2b7daba587d0,1301.62,2025-05-31T22:33:13,electronics,18,Hyderabad,netbanking,32,10.0,0
cb555905-c7a5-409e-b624-0411fffd11dd,31.38,2025-08-05T13:53:25,travel,25,Pune,debit_card,25,47.34,0
23b0174e-4a1f-4c1b-b077-b44f319a7642,757.38,2025-02-06T10:46:00,fuel,42,Bangalore,credit_card,25,224.01,0
0a85371d-9a59-469e-9b6f-3dc232f6a4c5,1240.81,2025-05-05T17:34:50,dining,63,Bangalore,upi,24,731.75,0
bb4ce639-0567-4568-8339-9071cc5d216e,385.13,2025-10-07T22:30:57,dining,61,Ahmedabad,upi,20,286.24,0
fe40c5bc-4a04-4ae9-9b15-3efab4883579,383.65,2025-06-18T04:53:01,fuel,28,Lucknow,credit_card,25,366.59,0
b0cad2a3-f6bd-4dee-8d44-e84c8c809085,310.19,2025-02-25T00:47:01,entertainment,55,Bangalore,credit_card,24,56.72,0
45ec663e-a517-4c8a-818d-571993d9acee,599.89,2025-05-16T03:26:44,dining,38,Hyderabad,debit_card,22,191.46,0
bb5ab90c-9fb7-4514-8515-cbf8ff4826a1,2801.35,2025-07-17T00:27:08,online,34,Delhi,upi,25,2774.25,0
06b203ad-80ea-4265-8a51-39d0541e7d58,667.15,2025-08-23T14:06:42,online,55,Pune,upi,29,700.98,0
143fead3-1538-47d1-8e01-e1a9bde57f6e,113.97,2025-02-17T14:29:16,electronics,18,Bangalore,debit_card,26,28.14,0
547e0daa-c88d-44a7-adc0-c30a0c5f6b66,101.41,2025-06-29T22:21:12,entertainment,42,Lucknow,upi,20,10.0,0
45f78a9c-4e86-4442-af4e-f56eb9df871b,195.66,2025-07-27T16:59:03,electronics,48,Hyderabad,upi,21,140.65,0
e1dce15e-d644-45e4-9c4b-acd55c25e840,792.69,2025-05-19T10:57:54,other,44,Ahmedabad,credit_card,28,501.74,0
90438ff0-ce2e-43f2-9ebb-4ea6ab961108,279.81,2025-06-17T04:49:39,grocery,43,Delhi,netbanking,24,455.12,0
c15aec54-10df-4788-af2b-92230306a45a,521.83,2025-09-01T19:32:17,online,33,Hyderabad,credit_card,21,207.47,0
e02e6c15-d110-4897-9a32-87052ebeb469,582.45,2025-04-04T20:00:05,fuel,55,Bangalore,credit_card,28,473.85,0
5d93be45-25df-4fd3-81cc-9c846823bfba,58.76,2025-04-28T04:16:26,grocery,19,Bangalore,debit_card,28,80.81,0
25c9f467-f600-482a-a116-f3380e8783a3,604.51,2025-03-05T11:46:42,other,18,Delhi,upi,30,346.56,0
e948382f-347d-415e-88ff-933e8bfb2332,125.86,2025-10-10T12:10:56,grocery,55,Kolkata,credit_card,16,166.53,0
ece2c1bd-a02e-4b86-927d-9511352042c1,446.92,2025-05-16T20:57:34,other,31,Delhi,credit_card,29,513.36,0
a935cc59-6986-441a-9433-c6e5db502fbf,137.24,2025-05-01T13:35:16,grocery,74,Kolkata,netbanking,27,71.56,0
082b2086-3a1c-4e32-a6be-d158110a8293,506.39,2025-03-15T21:15:33,online,46,Pune,upi,23,283.31,0
7f8f51fa-9381-49ea-899c-0d8a56069aab,765.39,2025-08-21T18:33:46,grocery,39,Pune,debit_card,23,521.48,0
96e462c9-180b-4fcf-9810-d42d8bc56ad4,108.52,2025-05-23T11:38:49,grocery,34,Ahmedabad,credit_card,19,81.72,0
c4668f84-c34e-455e-8b1b-50b32917ad01,107.39,2025-03-11T18:02:35,grocery,25,Pune,debit_card,23,102.3,0
6d49d495-5448-40a5-b47b-d675d2bffe1a,235.63,2025-09-06T19:03:44,online,34,Kolkata,debit_card,29,202.56,0
e06b6f23-50ee-4517-9f26-3672809c9705,2208.97,2025-03-26T13:49:01,travel,29,Hyderabad,upi,26,2110.74,0
9dc4e916-20a6-4da3-92e9-5ee7b0e12476,296.85,2025-02-28T13:11:56,dining,48,Jaipur,debit_card,25,369.78,0
6904f30f-0180-4655-b19c-c23a8e0c9644,2251.11,2025-02-07T19:12:52,electronics,34,Mumbai,netbanking,25,2597.03,0
03140de6-1631-4e9d-8991-8de5277f97a2,448.02,2025-03-25T19:47:39,grocery,40,Ahmedabad,credit_card,21,439.92,0
a85c7019-5d6b-45b1-94fb-ace0ad4af6e9,434.52,2025-02-12T21:36:29,travel,43,Bangalore,wallet,32,441.33,0
19223dd7-5820-4d33-b362-72602ac8c85b,6169.22,2025-06-26T16:19:05,online,65,Lucknow,netbanking,27,4665.84,0
28943e40-3cc3-4f37-8035-844e0131cc52,1004.3,2025-01-13T00:25:32,electronics,37,Ahmedabad,wallet,30,1107.14,0
3bffa159-a780-4fb0-8dea-0f5da3ea0ef0,599.27,2025-04-23T17:47:46,online,40,Delhi,credit_card,23,655.94,0
27950a4c-8e41-4b3b-95e1-df7c58b56cfe,40.75,2025-09-09T18:05:55,grocery,58,Bangalore,upi,20,127.92,0
9281389f-f8ae-490b-a98d-8074988166cf,516.63,2025-07-03T05:32:57,electronics,43,Bangalore,upi,18,567.88,0
de1a3b20-42bf-43f6-b563-c35b6dd90e38,199.54,2025-01-06T17:55:10,online,36,Hyderabad,credit_card,22,50.14,0
b4ac3051-7985-4176-8b28-08bd44d81338,1524.31,2025-07-16T00:21:40,electronics,58,Delhi,upi,26,1562.96,0
708793a4-5a86-4429-9404-04a7a66837ba,676.9,2025-04-15T01:34:44,dining,61,Bangalore,debit_card,22,126.62,0
7abc7dfd-3d24-48a3-a8a7-881a0c956b0e,816.09,2025-01-19T13:01:15,grocery,35,Ahmedabad,upi,24,597.77,0
cb8fbe18-2fa9-4596-8b67-6a0b52e2c312,674.07,2025-09-29T07:23:25,online,56,Lucknow,wallet,30,439.64,0
67df7e14-08e0-4b93-a3f9-0de99d42c910,1633.01,2025-03-30T12:31:15,electronics,29,Mumbai,debit_card,26,1081.73,0
da851830-9f5b-4eb1-9633-f695896f4853,573.26,2025-02-11T03:02:38,online,39,Jaipur,credit_card,18,397.05,0
86483504-d4c1-4540-ac2c-a075ad84f4d3,3295.66,2025-09-27T12:22:57,travel,47,Jaipur,wallet,16,2385.84,0
1f6bd9ab-cdb5-420f-9eef-93072fc324e1,488.78,2025-03-09T21:10:54,entertainment,27,Delhi,upi,25,441.71,0
4a1b0585-ebe5-44e3-b9e5-d573e3e93293,49.47,2025-01-16T02:30:59,grocery,27,Mumbai,debit_card,21,71.09,0
7f3392e5-cd02-4ef4-848d-345edd03f399,363.94,2025-04-16T05:53:51,travel,53,Mumbai,debit_card,20,49.3,0
24c2b637-1f00-4a51-8fb5-cc1fb77723e8,1510.64,2025-09-05T02:05:23,travel,32,Mumbai,credit_card,20,940.16,0
713d04a2-88e3-4d3c-bf87-45c78a71ef05,332.5,2025-03-16T22:21:34,fuel,42,Delhi,wallet,26,245.81,0
b0425eae-582e-4da8-bfa8-146c4dd504e4,491.67,2025-01-24T00:58:55,travel,43,Chennai,upi,35,267.56,0
8047b49f-476c-4902-af0b-cdbc9bb25a04,2334.73,2025-06-09T11:57:33,dining,33,Kolkata,credit_card,23,2106.01,0
354bbf8e-c91b-4db5-bf76-3eef749234f3,76.25,2025-05-31T17:28:35,online,41,Jaipur,debit_card,31,10.0,0
4482a8e2-4472-4861-9091-84b9f8525e93,299.17,2025-01-13T21:58:38,online,30,Pune,upi,30,260.56,0
91325f8f-96c5-4d4d-95b3-1e4453ad5b1e,902.76,2025-03-17T08:25:07,entertainment,35,Ahmedabad,upi,26,1043.81,0
476ae439-64b8-4f9f-8abe-f641fe50443b,663.0,2025-09-04T03:04:23,dining,33,Mumbai,debit_card,30,940.96,0
72763f69-24d3-44d6-95a9-a2118393a2f9,97.28,2025-04-03T03:57:29,fuel,44,Jaipur,credit_card,19,108.62,0
7919f81d-155e-4e79-92b0-77a1cab41f15,1278.67,2025-02-18T21:44:15,electronics,57,Kolkata,netbanking,42,1235.92,0
79e1b3a6-cdd6-430b-a0a3-f11e8edf5c6b,49.39,2025-01-09T14:17:50,fuel,53,Hyderabad,netbanking,22,10.0,1
15f480c3-3139-4a3f-8139-70d7573bcce2,429.9,2025-06-19T19:42:57,online,29,Pune,upi,14,421.28,0
3021efaa-3786-45af-849a-28698cd318f8,357.19,2025-04-12T05:40:14,entertainment,27,Pune,credit_card,29,10.0,0
a670ec7a-4604-467e-b16b-243e8b4dcaeb,103.42,2025-06-21T14:22:13,online,39,Pune,credit_card,19,10.0,0
dd54233b-9e20-49d0-8a87-b86096984e7b,362.75,2025-07-29T03:34:42,electronics,33,Hyderabad,credit_card,22,57.24,0
db4f40f3-7a00-49b0-89ba-646967722136,1183.54,2025-04-30T02:20:36,grocery,44,Kolkata,credit_card,25,759.16,0
46655d29-8984-4e29-8b7d-feb936961443,269.48,2025-05-14T22:22:54,fuel,55,Ahmedabad,upi,31,239.81,0
bca5bfe3-cddb-45b8-a0fc-d0d2f62b513c,141.52,2025-08-18T14:36:58,electronics,29,Ahmedabad,upi,15,176.43,0
a4bbdfe5-a6f3-44da-9d3b-c2a98121f01f,101.76,2025-07-15T03:03:42,electronics,47,Jaipur,netbanking,23,64.58,1
e4cc99be-8691-4a31-b714-e519d2855b9c,328.92,2025-01-09T08:32:10,fuel,34,Mumbai,upi,28,436.62,0
1745cbed-47f0-4f6b-8c45-ce7a4dfef0ae,111.69,2025-01-08T09:43:33,travel,41,Kolkata,upi,23,10.0,0
f7084376-5696-4d78-9108-f90cd7c0c116,3267.29,2025-09-28T01:54:05,online,40,Mumbai,netbanking,27,3481.29,0
d769aa9d-5453-4646-9d54-0502561e82f0,166.93,2025-05-13T17:02:20,grocery,33,Mumbai,upi,26,57.47,0
8d1c1d01-4855-46d2-9b5e-b9b04c5bf5af,266.32,2025-01-01T00:13:16,online,41,Mumbai,upi,19,386.1,0
9b9e41bd-fbfa-4cd4-be44-6ff06d267d1f,249.64,2025-02-11T09:42:41,grocery,18,Pune,wallet,24,359.19,0
5a79c629-1b94-4c61-b4bd-f69837fac88e,2550.47,2025-07-24T15:46:48,electronics,26,Bangalore,debit_card,29,2194.9,0
c0bba12b-203c-4136-b780-2c3f5de52e0c,459.29,2025-07-22T02:39:08,online,35,Chennai,debit_card,30,420.03,0
86a6b1f0-a106-4f4e-ad0b-8fd9cc57ae82,126.12,2025-08-20T10:53:12,fuel,26,Pune,wallet,25,94.37,0
4c40dfc1-b178-4f53-a103-32a4702a49a6,192.23,2025-06-29T13:53:05,fuel,19,Mumbai,wallet,26,262.61,0
e8388f1e-86a7-4a9b-99ef-5fdd638ca248,2697.37,2025-10-05T05:34:31,other,40,Hyderabad,debit_card,34,1317.2,0
b9b55383-ffb8-4c38-a553-6ccf045189aa,941.93,2025-04-14T16:29:59,online,18,Bangalore,credit_card,19,428.29,0
cbe6d093-e8a2-4357-8396-c9924f901757,347.24,2025-10-23T17:47:53,grocery,50,Kolkata,debit_card,27,339.54,0
830d07ff-eefd-475a-830b-09cd746c71b0,1990.26,2025-05-01T10:31:29,travel,59,Mumbai,credit_card,28,2563.25,0
105cf90d-b1e8-4d04-9358-e76de914f140,173.08,2025-02-04T22:38:25,electronics,34,Chennai,upi,16,117.64,0
79f21341-f2e7-47d3-9ada-25a5cd455220,316.13,2025-06-28T16:53:41,grocery,24,Lucknow,debit_card,25,401.78,0
4c5d7419-92f0-4323-96cc-d2d06d1bc06f,139.53,2025-07-23T13:08:11,travel,30,Lucknow,wallet,20,102.31,0
cc2dd3bf-414a-462e-8e45-15f38b627732,495.44,2025-05-25T09:12:04,online,43,Hyderabad,upi,23,12.72,1
7e2f4e41-081c-40a5-bd62-2d94d945172b,331.9,2025-08-14T15:19:35,entertainment,21,Lucknow,debit_card,20,151.07,0
6aea07db-abb4-41fe-9974-1c8471af4ce4,27.73,2025-01-05T08:53:00,electronics,19,Pune,upi,20,10.0,0
8b9ca79d-4f95-428b-9739-14d826ce83c4,471.1,2025-03-10T00:45:46,online,57,Pune,debit_card,19,285.49,0
e359ee53-22ac-4c92-a1fd-1d65cfde7ec2,16.08,2025-04-25T20:02:43,online,62,Chennai,debit_card,26,10.0,0
4eabc630-a828-423f-afea-5a5d596153b1,21.89,2025-04-10T02:49:06,fuel,54,Ahmedabad,debit_card,16,10.0,0
9c53b222-ab4e-4856-8baa-2e4aeea8c780,573.11,2025-02-12T18:24:25,travel,39,Delhi,upi,19,713.16,0
015b5611-679c-4dcd-a0f3-ae27255e6bbe,274.04,2025-10-24T13:29:16,grocery,38,Lucknow,upi,29,34.95,0
f00e8d33-8d79-4b18-ad06-0920d26e3bd5,798.57,2025-06-14T01:53:16,dining,50,Delhi,upi,27,984.63,0
fc263cf3-a53f-4551-9960-822593ca7a1e,5103.71,2025-08-10T21:43:00,fuel,35,Ahmedabad,netbanking,22,6789.9,0
0e249658-8b8a-404e-860d-6899c5ded183,168.16,2025-05-05T17:53:37,fuel,43,Pune,upi,15,10.0,0
1fca15c5-464f-424f-9c34-5b284a75ba69,90.54,2025-08-08T06:19:59,online,25,Delhi,upi,19,234.15,0
b035f2d0-eee9-4edf-b2c3-fdd3740c8d63,382.25,2025-08-23T01:31:51,fuel,36,Hyderabad,debit_card,29,315.83,0
db9f636a-f3f6-4efd-8c0b-70cc7445669a,771.46,2025-01-19T06:41:12,online,34,Delhi,debit_card,22,635.23,0
8221ff17-1eb1-4ac3-93eb-e0282bfb452a,151.36,2025-07-07T16:54:35,fuel,37,Ahmedabad,upi,32,210.41,0
4ad87fa3-99e8-4a4c-81c1-2b5f77215f27,2241.0,2025-10-01T21:53:54,fuel,32,Bangalore,credit_card,20,983.13,0
91f3f028-c941-4450-8937-8cb0c90fd63f,747.15,2025-08-20T19:13:52,online,28,Delhi,debit_card,23,890.61,0
7bda2134-e7bf-46f3-b99f-00edd44d792c,5084.76,2025-07-18T21:47:45,online,20,Chennai,wallet,28,4597.38,0
dc26fae6-4eaa-4b91-9f37-7f9e345f7b63,3846.02,2025-03-13T17:16:40,online,38,Chennai,upi,27,2832.82,0
6e6f8055-bb6b-4dd3-911e-95bd0c20250e,333.99,2025-04-09T13:37:07,grocery,35,Delhi,wallet,24,144.86,0
2f9e7802-ff03-4b74-92d4-51c4dfc9f8ba,1259.35,2025-04-30T11:37:11,grocery,20,Ahmedabad,netbanking,30,772.13,0
a14c2447-4161-47e5-a541-914da2ebaca8,300.71,2025-09-01T17:12:47,grocery,43,Chennai,debit_card,22,80.77,0
26d3dcec-44b7-4ad0-ad81-f1ec00fefa38,397.11,2025-01-26T06:38:19,online,36,Pune,upi,22,385.67,0
bbc184d8-dc82-4d7c-8a90-31d146fbc0ed,741.52,2025-02-20T15:46:51,grocery,33,Mumbai,debit_card,31,685.55,0
32f1f21b-0863-49f3-be66-5fb5f344e33b,445.95,2025-07-01T07:03:12,dining,59,Kolkata,wallet,34,216.11,0
2bddc503-b697-4e91-ae80-301cc2d6866b,250.67,2025-02-11T18:34:38,fuel,28,Hyderabad,netbanking,28,85.81,0
5bcf71bb-4e2b-4329-8c25-4ff5ac521d13,226.55,2025-02-11T18:37:45,grocery,54,Mumbai,credit_card,15,29.45,0
6e5de132-c976-48dc-92cf-738711d80e77,192.83,2025-04-30T00:38:11,dining,36,Kolkata,upi,26,305.18,0
51ffd17a-49e2-48ec-a8e5-a9352042d333,134.97,2025-05-18T09:48:21,electronics,59,Delhi,wallet,27,185.67,1
110c19e6-8a35-40d4-bc77-2a419ca0fe53,1373.43,2025-05-24T14:40:29,entertainment,18,Delhi,credit_card,33,768.54,0
915dd2ff-e153-473d-a8f3-6cb5123fa542,574.7,2025-05-10T03:51:28,grocery,40,Chennai,credit_card,16,242.78,0
54a9f5f1-749b-4d45-a7e7-845de4409f64,303.75,2025-08-14T01:52:39,electronics,33,Mumbai,debit_card,30,511.76,0
f47852f2-eb08-4f05-a133-adbc4ae82e11,319.36,2025-10-24T15:39:06,dining,56,Lucknow,upi,21,220.46,0
dac86dcd-dc87-4a5d-88f4-d6bf10ef3226,1412.05,2025-04-08T18:20:44,other,39,Ahmedabad,netbanking,22,759.27,0
405b7f2d-6460-4ba6-98ed-8ddbaab92c54,57.5,2025-05-06T05:14:32,travel,43,Hyderabad,wallet,30,128.4,0
77ecd545-0a5a-43fa-acb2-0a54ec3d23ee,1096.48,2025-10-02T17:48:52,online,43,Pune,credit_card,20,572.24,0
8c6f9d1f-9ba7-4eac-95a0-a9bedbc18356,322.72,2025-09-14T04:23:19,grocery,40,Mumbai,netbanking,25,270.97,0
07b70dd4-a09d-4d51-9a35-38f6784ff4a4,277.98,2025-06-27T15:59:38,online,56,Delhi,debit_card,25,327.82,0
f9419fcd-8389-42a5-8a80-8088e6bba382,316.49,2025-05-05T01:19:08,grocery,29,Lucknow,credit_card,29,258.08,0
d6f9b5df-da78-4466-b123-0c5c7393ae9e,250.84,2025-05-24T10:44:39,online,66,Bangalore,credit_card,33,348.71,0
9bdeeb20-21d8-4f4b-9dd9-a2f7955f988a,1261.05,2025-04-17T18:53:45,grocery,20,Delhi,upi,26,1206.05,0
f8cdd7e5-fc4f-4134-a850-e3cdf0765cab,469.67,2025-06-07T19:47:38,online,46,Mumbai,credit_card,25,439.31,0
443fabc9-c462-44a7-82c5-6f4a6c41f7f2,182.44,2025-06-22T17:39:29,entertainment,36,Jaipur,upi,21,89.8,0
ad8d4209-373e-482c-837c-abb2edfcc895,125.53,2025-04-03T07:17:21,entertainment,37,Kolkata,upi,26,70.94,0
9820bd50-1cea-4a8d-8f77-011e12818b50,605.43,2025-04-01T10:32:02,fuel,45,Mumbai,debit_card,29,704.4,0
849b13b5-7f11-4538-b092-28d12724a818,74.74,2025-08-12T04:07:02,entertainment,35,Jaipur,upi,21,28.3,0
f6b51dda-3cd9-400c-b093-32ab02a488b6,207.9,2025-04-04T15:46:53,online,18,Mumbai,netbanking,23,184.26,0
7bce87b2-0a06-41bf-b8ce-1454bdae2a16,279.8,2025-01-16T09:05:48,dining,51,Lucknow,upi,24,505.44,0
b8ae47f1-3969-45a8-b42f-878db3ee80de,259.6,2025-01-09T01:26:49,travel,68,Bangalore,wallet,24,215.32,0
d0031976-1aaf-4314-a116-d2913988f010,129.09,2025-03-03T19:03:22,grocery,36,Delhi,credit_card,23,13.93,0
e1beafdd-6165-48d8-8981-a4d39840a38f,397.88,2025-07-30T06:13:58,entertainment,46,Bangalore,debit_card,27,489.02,0
4ba6af83-a884-46a4-aadb-0b4cc7262420,1452.5,2025-04-13T00:01:53,entertainment,36,Kolkata,upi,31,575.13,0
9504b086-410c-4305-a830-4d79cf548b90,111.69,2025-03-05T12:34:12,grocery,44,Kolkata,netbanking,29,164.35,0
bbb23adf-738c-4935-a4fb-970c0afb0f14,1712.53,2025-01-31T09:56:05,online,39,Bangalore,debit_card,15,1952.43,0
323487d2-8032-4f21-a00d-ab08db988708,161.14,2025-04-09T12:22:32,dining,45,Jaipur,upi,25,152.8,0
c78bce23-e688-4d9d-9ff0-46e1ea2fc139,3346.9,2025-05-12T07:33:40,electronics,28,Kolkata,credit_card,23,3484.36,0
d0341051-c735-4629-ac18-827deccf9e94,469.72,2025-01-19T22:21:57,travel,31,Ahmedabad,wallet,25,356.69,0
3d574c05-9c1e-49a9-897b-b85804289ae9,183.72,2025-06-01T11:21:44,online,30,Lucknow,upi,18,270.75,0
f51cd5c1-02e4-40b6-a643-0a173b63d703,377.2,2025-06-23T06:48:51,fuel,31,Ahmedabad,upi,32,332.11,0
c2aa077b-607b-4180-80a4-19cd63155e6e,1509.61,2025-07-25T13:15:23,electronics,38,Lucknow,upi,22,1647.02,0
091da737-f43a-4957-ad13-eecddca330e4,172.88,2025-09-13T14:44:54,fuel,23,Lucknow,upi,33,253.53,0
85cca5f7-2108-4305-9d90-1b26d0efb153,1304.26,2025-04-14T18:11:01,grocery,34,Jaipur,debit_card,32,1153.86,0
60f1e66e-16c1-4383-b8d3-2146e6952bed,934.55,2025-04-01T06:57:27,electronics,51,Kolkata,debit_card,20,212.08,0
b4fb7f4b-6a93-4bd2-91b8-ac30407eab24,625.34,2025-04-06T08:54:49,grocery,43,Lucknow,netbanking,32,704.51,0
1b1bc41e-e4d3-4f37-986d-2ec356aee9b0,120.48,2025-10-09T10:54:15,electronics,55,Mumbai,credit_card,21,10.0,0
d4464820-b312-41ab-a56d-3d283a5b1a51,133.43,2025-03-13T16:54:16,fuel,18,Jaipur,netbanking,20,53.79,0
56848c27-6002-4a78-8669-615b14f41b8d,160.03,2025-01-18T12:53:51,electronics,46,Lucknow,debit_card,27,304.08,0
4f3fe9f7-a2f2-48fd-848c-0962a694202f,812.22,2025-03-18T22:10:25,entertainment,18,Ahmedabad,upi,25,831.52,0
55fe6a83-9d16-4388-97d9-4d0271e60f10,75.88,2025-04-26T19:34:00,other,18,Hyderabad,upi,24,37.87,0
237122b3-b458-4ed7-9a9f-c95356315554,221.67,2025-05-01T12:13:03,dining,49,Kolkata,netbanking,22,131.56,0
0b4967fb-371d-4bb4-8db2-92aa3b198cae,209.12,2025-04-10T19:39:08,entertainment,32,Kolkata,credit_card,24,159.23,0
c8a8da74-9e3f-4eff-97b9-aaef6d50a7bc,500.45,2025-02-07T09:27:41,other,60,Kolkata,upi,16,535.53,0
72d0e9f6-298e-42b7-924e-ef3a6aa80510,138.91,2025-07-02T20:26:32,fuel,39,Mumbai,wallet,21,116.87,0
26603fdc-8dd5-4a90-a61c-5dee225f14bd,434.05,2025-09-25T03:10:29,electronics,30,Kolkata,upi,22,367.16,0
31045301-431d-4732-b4f3-c47b3c461eb8,694.69,2025-03-19T15:18:19,electronics,18,Delhi,debit_card,22,567.51,0
d93e31a4-cdcc-4a65-8ccd-3f98d8bb2489,3109.8,2025-08-08T22:45:17,other,32,Kolkata,wallet,21,1979.08,0
5871ec2c-7c94-4659-b80b-9735c3b17020,159.64,2025-09-13T13:17:26,online,42,Pune,debit_card,23,119.41,0
5d12d302-7db5-462c-8bf3-17577d73ce4d,1313.66,2025-03-13T11:41:08,electronics,31,Mumbai,credit_card,19,1075.07,0
d8e4d46d-196a-4f7a-90b5-6cd3ef4120fe,1175.32,2025-09-19T18:08:37,electronics,53,Ahmedabad,upi,28,903.34,0
f7fa8da8-26f6-4268-8c93-2f2c57112c67,930.26,2025-10-17T23:40:47,dining,34,Delhi,upi,28,700.72,0
f7da7a9f-ca7a-4da1-b670-4d5c425e84d4,43.64,2025-02-27T16:15:25,electronics,36,Pune,debit_card,24,108.06,0
d0871b78-d360-400b-9e0f-e54bc3545f1a,243.86,2025-06-28T20:13:37,online,40,Delhi,netbanking,24,343.69,0
db8ddbef-e532-4193-8cb3-a5b06f7222ca,136.58,2025-03-06T01:30:30,dining,28,Lucknow,credit_card,25,10.0,0
f48f14df-bfce-48ba-9b4e-f1fb4e9abf29,93.04,2025-05-10T16:03:49,grocery,28,Hyderabad,upi,22,10.0,0
2dfbdb00-29ba-45d5-94ba-8958bf6b8d4d,1130.91,2025-03-30T04:12:02,dining,30,Ahmedabad,wallet,31,967.36,0
53d97efc-fc21-4d66-8b89-17c30f4490cb,95.53,2025-06-20T18:56:42,grocery,18,Ahmedabad,debit_card,26,229.68,0
a4b79308-375e-439c-bf99-c66eeb521c4f,382.95,2025-04-04T01:41:38,electronics,19,Chennai,debit_card,21,373.01,0
6152374b-52f7-4d4c-ab4c-fc12e6fe7290,773.24,2025-02-04T04:33:15,fuel,46,Ahmedabad,upi,27,470.38,0
3467b6e2-c2e5-4a7b-9112-3ffd69f9c68e,59.36,2025-06-13T15:04:52,grocery,31,Delhi,credit_card,17,257.19,0
8ac1320d-6758-4f06-8120-891ef6394084,348.51,2025-02-08T17:25:14,online,48,Lucknow,upi,20,459.46,0
6eef5d6f-d3d9-44ab-9b89-267cdeba28f5,8457.03,2025-10-07T16:54:23,entertainment,41,Lucknow,debit_card,28,10207.47,0
0e2414d2-8616-42e2-b1d9-c172c0c52fe0,222.37,2025-04-19T16:30:47,online,37,Lucknow,credit_card,24,201.29,0
d6d779d4-5790-4cfa-b741-7e266fc4de47,274.26,2025-04-17T14:02:40,online,18,Lucknow,upi,21,265.75,0
672a8b96-9622-4a49-84a4-3e556f1251fe,56.87,2025-01-24T02:10:41,online,18,Hyderabad,upi,26,33.42,0
63eaa781-e3fb-4a00-b36e-253452f225e3,108.08,2025-07-09T07:33:20,grocery,28,Ahmedabad,credit_card,31,135.65,0
604a7143-2e7d-41bc-9d08-031cab7483cb,99.38,2025-02-26T11:16:18,electronics,42,Hyderabad,wallet,23,10.0,0
3acd815e-0a95-457c-8415-8d952d9aeb1b,56.91,2025-10-26T10:22:46,other,42,Bangalore,credit_card,31,90.63,0
1adc6f3b-344a-42a1-80a6-7acbfd6170fc,120.78,2025-08-16T18:31:14,fuel,51,Pune,upi,20,124.49,0
79ee5cac-2444-4bc5-8c18-5877867fc8fa,1022.89,2025-01-17T20:44:24,online,44,Pune,wallet,22,648.49,0
ba0c22c3-35a0-4c06-8e7c-e6164924e2e6,830.12,2025-03-07T07:38:53,fuel,46,Lucknow,debit_card,20,799.28,0
59ce9c97-0fd5-45e7-86bc-0dd75ac98a73,392.36,2025-10-01T11:45:25,entertainment,53,Lucknow,credit_card,24,277.6,0
6937a68f-11bb-45dd-b5d4-21e946ebbc42,93.91,2025-06-13T16:48:51,online,44,Mumbai,debit_card,16,140.36,0
64b522cf-22f5-4738-9de0-8df88d69c4e7,330.78,2025-05-16T17:02:26,online,26,Kolkata,credit_card,30,338.7,0
72599bd5-bb1a-44ab-a971-5bf5b20e6b8d,87.65,2025-01-12T16:50:46,dining,47,Bangalore,netbanking,28,10.0,0
7b91c3f5-3c2d-4f42-b3f3-3ba284fa420d,463.96,2025-04-25T20:24:01,fuel,39,Pune,credit_card,16,349.39,0
0d7caa82-2059-44e0-a15a-20b334b833e7,813.13,2025-05-23T05:20:56,entertainment,21,Jaipur,credit_card,19,953.45,0
f9f6d9e4-7433-4869-b5cf-3ca3a74345c8,149.2,2025-09-27T10:39:15,entertainment,36,Bangalore,debit_card,26,194.4,0
24d6329e-3bfc-4508-9d2b-d7c4c3df379b,1030.41,2025-10-17T15:13:48,entertainment,23,Delhi,netbanking,38,610.14,0
75e71ddd-68e1-491e-8fc2-1d3fb649aec9,176.92,2025-04-13T16:01:25,other,35,Chennai,debit_card,30,163.13,0
f53dddae-cf64-4284-8071-a496cbb44012,327.97,2025-08-01T13:48:05,online,52,Jaipur,upi,25,11.14,0
df58c072-dda6-43bb-af73-3de4a0597166,261.67,2025-04-28T02:07:40,entertainment,48,Mumbai,upi,19,218.47,0
fc36f7e9-7ad9-45cd-b9a8-58040c55e696,130.27,2025-07-06T14:15:42,entertainment,32,Jaipur,credit_card,28,133.55,0
9d84eaa6-06a3-44b5-9122-c1c180331329,84.81,2025-08-14T03:55:04,online,39,Mumbai,debit_card,29,94.72,0
00db66a2-edfb-40c6-bc22-76fdece2382e,1347.06,2025-05-05T16:31:12,electronics,43,Mumbai,upi,28,594.12,0
9e0a9cc5-06f5-4c67-94b9-dbafb1e420cd,2295.25,2025-07-05T14:58:41,grocery,46,Lucknow,wallet,25,1042.26,0
1341359b-d83e-4217-8dfb-259fdb537085,148.19,2025-08-22T09:29:30,electronics,63,Chennai,debit_card,34,171.32,0
d2392fc7-e7d2-4f16-bb17-8e12585c4a47,103.72,2025-06-25T17:49:13,grocery,49,Pune,debit_card,22,11.93,0
680a78ef-f3dd-4662-bed7-dc04096cad50,88.33,2025-06-09T23:49:12,other,32,Lucknow,credit_card,21,10.0,0
82d8237e-be13-4ec8-881f-3697e33fed98,368.34,2025-04-12T13:14:58,grocery,40,Hyderabad,netbanking,24,499.33,0
daaabf5e-842e-42ad-9b8a-f5a228bbdf5a,960.7,2025-07-07T02:57:17,grocery,41,Mumbai,debit_card,36,737.34,0
58357aed-8e29-42c1-8221-5c61153fa32c,691.66,2025-03-02T06:33:41,online,44,Kolkata,debit_card,36,585.88,0
63c0ce9c-9b9c-466e-83fa-cb4744d23f25,420.48,2025-10-07T16:19:17,online,34,Kolkata,debit_card,36,487.18,0
51dc7300-582d-462e-abf4-a25ffcca9a71,182.06,2025-04-08T00:47:18,online,45,Mumbai,credit_card,32,62.91,0
466975c5-4d72-4f4f-b40c-7f3f35659889,713.91,2025-10-21T16:25:15,dining,43,Ahmedabad,upi,31,840.57,0
a26b63ec-a9f3-4c44-b14e-8f80736f6493,457.6,2025-01-24T17:20:50,dining,40,Ahmedabad,upi,17,587.87,0
e575a379-49b0-4830-b6ef-f50bbd50ba71,952.69,2025-09-20T02:28:54,grocery,26,Pune,debit_card,13,423.41,0
9c1db44c-e455-495c-ac9d-b374bc7f0079,173.07,2025-02-27T12:02:00,dining,39,Mumbai,debit_card,25,77.94,0
1f93454b-2ca3-47f8-ae3a-1c56c75de8fd,440.69,2025-06-26T08:53:48,entertainment,30,Hyderabad,upi,21,10.0,0
791cdb98-2c7e-4ece-88ea-87a4ff3bfc55,355.63,2025-02-20T15:47:12,dining,41,Mumbai,credit_card,22,10.0,0
3a983a97-e490-4c5b-b49d-2dc822dadd35,86.92,2025-03-15T00:57:45,dining,29,Chennai,upi,16,64.55,0
2bd0888c-9f63-44db-a903-15582ae178fd,124.86,2025-09-03T11:45:49,online,66,Pune,debit_card,28,97.37,0
83b4f421-a091-4e19-95a6-5974c895d027,852.55,2025-06-13T10:44:15,electronics,35,Lucknow,debit_card,24,747.64,0
2ad3bcd7-700f-43dc-8e00-d1cb6e2a2a52,1350.15,2025-09-17T14:07:14,fuel,33,Pune,credit_card,26,1209.78,0
2410aafb-fa34-4ecb-8879-eb0d7f0d5632,2123.0,2025-07-29T19:34:12,grocery,53,Lucknow,upi,29,1459.23,0
415e8502-735b-448a-bd2e-32e0e70ad6c0,138.38,2025-08-06T10:27:58,dining,44,Pune,credit_card,27,160.94,0
28f7e720-d6dd-486f-aa4c-f0bcb4389ecb,568.23,2025-07-14T20:42:33,electronics,21,Ahmedabad,upi,25,180.2,0
20c95323-98e6-4993-beaa-a06485d973af,92.38,2025-02-04T21:35:18,other,43,Mumbai,credit_card,23,43.38,0
07574299-cee4-4ff1-855e-8d7c26d6fb28,141.03,2025-10-04T04:31:21,grocery,42,Ahmedabad,upi,23,48.83,0
276868e8-5eeb-4d16-8926-bb6b1f9db37c,132.38,2025-01-16T08:48:53,dining,18,Kolkata,debit_card,23,67.15,0
73c07123-6b6e-4e7d-a17a-780f3d48cf27,613.42,2025-08-01T04:02:38,electronics,32,Pune,credit_card,27,802.48,0
88346761-0d0f-457c-b4e3-931b1ffb1cc6,253.76,2025-09-10T22:38:34,fuel,24,Ahmedabad,netbanking,17,312.14,0
453f1da2-1b67-4a7f-93bd-72cca1c6fd6c,827.25,2025-01-26T20:10:39,dining,48,Pune,debit_card,22,533.18,0
ea9e9f4c-c11c-4205-86e8-752b26c1d79e,3399.25,2025-02-27T04:08:51,dining,18,Delhi,credit_card,31,4000.77,0
64e25aa5-b36d-4644-ac43-1c56ea9a5a4d,1878.79,2025-09-12T20:10:59,fuel,57,Bangalore,upi,15,815.76,0
905b79a5-758c-4934-b3c3-36f4377b9d51,306.4,2025-08-12T09:05:53,other,31,Kolkata,wallet,28,417.11,0
d74a69b6-8520-4916-8b7f-fd11dde52cf0,125.27,2025-06-19T16:20:43,dining,42,Ahmedabad,debit_card,26,96.57,0
10559896-6177-45a9-a0a9-6dc1f48627bc,122.01,2025-06-18T14:01:35,electronics,31,Kolkata,credit_card,27,10.0,0
22e676c0-333f-4d6e-80db-106c28dd70b0,355.57,2025-05-21T00:07:07,grocery,44,Mumbai,wallet,23,150.06,0
2dd0fbdd-e090-4e7a-8f34-07ccd39f3ba3,592.37,2025-07-19T10:41:22,grocery,40,Chennai,upi,30,434.46,0
8745c0cb-a069-44dd-bc06-94c658462d5c,218.99,2025-06-20T18:27:27,entertainment,38,Lucknow,upi,24,120.33,0
17a68d8f-7855-4991-ba58-65f4f3f11bc1,26.61,2025-06-24T15:26:33,travel,18,Ahmedabad,upi,30,50.77,0
08a5f7af-3965-4002-b0d6-92af99d93310,520.99,2025-06-09T00:22:36,grocery,48,Bangalore,netbanking,29,362.04,0
53ba2b38-25bd-4d46-bb58-e9cbaf7af2bf,139.55,2025-05-13T21:14:50,fuel,42,Ahmedabad,debit_card,31,91.28,0
448fe04e-54ab-45c4-8c12-1f151c9b7ebd,281.94,2025-04-05T09:01:51,dining,46,Jaipur,upi,20,191.12,0
159c7d38-8f5d-42f2-8822-4bbd6c21d233,909.97,2025-08-28T04:49:30,electronics,48,Chennai,credit_card,21,478.49,0
7d5c9df7-1c55-443a-b497-1d7c5eba4fef,2204.08,2025-06-18T15:26:32,fuel,39,Jaipur,wallet,32,1061.57,0
64118a04-e623-4cc9-8a13-867447d4bcf8,119.39,2025-03-28T10:47:04,fuel,61,Delhi,wallet,24,10.0,1
a20db771-a000-4547-8dcd-ebe0f2ab2472,1072.84,2025-10-12T15:17:29,electronics,24,Chennai,upi,31,526.98,0
0b9a1538-ce64-4ac9-a2cb-74b0ed74a634,3858.85,2025-08-15T03:07:51,fuel,45,Ahmedabad,upi,18,5911.94,0
10d225b3-9a97-4045-b600-ebd5ca146129,820.19,2025-04-26T01:59:06,dining,37,Mumbai,credit_card,21,940.18,0
f58bbc1c-8b7c-4458-97c4-73ddf23f7aa5,738.07,2025-07-02T07:20:11,other,38,Ahmedabad,credit_card,17,631.06,0
7fda5d6c-e93b-4b4d-8555-3e265bbb9d1a,621.35,2025-06-02T13:02:56,electronics,43,Delhi,credit_card,25,378.14,0
a8f30708-6749-4ff2-8224-fad433d77690,532.52,2025-08-09T15:20:14,grocery,43,Ahmedabad,netbanking,26,399.95,0
006b8f6b-4e66-47ce-98ee-04d1323c0f2a,4931.55,2025-02-26T13:11:56,online,27,Kolkata,debit_card,28,5166.93,0
8cb8951b-b444-4c11-9cf0-57a51965e880,51.16,2025-03-19T14:40:35,grocery,36,Mumbai,credit_card,21,61.18,0
1afd7ec5-484c-4b16-8e29-066a17c35f94,738.52,2025-04-26T22:31:49,dining,59,Pune,upi,24,647.71,0
8a24f6a4-10ad-40e9-8d0f-189788402392,840.05,2025-05-31T21:54:53,online,35,Delhi,upi,17,429.85,0
1205c461-08c2-4690-961c-3431374415da,313.93,2025-04-01T11:58:05,travel,55,Mumbai,upi,21,289.19,0
de4d0c0d-8ebf-4dbb-8d81-979f150ba8b4,61.55,2025-08-31T03:10:13,dining,52,Lucknow,credit_card,29,62.74,0
4826c424-5fa7-42f3-b5f3-4d6bf4d804c4,3917.71,2025-06-27T01:13:46,dining,42,Ahmedabad,upi,18,6731.27,0
dce97dd5-0299-4c5c-b087-0a45bbeb7cea,780.73,2025-06-16T18:16:11,online,49,Chennai,credit_card,27,227.3,0
4905cd07-205d-42a1-924f-f1d152e65755,360.61,2025-08-15T21:45:48,online,27,Hyderabad,netbanking,21,418.1,0
1b524b4a-23bc-4cd1-827b-321dd0882cbd,139.44,2025-03-13T19:27:46,dining,31,Lucknow,credit_card,26,70.87,0
45007a3f-8b26-4dbe-b90a-ceb5b3da8333,1678.56,2025-03-25T17:50:15,fuel,32,Chennai,credit_card,15,1542.7,0
fb8272fc-9f60-4029-a519-dd8aa851f992,4129.27,2025-03-11T22:57:01,entertainment,42,Kolkata,upi,23,1965.46,0
85f5d588-86b6-49e7-bff5-5fb3884e2ec9,67.16,2025-03-27T03:55:22,dining,30,Lucknow,upi,23,95.7,0
8efc7de8-99a4-4e95-a48d-4d862a5386b2,264.13,2025-09-03T09:20:13,entertainment,18,Kolkata,credit_card,21,10.0,0
c099b7bb-10b2-4a00-93ce-8f9e58309636,132.56,2025-05-21T13:55:58,fuel,47,Bangalore,credit_card,30,33.78,0
8c5373cd-6633-4e97-a3b5-ffea79739854,76.63,2025-10-08T00:52:36,travel,35,Chennai,upi,28,50.7,0
b76da56a-7b36-4b94-b85a-618fe3713b3a,759.46,2025-09-14T00:57:07,online,52,Lucknow,upi,24,103.14,1
a3286b63-00b8-4f2a-a567-684589789e21,1553.11,2025-06-21T16:40:09,other,35,Mumbai,upi,26,1264.36,0
2b96090a-15bd-4c88-93da-e7b6a7019980,80.78,2025-03-28T04:08:15,dining,46,Chennai,upi,19,138.84,0
7015b437-ce55-48d4-8de6-3f0166eb52ba,338.86,2025-05-25T13:40:52,dining,32,Chennai,credit_card,23,10.0,0
0b56923b-a2e0-48c6-a45d-6a16a130ebaf,573.04,2025-03-19T22:31:11,electronics,30,Pune,debit_card,17,416.22,0
dfe924bc-5039-4c8e-9e5a-ee42bbc389f1,235.62,2025-04-11T02:40:13,electronics,57,Kolkata,credit_card,30,194.93,0
9ee8d70f-bea1-44e8-a100-429b646cb66f,727.69,2025-10-07T15:19:46,online,44,Hyderabad,credit_card,30,759.15,0
8366d713-f0c1-4fbc-b88e-ca3f474ee547,414.59,2025-10-03T13:21:18,entertainment,27,Delhi,debit_card,18,447.83,0
d79b1a49-8d3f-4b1f-8a4e-e98953bc15d2,449.94,2025-04-10T07:08:31,online,58,Pune,debit_card,26,378.98,0
4753ce54-9124-4980-bcbb-30d944f87473,85.44,2025-09-30T21:01:27,fuel,47,Lucknow,credit_card,21,10.0,0
c6762e83-43bb-4d1c-85f0-2bd91d658cd6,234.49,2025-08-08T20:26:09,travel,18,Delhi,netbanking,24,258.21,0
b1b62da7-2025-4213-b70c-7a04eda48274,200.81,2025-05-20T15:30:22,other,25,Hyderabad,credit_card,31,176.4,0
e0dffda2-4bfe-4ab5-b5f1-9572b1a7998a,359.11,2025-02-03T11:46:43,grocery,57,Lucknow,debit_card,24,80.0,0
9343317b-c9de-4587-8c21-8fc9357db770,639.34,2025-05-25T22:04:37,dining,42,Kolkata,credit_card,34,842.38,0
f6347ec6-d27d-4813-a50d-cddcdaaa35af,332.4,2025-09-13T03:41:02,entertainment,40,Jaipur,debit_card,22,323.39,0
f02b5102-1424-47e4-b212-8537e400dc9b,370.05,2025-01-15T19:19:00,fuel,30,Delhi,debit_card,22,358.73,0
5ff21694-00cc-40c8-91d1-fa55eb489825,224.66,2025-03-10T14:25:45,entertainment,42,Delhi,credit_card,33,297.06,0
1eac330b-d6f8-41d7-a9ca-6c4e32cb20bb,153.27,2025-06-02T16:22:50,electronics,20,Delhi,debit_card,23,10.0,0
3b43aa13-b8cc-49b2-a606-3cf37030459e,1523.54,2025-05-11T19:32:17,online,18,Jaipur,debit_card,18,2133.72,0
db88887e-c651-4050-bd6b-16e3a21c067f,1284.68,2025-01-13T02:01:31,online,37,Hyderabad,credit_card,36,928.86,0
2aa258cd-5b06-47e2-95f7-1e078e200d8f,813.52,2025-04-14T16:27:54,fuel,41,Jaipur,credit_card,23,431.47,0
2d23f199-cbcb-4898-bd00-fc0cc54af9d2,157.28,2025-06-01T06:41:48,entertainment,30,Jaipur,wallet,21,204.15,0
9cbfa76f-073d-494a-b939-602067562830,490.12,2025-07-05T01:34:12,grocery,34,Bangalore,upi,22,128.9,0
8aeeef50-d33e-4f6e-8310-151e0688ced7,2612.65,2025-07-19T02:05:52,online,18,Jaipur,upi,16,2623.34,0
800e3e7b-8d61-4221-8493-8a2518e7bee9,225.7,2025-05-21T07:47:25,electronics,48,Delhi,netbanking,24,67.4,0
501e413b-c7aa-4d19-a9af-d460432756a3,3615.77,2025-05-16T00:22:26,travel,26,Ahmedabad,debit_card,19,1780.66,0
f0a3ba2a-5cd3-4f68-a94d-41115f183e71,91.56,2025-06-22T04:37:16,fuel,38,Mumbai,upi,24,125.21,1
fc32d1fa-0d38-407a-af1a-f2db5de109e7,400.18,2025-08-15T19:13:49,dining,40,Lucknow,upi,31,389.77,0
481218cb-8044-4acf-b6a3-5046682066d7,457.02,2025-03-20T12:02:01,grocery,43,Lucknow,upi,28,424.48,0
d5e70618-97e7-485d-be1a-20a46a7fffba,119.71,2025-01-04T05:44:54,online,23,Pune,wallet,18,76.01,0
a42aca99-ace3-4dd8-8771-6ba039eff91a,144.01,2025-10-11T12:52:53,electronics,23,Lucknow,upi,25,195.48,0
679ecfc3-ab3c-4076-a00b-f3b7deafa3a4,214.03,2025-07-07T04:30:30,fuel,39,Hyderabad,upi,16,32.71,0
c2f033f9-4af5-44b8-b3e5-c25bc4e6dbbe,541.81,2025-04-06T12:51:14,online,69,Jaipur,upi,29,741.17,0
ff19062e-eae2-4e14-a17d-f0da36624617,349.32,2025-03-20T17:23:44,electronics,51,Bangalore,debit_card,29,318.06,0
d69fcf41-e16f-42d6-b386-cd24ebb2f13e,70.4,2025-05-03T20:50:19,online,38,Chennai,credit_card,34,59.06,0
3db3d509-e02c-455b-bf28-bdfe2db22fd8,1656.47,2025-02-22T22:09:56,online,18,Pune,credit_card,21,1819.88,0
bda4b3fc-b1b2-4282-9b42-f1431a62d2e3,367.61,2025-05-12T14:00:08,online,18,Chennai,netbanking,24,305.05,0
9c7b0540-defd-4900-8512-48540bb6265b,2649.51,2025-10-09T07:28:23,entertainment,44,Jaipur,wallet,24,2243.13,0
7ca9e109-7d1f-4042-8341-38523cbce172,174.64,2025-08-18T09:26:01,electronics,39,Jaipur,upi,32,270.8,0
5171c420-3ceb-472f-90f4-39d9341d1c7a,55.5,2025-01-15T02:50:26,online,41,Lucknow,credit_card,22,10.0,0
b1451752-25d4-477c-9900-bd39d29d691c,195.2,2025-09-03T02:24:12,dining,50,Hyderabad,netbanking,16,121.41,0
9caddc00-9404-4658-be27-1d286020d72a,451.21,2025-01-08T00:43:02,dining,42,Delhi,upi,24,374.81,0
24790d3b-2dd3-4553-bd18-23afa8fc3ba2,46.02,2025-10-16T13:25:37,fuel,46,Mumbai,debit_card,19,125.57,0
b75673ec-2787-42aa-8bb1-c3cf3748cc0b,755.56,2025-01-13T04:13:01,entertainment,34,Bangalore,upi,25,550.8,0
b11a3f05-78a0-4806-ab3c-3cff77497690,439.63,2025-02-05T23:26:14,travel,42,Jaipur,credit_card,25,280.65,0
4ff05cca-b9cc-4c9f-ab63-7ecdfc93c211,170.15,2025-06-22T01:08:26,electronics,45,Jaipur,credit_card,15,266.42,0
bf6524f0-68ab-48d3-9856-d54516251b9d,2169.91,2025-08-22T04:47:38,fuel,50,Mumbai,credit_card,16,2125.06,0
e96e8279-873c-4c27-bf32-b114c3c5f28d,1034.15,2025-04-28T00:37:10,electronics,22,Ahmedabad,debit_card,25,1224.75,0
04ed7cbb-1995-4e0d-bda6-978529ed5c6c,27.69,2025-06-26T15:26:02,grocery,46,Hyderabad,credit_card,28,10.0,0
fc879bff-5696-4598-ac14-bd478430f34f,481.38,2025-03-25T11:09:49,grocery,54,Bangalore,credit_card,22,364.68,0
6766c38a-38f7-4f37-bf54-0b41d8db4e69,110.44,2025-04-10T19:41:09,grocery,80,Pune,debit_card,24,83.42,0
068de04c-5d43-4422-84a7-13e6b571fd53,151.5,2025-07-27T00:32:33,travel,45,Kolkata,credit_card,26,153.47,0
d60df9ae-9fbd-4e86-8017-cdcc47a248a7,1656.5,2025-09-10T21:14:23,dining,34,Bangalore,credit_card,21,977.59,0
fc1194ea-e8cd-4d2b-9ec2-693f36181735,1633.0,2025-06-17T05:27:29,electronics,26,Kolkata,netbanking,24,813.7,0
2be69975-da13-494f-8f28-bce38a49e4db,370.79,2025-10-26T21:20:13,entertainment,40,Mumbai,wallet,23,474.1,0
707348c8-283d-4a9c-bc19-5ab1dec13e3e,1242.27,2025-01-12T12:13:11,entertainment,31,Jaipur,upi,19,1005.04,0
25d3874b-0e5e-43a6-9f3b-5c94ef2da3d4,717.02,2025-09-01T22:40:47,other,33,Pune,credit_card,23,862.21,0
e79209de-8e75-4ce5-870f-a0a71acebf21,260.25,2025-07-20T15:01:24,fuel,43,Delhi,wallet,21,299.44,0
5cecd6c7-befe-420f-95f0-b71ebaeeac81,95.37,2025-03-09T07:27:29,dining,41,Ahmedabad,credit_card,27,10.0,0
badd2203-12d6-43f4-8fb3-8799933c8ca1,451.79,2025-06-18T02:30:37,online,18,Bangalore,upi,21,57.66,0
d5ff77a4-5a98-4283-a358-34bb67703dfd,343.78,2025-05-28T16:58:28,grocery,24,Chennai,netbanking,31,324.83,0
bbedb4ee-a2e6-40a5-8f4e-acb3b8b1896e,382.25,2025-03-13T12:40:32,other,44,Chennai,upi,36,232.41,0
45241471-97ad-46d1-bc21-ccd3db74c317,419.21,2025-06-08T13:48:22,online,21,Ahmedabad,credit_card,27,194.26,0
f612b325-b4ca-4274-b4a4-d2a52cb92dda,1143.35,2025-01-29T05:13:50,other,27,Ahmedabad,credit_card,29,1029.81,0
e225c62b-6eb2-4bac-9739-702253c43722,1230.03,2025-04-29T07:15:22,grocery,52,Jaipur,upi,25,1236.28,0
ec74487a-1b8f-416b-be13-7ec3645dcd8f,455.84,2025-04-23T07:00:11,electronics,39,Lucknow,debit_card,27,525.94,0
30d618f0-93b3-4df8-9109-b43d8c97a105,675.02,2025-04-11T22:26:33,electronics,23,Kolkata,credit_card,33,458.92,0
7fca3a5e-20a8-4fef-877b-dcd79b91c306,378.19,2025-09-16T07:26:25,fuel,43,Jaipur,upi,23,138.68,0
4c3cf67e-819c-4dc4-8445-874b3ff1e4b8,225.73,2025-06-08T04:42:06,entertainment,39,Kolkata,upi,13,115.5,0
bb9f7569-1fa3-407c-ae2b-c3eb1cfb6932,186.25,2025-03-20T19:23:30,grocery,18,Mumbai,upi,20,73.35,0
a6cac64d-d2e1-483e-81e8-0b7afbe83ef0,770.85,2025-08-14T23:51:11,online,46,Jaipur,upi,29,238.39,0
a8338203-e1ea-41d7-9a42-b9802a32de05,270.58,2025-08-19T22:21:38,fuel,48,Ahmedabad,upi,25,222.93,0
41fdcd12-cb15-48aa-9d13-e0d38704c803,491.8,2025-08-13T04:01:02,electronics,34,Hyderabad,upi,26,193.42,0
a04085a2-0aa9-4f0e-b7af-4dacdbfe5a5f,294.4,2025-08-02T09:06:50,grocery,43,Pune,debit_card,14,449.73,0
1d62120f-9f51-4f7d-8afe-20a556a60366,363.35,2025-03-13T02:54:24,dining,34,Kolkata,credit_card,28,211.07,0
9290d6ba-b786-4a04-a6d1-c35c3ec3aca3,482.86,2025-10-06T12:01:03,grocery,26,Pune,debit_card,34,163.5,0
f7974724-9163-4d49-a93b-314a42b2b526,521.31,2025-10-02T09:14:18,electronics,29,Ahmedabad,credit_card,26,232.25,0
8eb65a6e-c7b4-42ad-98f1-18e77492588f,726.06,2025-04-01T19:00:37,online,29,Jaipur,debit_card,25,646.3,0
cab10939-8e25-454e-8a58-95ffb015f06a,857.13,2025-09-18T00:10:39,other,39,Delhi,debit_card,23,695.61,0
86fbf334-4b7a-4ef3-9a5a-0864412932c6,111.2,2025-01-08T17:20:43,travel,23,Pune,upi,24,10.0,0
5c39a792-8501-4d4a-bb61-125526a3d8c4,172.55,2025-09-13T17:29:56,dining,18,Kolkata,upi,26,330.6,1
988df4d1-5bd2-4cd3-8e54-fb58522a83cb,172.37,2025-01-12T08:18:17,grocery,27,Jaipur,upi,22,262.05,0
81e1fafe-3bcb-4a83-84bd-2bd6a378936b,262.91,2025-05-18T20:24:58,travel,66,Delhi,wallet,33,49.08,0
e2c004a8-c2dd-4c76-be2e-690783e1072d,1407.46,2025-10-11T05:28:56,travel,36,Jaipur,debit_card,24,2107.47,0
11d23d1d-27f3-4a9f-b17e-05fa1068de57,359.11,2025-05-04T08:16:20,electronics,52,Bangalore,credit_card,21,337.88,0
f1ac6637-3df1-4951-a2a3-8f4baf1b2cc8,117.49,2025-06-21T07:08:21,dining,38,Ahmedabad,credit_card,20,10.0,0
193e2712-6a0e-4ad9-8d8e-816245223c83,100.47,2025-01-03T12:51:02,online,21,Pune,wallet,32,245.05,0
6630d98f-ea3b-4e7b-8b81-47c7f737a4e8,4340.36,2025-09-24T08:17:13,grocery,18,Hyderabad,upi,23,7100.16,0
45b6e20c-2f2e-4ccb-95fb-183c005f4779,506.85,2025-05-25T21:41:07,entertainment,32,Hyderabad,debit_card,21,117.35,0
f6b24843-af16-42f5-bf78-97415fb0bc25,555.75,2025-04-29T10:22:56,dining,33,Ahmedabad,debit_card,25,280.77,0
19751015-738d-4cf5-b33e-aa38835fc6cf,1747.26,2025-02-23T12:50:41,grocery,49,Bangalore,debit_card,27,956.15,0
73c679ce-89a5-4109-9057-435a98d43829,376.57,2025-02-03T22:34:43,travel,31,Hyderabad,netbanking,14,111.22,0
39cb08d9-3456-47bd-85ad-c382a8748995,804.34,2025-04-14T17:15:28,grocery,51,Lucknow,upi,25,562.28,0
200f6360-61b0-4aa1-a42b-7a5330bb10b2,172.1,2025-05-21T12:55:15,fuel,33,Kolkata,credit_card,28,117.26,0
23fff4ee-df3a-4416-9382-270e0a5f11b7,310.07,2025-05-04T05:49:29,grocery,46,Hyderabad,credit_card,20,202.49,0
ce62c129-bf6e-4696-b152-179d25f551bd,1945.74,2025-09-09T14:04:36,fuel,35,Hyderabad,wallet,27,1627.53,0
fd1d798b-c864-4ae7-9d4c-9ca397c2ab00,1257.92,2025-04-02T01:10:22,travel,48,Mumbai,wallet,26,659.94,1
cb22cedf-cacf-4cc5-9717-764baa4f0727,329.11,2025-07-11T00:11:20,electronics,52,Hyderabad,debit_card,22,402.76,0
a1940465-495a-4cdf-b934-3d92120c7c97,1148.74,2025-05-17T07:50:26,online,18,Delhi,netbanking,21,706.85,0
cfaede10-f4cb-4c82-acef-71e2ec1bcfad,490.56,2025-01-30T16:34:26,electronics,35,Hyderabad,debit_card,21,307.26,0
571cd26c-3ed6-41d0-9fa7-1ef073a61f72,1176.97,2025-04-30T06:58:18,travel,45,Chennai,upi,22,869.37,0
577a8416-c5b4-4115-8d89-ee51e23c01cd,846.52,2025-03-04T19:07:01,electronics,31,Delhi,upi,16,810.98,0
11871e8d-2dd0-42b9-8003-148471dab39c,1571.25,2025-08-10T15:22:11,entertainment,30,Chennai,upi,36,1167.49,0
becdb698-b423-477d-9542-75fecf334ed6,1093.57,2025-01-25T21:52:44,electronics,38,Mumbai,credit_card,30,1062.14,0
1d12adaf-26b3-4116-9b3f-c5d9d23a4237,92.32,2025-07-07T23:56:31,online,34,Lucknow,debit_card,24,10.0,0
dfa40cac-8f96-4c55-8308-fd1f72f2d9d7,1062.17,2025-02-05T09:09:30,fuel,20,Jaipur,debit_card,18,1839.44,0
da21bbcc-5748-4aa8-8f93-d3eeb3386503,258.4,2025-04-04T04:09:16,fuel,41,Hyderabad,debit_card,32,148.89,0
1629ab0c-66a6-4ea1-b18a-1c63612c2965,276.07,2025-08-23T09:03:00,travel,29,Bangalore,upi,17,366.67,0
12e23b8b-a274-48c7-99bc-6f5d6e54b288,179.87,2025-05-28T10:07:56,online,69,Mumbai,debit_card,23,78.52,0
308d5af1-9a99-4a8e-be46-32d35f896928,376.16,2025-03-31T12:50:41,fuel,54,Hyderabad,wallet,20,191.69,0
9ed32232-0483-4ed4-a004-7cc978ab9ac8,206.19,2025-04-10T02:12:55,grocery,24,Hyderabad,debit_card,22,10.0,0
81866d68-b5a6-40f9-bcbf-ab054f93ad34,187.15,2025-02-27T09:16:54,dining,39,Delhi,credit_card,24,216.82,0
b84e9f8a-202b-4575-bea1-da4bb0adee1d,169.43,2025-02-01T20:06:10,online,54,Kolkata,upi,32,205.44,0
9795bcb7-ab60-431b-9b05-69f6edddef90,874.33,2025-03-02T21:33:13,dining,67,Jaipur,debit_card,18,813.28,0
754bfa15-2532-46e8-90a0-e565e352916d,1590.46,2025-05-16T23:29:02,online,48,Bangalore,credit_card,26,603.59,0
72802c4d-532f-4084-8b51-1672cd54b358,425.92,2025-08-27T01:28:09,grocery,40,Lucknow,wallet,26,580.87,0
7c0f6beb-20a3-4dbe-bbc0-9651324a3051,118.25,2025-09-23T17:03:13,fuel,37,Lucknow,upi,24,171.15,0
7df2dcbe-342c-4f3f-8499-84821fafcaa2,700.15,2025-07-27T23:06:31,grocery,38,Kolkata,upi,20,1059.88,0
9a79c591-737c-4c9b-b948-c869a8289ec1,2003.41,2025-10-25T22:42:34,online,43,Bangalore,upi,25,1656.4,0
d28b8f0f-d650-4cec-80c4-39683ff0d901,620.38,2025-09-15T07:54:43,dining,44,Pune,credit_card,23,276.36,0
83c59851-3c78-4340-ab1c-e38ba5a8d676,1077.74,2025-02-03T07:09:45,grocery,39,Kolkata,netbanking,24,1122.07,0
63cb3f1a-0e69-4b93-9c2f-47a81c83be9f,765.57,2025-06-16T08:19:17,grocery,44,Pune,credit_card,32,785.32,0
342e9c1b-4b01-4945-8f7a-2c6ba8b8b009,2352.42,2025-09-08T00:19:08,travel,37,Jaipur,upi,14,1664.36,0
098170ed-33c4-4b6f-bb1b-f3e6d24046fa,2329.94,2025-05-15T04:47:36,online,39,Pune,credit_card,19,2964.79,0
ed54f37b-fa4a-4594-b2ba-e9ca0cb1a8cb,231.66,2025-06-22T15:36:26,dining,30,Delhi,debit_card,26,213.39,0
9565f371-edf6-4b06-98c9-ec1b0fb197ae,302.54,2025-10-14T20:58:15,online,18,Ahmedabad,wallet,28,343.85,0
e738433a-633e-4ac5-a58a-a1717eeffff3,402.87,2025-10-07T11:03:08,fuel,45,Lucknow,debit_card,24,323.02,0
8f44799d-538d-43f1-8250-b469140f35c5,904.58,2025-10-14T13:44:52,entertainment,47,Ahmedabad,upi,29,219.7,1
806afd16-954a-44e0-8cc3-25d63205e38c,261.72,2025-02-05T01:31:37,other,28,Mumbai,credit_card,28,206.69,0
0e34e16e-d7a4-4699-92f7-67c2e101e9c0,1548.81,2025-07-20T18:39:03,grocery,27,Kolkata,credit_card,26,444.57,0
b8fba3f0-bf75-44e1-86d1-3a5043897329,165.73,2025-09-26T22:36:16,fuel,26,Bangalore,debit_card,35,10.0,0
79771956-e51a-4853-b75b-b6873a554730,1008.76,2025-10-26T16:21:00,electronics,30,Pune,debit_card,17,898.98,0
4e7bf224-e989-44f2-b58e-1c362f1b700e,225.71,2025-04-28T13:58:35,dining,43,Jaipur,debit_card,22,225.93,0
f92cf69c-08e9-44aa-88f4-3f7cf3d92e81,258.37,2025-04-10T22:13:38,dining,46,Mumbai,credit_card,22,64.93,0
184d2255-95d8-41ed-9146-843f3110cb8b,945.81,2025-03-28T09:07:31,electronics,40,Delhi,debit_card,31,666.41,0
e557c15a-8058-43d4-a233-c9ffaaefb609,130.55,2025-05-27T17:45:54,online,32,Kolkata,debit_card,25,234.82,0
dd3d9144-bcf4-492e-bf99-48bf02cc8512,1954.21,2025-06-12T09:36:53,travel,41,Chennai,wallet,29,1419.11,0
aeb5c38f-8a6e-4a2c-82d8-2fd1bd1b09df,1256.4,2025-08-29T18:27:52,entertainment,31,Mumbai,debit_card,24,1068.0,0
230f813a-ea3e-4223-8e4a-d98823f59314,985.23,2025-05-26T14:01:16,fuel,41,Lucknow,debit_card,22,762.45,0
b00fbb65-c44f-433d-a84a-4a3c3f0b6d1b,153.04,2025-07-17T19:09:45,electronics,23,Lucknow,credit_card,22,158.02,0
0c232b22-226a-48ef-b04a-d888da83a9b6,163.75,2025-08-10T00:59:48,fuel,32,Kolkata,credit_card,23,130.94,0
33c6f20a-2ead-48d3-88a5-60c108fa1c4c,388.63,2025-07-09T04:34:50,grocery,50,Ahmedabad,upi,32,269.31,0
433f8d66-8251-45b5-bcd0-e9c24cfcd800,408.18,2025-09-12T12:36:27,grocery,21,Delhi,netbanking,23,125.31,0
c3c55ca4-1d50-4425-89d3-51c23fcf1069,625.77,2025-09-01T00:07:40,fuel,38,Bangalore,debit_card,27,433.55,0
9416cee5-7f88-41fb-98e7-39a7b762d63f,30.4,2025-05-13T00:52:10,grocery,58,Lucknow,credit_card,20,50.43,0
0e594753-715b-4a16-9cf4-1ee3fe3d6d7b,84.24,2025-02-16T17:24:42,entertainment,40,Bangalore,wallet,27,290.26,0
df54bb25-e898-4ca8-9a54-3ebdcdf119f5,6937.27,2025-02-14T12:29:31,travel,37,Pune,credit_card,30,2080.47,0
7eeafe5f-5224-4553-9498-5e4deb56371d,369.07,2025-02-26T10:01:18,dining,36,Ahmedabad,netbanking,24,496.07,0
59fb8ed6-d0cf-4230-994d-79384ea51fbe,612.62,2025-09-17T01:32:06,online,40,Ahmedabad,upi,25,611.28,0
7081f0f1-baf6-4d62-95c8-7a0fa18536f6,1438.74,2025-08-07T00:01:38,other,50,Bangalore,debit_card,20,749.96,0
8db383f8-929b-4f4d-89e3-279b095b45f8,35.96,2025-10-22T14:57:25,travel,27,Jaipur,credit_card,24,10.0,0
814953f3-d609-4a3d-9784-0a78f1757050,444.63,2025-08-17T04:45:41,dining,33,Jaipur,credit_card,27,225.95,0
cb7c4a11-ffaf-457d-aced-c6ee7babd34f,182.69,2025-03-04T23:13:42,dining,24,Kolkata,netbanking,21,72.34,0
f2bb9bcc-f2c8-4c03-b14c-1a2ff1c1b353,1074.34,2025-09-11T22:19:59,dining,38,Hyderabad,debit_card,36,603.87,0
97a06a3a-04c6-4543-a471-4f62ac9ea632,1307.24,2025-06-19T22:23:40,dining,22,Kolkata,credit_card,20,1159.19,0
6b6613fb-8045-42a6-8360-ef7af5f38c9e,88.76,2025-01-07T22:39:24,dining,24,Delhi,credit_card,25,60.68,0
8091bca3-cd19-4a25-bd53-e82f2720991e,294.21,2025-08-19T08:35:55,grocery,51,Pune,debit_card,31,415.11,0
e7c67be9-ee4d-415b-9b04-ad8aec6e5592,53.39,2025-01-26T03:53:27,other,48,Ahmedabad,credit_card,32,10.0,0
f62121df-1741-4f32-b299-fdeded8019b1,134.57,2025-08-05T02:59:44,dining,18,Pune,debit_card,22,51.75,0
d1bc6b0c-e298-45c9-8b62-3f5e2e11f88d,325.29,2025-06-03T14:31:49,other,35,Kolkata,credit_card,25,278.35,0
f20f1b3d-cd2f-4a3e-8169-55f08f2dbc58,357.46,2025-03-13T15:06:51,online,26,Hyderabad,netbanking,28,250.74,0
41948316-122d-4df3-8087-619d625a7413,143.79,2025-01-30T12:43:47,entertainment,46,Lucknow,credit_card,17,10.0,0
a27d009d-96f5-4ef1-b106-e3827e64b7c9,393.59,2025-09-01T03:07:01,online,37,Hyderabad,credit_card,24,247.22,0
470e1f1e-48f8-420f-aa0a-6ff97cd5c50f,956.95,2025-05-31T20:28:12,grocery,18,Mumbai,credit_card,35,783.21,0
ebe4fec0-1fee-41e0-8a56-3ecc4d08e8ca,2008.06,2025-07-08T14:47:38,fuel,54,Lucknow,debit_card,20,1444.29,0
16ca5d21-9bfb-415f-8210-3813b447e363,226.07,2025-09-16T15:08:57,online,41,Jaipur,netbanking,19,44.54,0
9e530299-60b5-4c8b-9e3a-5826b2415d48,89.97,2025-02-21T09:32:12,online,31,Delhi,upi,17,10.0,0
c76f8514-1942-425f-a205-bde6b1ad89d1,937.32,2025-08-23T10:57:59,entertainment,33,Lucknow,upi,21,753.89,0
9355eaab-5d28-4ddf-9e1a-d2e25b6cab39,1169.78,2025-07-02T18:12:24,entertainment,42,Jaipur,upi,30,812.81,0
9a1c4c8b-9c8b-479b-8d8b-0997e778ff80,74.58,2025-03-21T14:15:15,grocery,56,Chennai,upi,28,122.94,0
2be3b9d2-0031-4bc4-97b8-92faa2ee6990,72.49,2025-07-30T14:01:11,online,54,Delhi,upi,24,101.92,0
f1c7543b-2968-46eb-ab7e-73db180b10d5,1217.14,2025-01-15T04:44:11,grocery,18,Mumbai,debit_card,27,1253.99,0
bfd3f858-ad86-42fb-a8ce-49bae2a76f1b,153.66,2025-01-26T04:03:55,grocery,21,Hyderabad,credit_card,30,10.0,0
0652df03-ee27-41ea-bdc3-650960852808,489.2,2025-04-25T14:05:51,fuel,18,Hyderabad,debit_card,18,202.99,0
67bf2381-6ec4-43a8-b478-8616f2581599,28.27,2025-06-23T03:16:49,online,43,Lucknow,wallet,19,10.0,0
5364120c-276d-4fa8-aae9-13a8fef7d07d,20.31,2025-10-25T12:14:10,entertainment,46,Pune,credit_card,22,23.3,0
24e9fe2f-0e82-4a41-aa44-750371306fbb,1055.08,2025-02-23T09:44:46,online,48,Hyderabad,upi,32,1060.18,0
2bd627e7-13c2-4476-9e2e-51d71907daf5,858.53,2025-08-05T18:48:15,electronics,46,Pune,upi,24,997.28,0
e2f0c26e-3d83-4cf1-8095-ba07e3e7c11a,264.69,2025-01-31T14:56:22,fuel,36,Ahmedabad,upi,32,365.29,0
5e00eb50-07dc-49ea-8cca-a3afdd69c44b,186.94,2025-03-29T09:18:53,grocery,42,Mumbai,debit_card,25,248.09,0
1aba4bf0-96de-4644-8a1c-af4e3f11148b,1238.99,2025-05-01T15:20:39,fuel,62,Pune,netbanking,32,1306.39,0
b7e498b4-9194-4ff3-8ec9-5dce10131fef,2844.21,2025-08-01T22:35:38,other,20,Mumbai,upi,28,2754.61,0
7c86c1d1-7b00-4c4f-96a4-448686f7e1a0,216.52,2025-10-09T15:04:22,dining,52,Lucknow,wallet,25,10.0,0
42084484-8ef7-4f51-943d-41c98f396271,3749.89,2025-05-30T03:30:26,grocery,62,Mumbai,upi,22,2229.54,0
d1870cad-17da-4d7f-86e2-dbb94ebd867a,117.33,2025-05-29T23:09:31,electronics,30,Ahmedabad,credit_card,22,77.84,0
1bd5c23b-7c5f-4490-844a-0f9e2d2a000b,556.17,2025-01-02T17:32:55,dining,54,Jaipur,credit_card,28,654.84,0
93b0dafe-6a40-4420-b957-8daf73b7bc17,652.24,2025-01-28T23:40:09,online,42,Chennai,credit_card,25,530.35,0
353071f3-3d12-4d3a-b6ee-403a757da610,652.36,2025-04-23T14:43:01,electronics,40,Lucknow,wallet,15,736.63,0
9ced0349-7bc5-4604-816b-fa6df51ad847,493.39,2025-06-09T15:14:57,electronics,27,Hyderabad,debit_card,25,71.5,0
d35c9405-35a8-4f94-89da-499afdea4e2c,172.03,2025-01-17T16:50:39,online,46,Ahmedabad,credit_card,17,27.15,0
b499bd12-13dc-483b-94b4-2d50539ec3d1,373.79,2025-10-02T11:10:49,dining,60,Kolkata,credit_card,22,84.12,0
91c39a50-6911-49a8-80b1-4971306923d8,114.2,2025-02-20T17:12:56,online,28,Hyderabad,credit_card,29,10.0,0
a6ec2acf-99af-4d0a-9001-e22c273cae37,743.2,2025-04-06T10:46:31,electronics,38,Ahmedabad,upi,27,341.19,0
09b87cdf-6d1c-4a42-a9ba-f48354b16de4,811.48,2025-08-05T10:53:05,grocery,36,Lucknow,netbanking,27,1307.55,0
894c9a08-79a5-4255-82d2-36462c41e838,6101.86,2025-05-14T10:35:58,online,24,Kolkata,netbanking,17,7158.28,0
cd632fcb-ff83-4556-b180-bb337c56f663,256.32,2025-08-08T12:47:16,grocery,30,Chennai,credit_card,23,314.53,0
3a05835e-42a3-4977-a9ac-f5442e54bdbc,1988.42,2025-08-06T14:48:18,electronics,22,Hyderabad,debit_card,31,1413.71,0
ec2665a8-c691-407c-952a-654e5549ada7,116.98,2025-04-21T17:12:15,online,39,Kolkata,upi,28,152.43,0
88b0f819-5fa5-4217-9b14-59ee3504ffdc,786.42,2025-09-21T22:56:05,travel,20,Hyderabad,netbanking,18,557.95,0
1176b6c0-812e-47b1-a8bf-315ddd105db3,284.95,2025-09-14T07:17:27,online,41,Pune,netbanking,24,233.93,0
d8b5f3ba-8075-45b7-ab6f-8e2c5acfbe2f,613.69,2025-08-23T05:39:19,electronics,54,Ahmedabad,netbanking,16,310.18,0
c6bb8d79-1d68-4d4c-81ae-07bec3d5d473,51.29,2025-06-10T11:05:01,entertainment,52,Ahmedabad,netbanking,27,49.83,0
ea47ea84-7b45-41e5-9580-3da0234134b7,86.21,2025-08-18T06:33:30,dining,48,Chennai,debit_card,22,10.0,0
bfd2ef4c-0d54-4498-b558-5f391b6d500c,85.99,2025-06-02T12:31:22,grocery,39,Jaipur,credit_card,15,89.9,0
585009b7-b050-4a61-9a51-fda3200f9111,714.35,2025-04-23T13:46:26,other,22,Jaipur,upi,22,898.47,0
8882f1fc-0cb4-4423-a5e4-f49fe2671508,125.25,2025-03-31T05:56:50,electronics,50,Kolkata,upi,19,10.0,0
e5eb6a23-7549-4d72-b29b-d912b5ac7145,1612.5,2025-02-10T09:57:11,grocery,62,Jaipur,debit_card,27,1471.49,0
aaa520c5-084f-4b15-ba92-2aa131de1f4f,604.86,2025-04-13T12:19:31,online,48,Kolkata,debit_card,24,687.32,0
8599c2ed-278b-4185-87da-6a622381f4dc,233.46,2025-08-06T12:40:13,grocery,48,Mumbai,credit_card,33,119.69,0
4d548750-f3a8-43af-8f10-5fae097d8f11,1558.91,2025-09-27T18:36:07,fuel,43,Mumbai,credit_card,24,524.53,0
eedf02c4-2ba6-4a1a-9c1b-6b2073c2b307,538.8,2025-06-25T04:00:24,electronics,52,Pune,debit_card,27,564.3,0
28265204-414a-4196-add0-509cbee932c4,447.73,2025-01-19T11:49:17,other,32,Delhi,upi,27,686.81,0
d5af7875-5afe-46c5-b6fa-33ec26bc9392,1192.66,2025-10-09T17:34:57,online,18,Kolkata,debit_card,19,771.8,0
4e3b30f8-fde8-4d7b-a2ce-a372d103b786,2436.05,2025-06-30T18:11:11,grocery,49,Bangalore,credit_card,22,842.34,0
80b665df-0211-4535-b1af-6e8a6615ad02,555.83,2025-04-12T09:12:29,electronics,31,Delhi,credit_card,27,768.18,0
6b1dde92-e2d8-4ce9-bd79-eba1bd0c0e90,75.98,2025-07-18T08:52:49,online,43,Lucknow,upi,32,34.61,0
7c3fcb98-13e8-4f35-90d8-ee1d01c49393,345.74,2025-04-12T04:06:42,online,31,Mumbai,credit_card,24,167.16,0
4407a202-f2db-418b-ab7a-6dba9a8ef9b3,877.73,2025-05-14T18:49:14,electronics,52,Delhi,debit_card,21,27.64,0
a977e96e-77fe-48dd-9abe-6621584589a8,1492.41,2025-09-02T03:34:11,dining,46,Lucknow,credit_card,31,619.54,0
a1776044-5e1f-48f9-be03-00b790363817,128.78,2025-02-19T13:14:44,entertainment,50,Kolkata,credit_card,25,203.07,0
d8d22aff-34dd-4ba7-9bdc-621c5c5b5c60,116.8,2025-10-02T00:34:23,electronics,50,Kolkata,wallet,25,66.16,0
45640b5e-53e9-45de-a636-1ed76845e862,5900.21,2025-03-02T04:26:16,electronics,48,Ahmedabad,wallet,25,4347.24,0
524a5396-7a53-4e8a-9e80-46534acde18f,343.39,2025-05-01T02:33:37,entertainment,41,Bangalore,credit_card,22,422.42,0
02d61977-74b8-498d-be2a-e6742e998965,120.62,2025-04-30T10:40:34,fuel,33,Pune,debit_card,22,10.0,0
3b9bad05-6561-4a08-93b3-64d8e2111614,218.57,2025-07-17T22:42:36,electronics,34,Kolkata,credit_card,33,147.36,0
4ffd5656-e1f4-4f8e-951a-a0fc1e0806fb,3908.88,2025-10-01T11:39:03,dining,38,Mumbai,netbanking,25,3888.94,0
d51e7cdf-9605-4b7b-8ca2-d6cbfe9bc5e4,268.15,2025-08-09T04:02:48,grocery,37,Jaipur,upi,29,344.23,0
c60cde32-ec35-4b45-bdc8-a042295421cd,232.79,2025-02-25T20:23:17,grocery,44,Bangalore,netbanking,22,383.41,0
2c7ac8fe-1214-4452-a14d-baddf3fb5c01,1849.62,2025-05-08T13:21:48,dining,31,Jaipur,netbanking,27,2178.94,0
e7068bee-d606-4765-a392-d42ca2683602,92.41,2025-08-22T20:57:01,fuel,52,Hyderabad,credit_card,20,54.7,0
e0fdc2e8-9606-4886-8fb6-57d9732e9407,183.93,2025-02-22T16:30:37,dining,52,Bangalore,upi,25,137.88,0
3ddfa3c0-3d68-4172-b4b7-7de1e602d726,369.13,2025-01-16T16:10:05,grocery,31,Jaipur,credit_card,20,239.9,0
c765c443-85d9-4538-8499-ad83db00e7e9,924.32,2025-07-13T14:29:18,dining,39,Chennai,credit_card,24,162.59,0
3491a3df-111b-4490-a806-9d177c9016a0,327.4,2025-01-25T23:03:11,electronics,38,Kolkata,upi,26,53.33,0
e0f3e8a6-83df-4832-8192-6f3f1deb1b14,130.51,2025-05-29T04:42:27,online,45,Delhi,upi,23,169.4,1
3ba1336c-e8c9-4657-8382-9444350891e8,638.44,2025-04-18T13:15:17,grocery,32,Bangalore,netbanking,24,763.82,0
24899739-d03e-4d2c-940b-c7ee77720b54,2657.97,2025-09-09T13:12:25,other,40,Kolkata,credit_card,26,2290.57,0
bcad2808-5d69-4fa6-bc24-f6c9535fd2b1,786.44,2025-01-02T12:11:01,dining,49,Ahmedabad,credit_card,22,818.09,0
581772b6-a47e-464d-b114-de82c912ce1d,391.76,2025-05-06T12:17:52,online,18,Ahmedabad,upi,24,410.08,0
4bf509f1-0ab1-4265-a111-1490de55d132,459.14,2025-02-25T05:05:43,electronics,39,Ahmedabad,netbanking,28,422.33,0
585323c0-129c-4d3a-84f6-f8e070adfe05,131.95,2025-06-17T12:22:05,entertainment,33,Hyderabad,wallet,33,10.0,1
6cdc6207-4a9a-498f-b540-7c56092e0e05,330.18,2025-02-14T22:50:04,electronics,57,Mumbai,debit_card,33,206.44,0
ca5e7714-0396-4a6a-804d-328c5252499e,652.78,2025-07-14T03:36:28,online,20,Chennai,netbanking,17,505.43,0
b8582a06-6478-4633-8967-0f1d1210af94,100.46,2025-03-18T01:12:26,travel,49,Hyderabad,wallet,24,84.79,0
cb1f0b62-6661-4bc7-af85-89e06c66859a,51.29,2025-08-05T23:15:07,online,30,Jaipur,credit_card,26,228.38,0
aa676316-48f6-4fe4-a511-d95724bc72e7,210.25,2025-08-13T21:18:19,grocery,41,Lucknow,wallet,37,18.93,0
855fb9be-12c6-4820-ad35-239d853c9d0d,471.42,2025-04-17T04:07:14,fuel,43,Hyderabad,wallet,32,148.54,0
f40f81fc-2247-40de-a9be-1eb273cf3792,47.99,2025-05-22T07:59:40,online,31,Mumbai,netbanking,23,10.0,0
560899b6-3595-41f2-a08e-e74be7eab24f,1371.83,2025-01-10T15:11:20,fuel,37,Chennai,upi,32,999.57,0
f6b079ef-fbe6-466f-92cd-15f42756c119,298.24,2025-02-23T02:42:42,grocery,32,Ahmedabad,upi,28,51.06,0
c91f1cae-3190-4a24-924c-2c4b3c1b7d40,435.21,2025-10-08T20:15:58,other,41,Bangalore,netbanking,22,278.77,0
10aac264-effc-4db2-8a9c-4c346d735d9b,92.95,2025-01-01T06:47:23,online,45,Chennai,netbanking,32,158.02,0
b2ce1a1e-4de8-4c1c-aa0e-bf3285869e06,680.51,2025-10-02T10:13:41,dining,32,Delhi,credit_card,26,649.01,0
284e23be-3a5b-4d44-858d-3bb84741ec10,1180.16,2025-10-08T21:40:04,online,38,Hyderabad,credit_card,22,1855.07,0
e8139311-7bb1-4b6e-8f09-2ab6cb15e8ad,1691.54,2025-08-19T01:53:17,dining,27,Hyderabad,upi,24,956.51,0
504e4871-7bff-4c98-966e-1583512741fc,558.2,2025-04-25T20:20:03,fuel,41,Mumbai,debit_card,21,390.24,0
f071609c-e3a7-41c9-b35a-71f0b1ecb3d8,39.05,2025-06-12T11:29:14,online,35,Delhi,credit_card,21,26.74,0
3f98de23-6e4a-44ff-b466-90874d3d3238,524.26,2025-01-29T06:18:52,online,27,Delhi,credit_card,32,670.05,0
824dc673-c5ee-46ae-9475-e3e0d39580d8,185.27,2025-01-12T20:03:14,grocery,64,Ahmedabad,upi,26,144.73,0
e83d3d47-e642-473f-95e7-fd60770da731,1645.24,2025-08-24T04:15:43,dining,44,Jaipur,netbanking,25,871.52,0
542df6e7-f774-471a-9d3c-5e588a81fc60,178.13,2025-05-11T06:08:36,grocery,21,Bangalore,upi,27,220.63,0
57bbd7ef-20eb-4137-aa48-a167c7362204,392.18,2025-05-18T06:56:58,dining,18,Bangalore,credit_card,25,335.8,0
1e0af1ba-fabb-493e-b70c-e80c954cd926,55.99,2025-05-04T06:38:07,dining,18,Mumbai,debit_card,27,31.28,0
c5a77c50-6cf3-41ea-9fa2-805b60faa7dc,1151.12,2025-03-02T10:31:21,electronics,47,Bangalore,upi,24,1263.01,0
70cacb67-2988-4b62-be73-01d8cb2e0237,1490.97,2025-07-24T06:41:07,entertainment,38,Pune,upi,25,674.24,0
9ef29bd5-5926-4418-b0db-c8f68ac3c642,242.15,2025-07-21T15:13:26,fuel,64,Mumbai,credit_card,25,183.58,0
92635e0d-9265-4564-b066-8d459a719801,187.34,2025-09-07T10:11:58,electronics,51,Lucknow,credit_card,25,196.64,0
53ecf135-5aa2-491e-9818-5a4398333660,127.04,2025-01-13T03:30:44,dining,48,Jaipur,credit_card,26,203.27,0
7fcadb75-30a2-44dd-a45a-196d0a1a3d28,28.91,2025-04-04T01:03:35,dining,29,Lucknow,upi,28,28.71,0
6c7e7ec1-0343-499f-a985-d006511f0f23,608.51,2025-10-27T02:33:25,dining,53,Lucknow,netbanking,18,280.1,0
c6fb0dad-8b29-45fd-9bfe-ba78f4560cfa,312.47,2025-04-05T23:29:37,online,38,Delhi,netbanking,29,182.72,0
dbcc0390-6651-479d-a0cc-c8835be6b694,160.67,2025-01-24T06:56:58,online,21,Jaipur,wallet,21,138.38,0
8f6457cf-3558-4338-8197-544a8a466490,898.74,2025-02-27T05:49:42,fuel,26,Mumbai,credit_card,24,530.87,0
5344561f-7c63-4a4c-ab14-836defff9169,71.32,2025-04-11T02:01:37,grocery,52,Jaipur,credit_card,24,10.0,0
09524503-b461-40b2-9160-5659db13536f,230.47,2025-10-06T05:26:39,dining,18,Delhi,upi,20,163.39,0
c68fb329-a56b-4c7f-8190-397f26958f18,1517.06,2025-02-17T00:18:24,online,46,Ahmedabad,credit_card,29,912.62,0
3e844ccd-8c15-4e00-bcba-0fd4d2111311,301.97,2025-10-19T04:19:13,fuel,40,Bangalore,upi,27,346.45,0
580e8f58-4e6e-407a-951d-cd86e660515f,168.63,2025-04-14T22:18:59,grocery,60,Kolkata,wallet,32,199.65,0
a48d96a6-b882-4306-b4ae-ef7274ab3886,4569.3,2025-05-31T19:00:23,dining,38,Mumbai,wallet,27,1969.72,0
bfffa265-121b-4e48-9510-9022cb33be77,495.06,2025-10-13T02:28:22,grocery,50,Chennai,wallet,30,365.47,0
93d0f95e-a81f-46a4-ac2b-3e27007e4785,4376.35,2025-04-09T05:06:43,online,24,Hyderabad,debit_card,23,5197.45,0
14f73e62-322e-4466-9378-b46c2238906b,542.06,2025-10-07T07:37:30,fuel,34,Hyderabad,wallet,21,777.21,0
c6b69f2f-024c-4eae-b9e8-9c91a0b18062,333.2,2025-03-17T12:52:36,travel,54,Jaipur,credit_card,24,554.43,0
e7b4d87c-10b0-4c88-b078-969a7f60db03,3679.16,2025-09-10T03:59:03,online,25,Bangalore,debit_card,33,3621.99,0
6a66e03e-8ac6-4275-9063-4e5a3a8e62ac,226.78,2025-01-25T16:51:48,fuel,19,Ahmedabad,credit_card,35,47.82,0
ef33d707-2b8d-4747-9fff-278cc09fd94f,568.0,2025-02-19T23:07:41,dining,25,Hyderabad,debit_card,11,680.76,0
ec94ff57-faf1-4724-b8d9-ec605b9cba20,3060.09,2025-03-24T01:13:14,grocery,39,Lucknow,credit_card,28,1268.98,0
f9eba6c4-cdfe-4d5e-beab-1b2647cc957f,511.43,2025-05-14T15:18:09,online,40,Kolkata,credit_card,26,83.55,0
2d5d8c39-a8c2-4bcd-8b86-2e2a3908b6fd,1556.24,2025-09-05T14:10:16,grocery,42,Mumbai,upi,33,818.42,0
e111a431-7337-4f0a-9422-23eef3dac4a9,2946.56,2025-08-13T23:54:22,dining,57,Delhi,credit_card,26,2388.83,0
64c89049-6bdf-49c4-b0b4-3208d8c1de3b,34.53,2025-04-04T00:17:27,electronics,48,Lucknow,netbanking,22,36.6,0
f558a65c-89d3-48da-9a4c-c3a7e98d585e,6918.34,2025-06-08T22:22:45,travel,22,Mumbai,debit_card,21,11356.41,0
3208ae7a-2283-44cf-8dde-27666b404de2,265.21,2025-04-11T10:00:12,electronics,37,Chennai,credit_card,25,292.06,0
1f52a0fb-611c-4c76-b989-a6f86d1753c5,771.33,2025-09-19T08:32:48,online,24,Pune,upi,29,289.18,0
e1252344-fcff-4b74-b92d-2c3b063694e3,242.32,2025-03-29T05:21:21,fuel,25,Chennai,wallet,27,14.99,0
2462f544-008f-4261-9afe-de7636516846,162.26,2025-04-21T11:50:05,travel,46,Jaipur,debit_card,29,178.63,0
2370f67e-8753-4520-bfaa-351fa0572973,656.96,2025-09-06T02:01:58,entertainment,40,Pune,debit_card,26,95.96,0
ebdcb4b0-f681-4243-9f6b-dacc2327a9d1,1204.52,2025-06-03T17:49:04,online,49,Jaipur,upi,21,534.66,0
e617de78-6e0f-4fd2-a214-cb93f28aa6ce,259.59,2025-07-31T14:02:31,fuel,57,Ahmedabad,debit_card,21,10.0,0
029caa4d-da69-41ec-bae6-c305e037a2db,200.23,2025-08-06T14:58:02,grocery,46,Delhi,credit_card,16,95.13,0
963f0002-6caf-4c1c-a5ac-32ed3af863dd,331.45,2025-09-07T19:58:48,travel,30,Bangalore,upi,18,305.46,0
8e338907-a288-4d20-8911-35145940df00,950.03,2025-03-11T07:50:24,dining,24,Lucknow,credit_card,31,821.62,0
49feffab-17ef-4248-9a0e-d7044c858fb3,436.42,2025-02-13T14:16:42,online,34,Jaipur,credit_card,29,230.02,0
0a30448c-ca88-4129-8185-268e31a55996,477.12,2025-05-16T11:08:01,fuel,19,Pune,credit_card,25,200.71,0
d30f738b-ec8e-4472-a795-621c0f152d69,398.34,2025-01-14T12:25:44,electronics,18,Kolkata,debit_card,28,409.43,0
13bca0bf-1aeb-4dff-82b3-310754c21b73,6348.63,2025-05-22T17:43:37,online,32,Kolkata,credit_card,32,7131.34,0
a83de411-08de-4590-a704-b940f9a60519,45.84,2025-05-25T12:38:31,electronics,37,Jaipur,upi,27,10.0,0
44080661-91df-4ad4-8a6c-c8f565c969e0,127.91,2025-07-21T10:29:52,electronics,45,Kolkata,credit_card,23,24.39,0
a0de3005-8532-4d17-a3f2-ac41d6bcf896,1624.51,2025-02-05T09:26:55,online,46,Hyderabad,wallet,27,1817.41,0
68da6bef-ad2d-47ac-99ca-276d9d2c3f38,149.92,2025-09-02T23:40:03,fuel,35,Jaipur,credit_card,25,89.86,0
3280cbbb-0b15-4860-a1dd-358fec2ca7fd,438.43,2025-09-24T23:30:12,fuel,43,Chennai,credit_card,23,842.07,1
dff4e35c-e7fc-4add-8700-204f8b66c33d,1468.35,2025-10-21T17:32:39,online,52,Jaipur,netbanking,17,891.48,0
61cde887-9940-4f90-9141-f97d863e0585,39.94,2025-05-19T02:25:41,grocery,54,Ahmedabad,upi,25,42.73,0
dc0c7835-04e5-4c05-a898-b760d5550219,301.11,2025-05-15T22:01:22,fuel,44,Hyderabad,wallet,16,10.0,0
a2217526-133c-40b3-931f-c96e55a164f2,888.45,2025-03-12T08:01:54,online,53,Lucknow,netbanking,17,1113.63,0
43e6b509-3e63-4ecc-9933-d4bb5c3e0cf8,257.62,2025-04-04T17:19:20,dining,34,Jaipur,upi,30,99.11,0
e802542b-0678-4402-8ec2-a5ebb2ec1f1d,281.11,2025-05-11T01:57:48,online,33,Jaipur,netbanking,31,223.28,0
7d05c717-6254-4748-a7a0-8b0392414475,865.3,2025-04-08T10:44:00,grocery,57,Chennai,credit_card,31,1008.63,0
42deda7c-2851-465c-9033-d19de8a827aa,821.88,2025-05-10T22:10:38,electronics,29,Kolkata,upi,31,690.77,0
a3b8c799-1066-4900-85ba-3b3e3e2bad5e,238.14,2025-09-29T18:18:36,other,50,Jaipur,credit_card,34,333.78,0
0177abff-5669-4d92-9507-aec20b3f7186,662.76,2025-10-05T20:20:23,travel,41,Lucknow,wallet,17,452.13,0
1567f916-1965-4345-b4a7-fa822d7d00bb,1436.03,2025-03-17T20:13:26,online,25,Kolkata,netbanking,23,1699.92,0
a7657dc2-5b86-4238-b9af-8c7b282677ea,1340.01,2025-04-18T20:00:15,entertainment,37,Kolkata,credit_card,26,1191.35,0
b1577143-a93c-4f86-afff-bf7391d0a146,475.02,2025-09-21T01:48:58,online,43,Jaipur,credit_card,21,234.94,0
f17bf1e4-7219-43af-973e-095050cd39ed,454.52,2025-01-10T07:38:38,entertainment,36,Pune,credit_card,33,800.74,0
8a99cbfd-fed3-4d8d-998b-30628ddf24c8,2324.42,2025-08-28T15:09:25,other,30,Hyderabad,upi,25,1441.4,0
75c53c11-8209-441a-a0b8-2db5833e74a5,361.18,2025-08-20T19:45:28,grocery,18,Mumbai,credit_card,18,461.41,0
afa8243c-3c7f-4a70-a311-e2de3a32c3c8,1162.1,2025-01-27T16:37:25,entertainment,47,Hyderabad,credit_card,27,834.82,0
f218d0ed-386c-4c09-b823-6e2bd7fdcb17,565.1,2025-10-17T01:33:25,dining,36,Chennai,credit_card,26,408.2,0
aa0a1582-ff39-4ca4-aff3-76a5225f328e,100.93,2025-08-19T19:56:38,grocery,18,Pune,upi,36,72.77,0
89eae702-2c52-42ce-9ad6-2b6c4cb31f77,1063.34,2025-08-08T09:41:04,other,44,Chennai,credit_card,23,538.39,0
8ed2268b-b7a1-4857-b1da-34ce5a153ed7,424.64,2025-05-21T01:02:18,entertainment,49,Bangalore,debit_card,26,349.02,0
a8826894-8119-4f84-ad32-6c1f5b7c4b25,169.55,2025-04-22T07:39:57,fuel,45,Kolkata,netbanking,27,137.59,0
7c57d1fb-0dda-4be4-ad68-c82b5c9ca261,339.23,2025-05-15T02:18:04,electronics,45,Lucknow,upi,35,216.1,0
7bb5eed4-e73b-4b5f-9c43-b34042fe5c0e,69.98,2025-05-05T16:45:33,online,53,Kolkata,wallet,20,10.0,0
3c518eed-f952-4f99-adfb-8993a0470950,176.97,2025-06-10T04:29:13,grocery,51,Kolkata,credit_card,27,12.2,0
eb531069-5454-44e7-b4ab-6e3f08cc7428,59.88,2025-03-26T00:22:59,electronics,53,Jaipur,credit_card,30,65.93,0
c9d792c4-f2a5-4557-9149-eb7a309ce335,122.79,2025-03-04T00:34:33,fuel,42,Mumbai,credit_card,26,37.88,0
1802250e-d456-4fac-b40a-fb172beea33b,742.42,2025-10-24T09:25:20,grocery,46,Hyderabad,upi,21,318.0,0
ac975fb2-d25b-48fc-afd2-60dfe8c47488,253.92,2025-07-20T09:07:22,dining,19,Bangalore,credit_card,23,182.25,0
3d8b1033-0166-4736-9f40-0845a99a8bde,1865.54,2025-07-02T21:47:37,grocery,34,Bangalore,credit_card,24,2697.81,0
0114c2ff-227b-4ead-b4a1-186bc6ab66f7,58.09,2025-07-20T12:13:46,electronics,49,Hyderabad,debit_card,23,58.32,0
87761a9a-33a5-4d57-91c3-11a9bb99cb3a,293.69,2025-10-13T17:38:56,grocery,46,Jaipur,debit_card,26,312.23,0
78fc9c06-5dc8-48c1-b55e-60c63d5cafe6,1042.66,2025-06-09T20:48:37,online,41,Pune,credit_card,19,1100.46,0
210918a1-ab35-43dd-acff-ff10ad22faf5,153.3,2025-10-17T17:41:56,grocery,28,Ahmedabad,credit_card,21,10.0,0
1ede2dcb-1501-4978-8bd1-ee3edb2b6bc0,1061.83,2025-04-03T15:18:09,dining,31,Delhi,debit_card,20,1010.68,0
297c60b4-e92d-4a76-bcd0-ecdfe913c944,12.74,2025-10-13T11:22:41,other,47,Delhi,upi,27,77.27,0
4dc3d7a8-fc05-49cc-85c9-3f77f95ea52c,1109.71,2025-02-14T12:06:16,online,54,Hyderabad,netbanking,19,600.32,0
d6d5b567-a824-4ee4-ad43-c370434d7216,550.99,2025-05-02T01:21:50,travel,34,Ahmedabad,upi,28,220.28,0
308f459c-10cb-4cc5-9407-9cd1aa8b3495,2229.85,2025-02-25T13:55:47,other,46,Bangalore,upi,22,2219.69,0
5db59d56-d128-43cf-9bd5-1e255b72ccc6,68.83,2025-02-11T17:13:32,electronics,42,Hyderabad,credit_card,24,10.0,0
8f8c5b81-3e34-403e-af10-3c941d7c5fab,288.09,2025-04-05T00:34:34,travel,49,Hyderabad,upi,22,227.84,0
238dcb28-0be7-48af-adbf-e716a4ea13bd,1456.72,2025-08-25T08:37:33,electronics,57,Lucknow,upi,22,1089.68,0
13ec406c-aa57-4a50-9e7a-200d4208483e,564.35,2025-02-27T13:30:44,fuel,51,Pune,netbanking,22,317.65,0
67cf688c-1575-4041-a626-51705d588129,68.79,2025-03-21T22:46:47,online,46,Mumbai,wallet,25,10.0,1
1bfedaa0-e9e2-459b-b3ef-878c4a89164e,87.76,2025-07-08T05:06:13,other,36,Delhi,wallet,27,10.0,0
2fe86d6c-373f-4e22-a274-1dfbe02e1728,273.26,2025-10-15T22:22:47,fuel,29,Ahmedabad,netbanking,32,274.35,0
f22f127b-d354-4881-8833-0cce6ec738cf,59.21,2025-09-29T12:38:04,entertainment,29,Chennai,upi,22,68.72,0
e002e7ed-3dbf-46ac-b239-acaa814033b4,1183.93,2025-05-01T11:44:14,online,42,Jaipur,debit_card,28,1551.54,0
6c4ed1fd-da08-4a9b-b733-10c47906086a,69.59,2025-06-17T07:01:30,fuel,55,Chennai,debit_card,23,48.06,0
186b4cd7-ef4c-4295-9a16-05896a9b7542,1831.99,2025-06-13T19:22:37,fuel,33,Bangalore,debit_card,22,772.12,0
16622adb-5655-4848-9ec8-e304c8b33b9b,100.57,2025-01-13T14:43:21,fuel,23,Hyderabad,debit_card,23,177.28,0
9f7a3f8a-3f05-4e7c-b1b3-39f58050d8cc,2341.4,2025-06-02T04:06:37,online,29,Delhi,upi,29,2022.77,0
d1f65393-e589-448e-8786-b844e2689e2f,297.82,2025-09-13T10:21:31,entertainment,26,Delhi,upi,29,108.22,0
c198529d-fcef-49b5-b084-408efce28386,1056.73,2025-01-13T21:36:56,grocery,19,Lucknow,wallet,20,1054.76,0
a9d86766-b8df-4c76-a6df-9e24a1fff89d,527.69,2025-02-06T16:28:43,entertainment,41,Jaipur,debit_card,18,637.61,0
95cf3b2b-5f73-45d7-8b38-b11a72b2d229,446.46,2025-08-06T06:18:38,travel,54,Bangalore,wallet,26,628.73,0
49253ca2-7fb1-4331-bbc1-65876f7a0627,436.61,2025-03-15T06:27:24,travel,58,Chennai,upi,22,455.32,0
ab1a16f7-f1ee-4136-ae22-9a7e4a3d1646,127.35,2025-10-04T19:15:57,grocery,48,Jaipur,wallet,30,48.84,0
a67a88f8-0330-4a0d-b2d3-286a210e6f76,979.76,2025-03-13T16:42:12,electronics,35,Jaipur,debit_card,22,415.47,0
8a734995-d567-4d30-b7de-0b9c437752af,668.33,2025-06-21T21:33:15,dining,53,Delhi,debit_card,23,689.49,0
762205ed-265b-41d6-abc7-eac340849309,2188.86,2025-05-25T12:14:19,dining,54,Ahmedabad,netbanking,24,1404.39,0
95fd79be-5b7a-41b0-b32e-a5d50e405cbd,1284.09,2025-01-23T04:32:05,grocery,18,Chennai,debit_card,14,1609.36,0
876c2cd0-9b72-4710-a1c7-86b6a49b1bba,1343.05,2025-10-13T08:00:28,grocery,24,Mumbai,netbanking,23,230.86,0
65362b46-47dc-4108-903d-e5b033ec5386,807.76,2025-03-26T16:02:45,online,28,Hyderabad,credit_card,29,267.99,0
0956b0da-a011-42c0-9d50-07da4b675d38,346.82,2025-04-11T10:58:12,dining,40,Chennai,credit_card,26,109.66,0
a6e3c1e8-48bd-4a36-b5de-2e5a0d9aaeb5,171.15,2025-01-05T18:25:56,dining,30,Delhi,debit_card,20,159.12,0
f5be9039-7da1-458a-9d53-362d476e9fc1,8477.84,2025-06-20T19:54:55,dining,34,Kolkata,netbanking,26,6756.72,0
2d6660de-bf81-412a-ba27-50d330e9399c,788.4,2025-09-08T00:25:02,entertainment,33,Bangalore,upi,12,727.95,0
934d23d8-d249-41cc-862a-d6452af85f5e,692.15,2025-10-08T18:16:23,entertainment,56,Hyderabad,netbanking,33,380.48,0
edc72837-0002-4a1d-8741-76ebee9b6d93,3457.72,2025-03-19T02:17:55,grocery,26,Mumbai,upi,19,2476.08,0
d53a0a20-c6bf-481c-b3b6-33ab68c45e57,95.98,2025-04-02T13:49:34,other,31,Jaipur,credit_card,29,10.0,0
dab2337d-8e29-4310-9a10-e98751fccae4,1506.47,2025-06-26T05:05:44,dining,48,Lucknow,upi,22,1565.08,0
8344bb18-3ef3-4c86-b980-d0e8f7fe7b07,699.14,2025-07-30T16:33:00,other,28,Pune,wallet,20,584.44,0
ce84b490-9fe7-48b2-a83b-ee09bd59d3cd,167.81,2025-10-04T15:20:43,fuel,50,Chennai,wallet,20,97.14,0
95fb1465-1f35-4244-94cd-189b9f5a42fe,774.07,2025-05-19T13:00:25,other,30,Lucknow,upi,17,563.3,0
af807716-21a1-4600-adfc-57f356ff58e7,1120.82,2025-07-21T04:46:33,other,40,Ahmedabad,upi,23,731.29,0
a55b63da-47aa-45f8-878b-340ccf3c8b7a,959.31,2025-09-06T09:07:37,online,21,Mumbai,netbanking,18,782.86,0
7aed2a5c-73f7-42c6-b681-4f8e4fbb3c4c,65.54,2025-07-07T07:51:34,online,25,Mumbai,netbanking,21,77.69,0
48f4218a-0341-4303-b84f-280bb771ee68,3658.88,2025-06-29T21:52:11,travel,28,Bangalore,credit_card,25,2493.97,0
65584093-1950-44ec-ba30-490cd74e7af4,2579.41,2025-08-15T21:35:19,online,29,Hyderabad,credit_card,17,2427.09,0
bd9be71e-72be-4d34-ab9f-20edb9509427,444.48,2025-03-14T20:46:51,online,30,Hyderabad,credit_card,22,64.58,0
348dc5a3-11be-4d75-8c13-99470ca497ec,108.01,2025-08-26T16:00:03,dining,32,Lucknow,debit_card,17,132.45,0
26bd96a4-2d16-4127-b196-e0e798c2c93c,104.92,2025-06-14T17:55:15,online,27,Delhi,upi,22,10.0,1
c1dd3aca-27fd-485e-8b73-c4a49a710808,535.58,2025-09-27T10:26:47,online,25,Ahmedabad,credit_card,29,220.41,0
7aae5d76-8835-4554-a36b-95642b7c57d3,337.6,2025-10-03T02:33:22,dining,51,Jaipur,upi,19,10.0,0
93622156-2076-4217-a154-b502190e1601,202.45,2025-01-06T17:30:53,grocery,57,Delhi,credit_card,43,119.7,0
3bdea383-fdff-46d5-9aa2-ac9db95013d0,202.68,2025-03-14T16:46:28,online,40,Bangalore,credit_card,25,103.15,0
d8b46b51-f6e0-4115-b258-e2d80b110453,194.59,2025-09-30T23:40:35,entertainment,28,Hyderabad,debit_card,26,149.86,0
59d21803-85ed-45df-a294-ae01e85f11b0,64.18,2025-04-03T18:44:09,dining,63,Ahmedabad,upi,26,10.0,0
6183484b-72e8-4c51-8b42-942e1bb48723,716.5,2025-04-18T07:33:38,entertainment,23,Bangalore,upi,28,649.92,0
5b3cbeab-9926-49aa-87a5-29c5760e2535,438.79,2025-05-02T01:50:39,dining,59,Chennai,credit_card,30,456.75,0
893cbf69-ca5c-49a3-8327-57219763eb13,258.49,2025-05-05T12:33:45,grocery,18,Bangalore,debit_card,34,116.99,0
e621bf69-1b47-4ddd-bf24-90449f43ea5f,1753.48,2025-04-14T23:48:39,electronics,63,Bangalore,debit_card,27,1952.19,0
8ea5b1c2-5362-4746-b67a-712f672bff15,109.09,2025-02-23T03:54:27,entertainment,43,Chennai,credit_card,23,236.24,0
85949c50-48af-428e-99cd-23cff9e60d63,678.56,2025-10-14T05:55:14,online,37,Chennai,credit_card,16,691.2,0
7fa0daae-e505-44c4-b575-2f9b0f14c2bb,4757.93,2025-10-20T04:22:19,travel,24,Bangalore,credit_card,26,4704.45,0
0498cb8f-b65c-4fc9-8c76-ba266065ffd2,659.8,2025-09-08T17:20:38,electronics,34,Lucknow,netbanking,27,225.4,0
8e8ba005-eac3-4ed0-8525-19d93fb1a79a,108.0,2025-10-15T06:11:45,online,36,Jaipur,credit_card,24,119.77,0
afcab7ea-3677-452b-a6d0-6cb784e78491,122.7,2025-04-24T01:06:04,fuel,33,Bangalore,credit_card,30,10.0,1
2886b7e4-8bcf-4d6b-9589-8faf29e1c685,1478.32,2025-09-09T06:08:20,electronics,19,Bangalore,debit_card,25,1763.35,0
0be12171-69d2-40b4-9e95-1506cef631e9,1630.69,2025-10-05T03:33:21,fuel,35,Pune,upi,24,392.23,0
409090b5-19a3-4777-a797-b78d1e593da7,232.2,2025-07-23T20:27:27,electronics,28,Mumbai,credit_card,34,273.62,0
69fefcb6-c20d-4122-89e4-ecc489527bbb,1401.02,2025-05-28T12:19:49,grocery,38,Lucknow,upi,17,1088.74,0
f5df3fa0-f238-45b6-aa7a-51afd548b095,205.99,2025-06-15T02:07:39,electronics,35,Jaipur,credit_card,22,175.02,0
27d791fe-cb6a-4037-9b30-5c7819242827,162.72,2025-09-21T23:19:08,dining,42,Mumbai,credit_card,27,149.23,0
c6497ea7-e105-4947-a2ad-027555f29750,786.53,2025-06-10T01:15:42,online,18,Mumbai,debit_card,29,459.97,0
a1b3de1d-dd1c-4835-b02e-9a1fc9448081,145.85,2025-10-05T05:02:54,grocery,41,Kolkata,wallet,12,124.96,0
3d42b039-525c-4ee6-9009-0740ffd399b7,109.03,2025-08-07T14:13:29,fuel,45,Pune,credit_card,26,10.0,0
70e65042-73f5-4a00-bd8d-1db226b5ccb8,1033.33,2025-03-04T22:45:05,other,41,Mumbai,debit_card,24,594.31,0
a58757f4-f043-49c2-a94b-97647666b364,549.52,2025-09-24T15:15:52,travel,37,Chennai,upi,23,433.96,0
7a0917bf-1a51-4b38-a078-a89430a4230a,211.26,2025-03-23T18:40:43,fuel,40,Pune,wallet,20,155.24,0
d274c407-8134-4083-be68-6ee1148d20d8,2012.49,2025-02-15T01:06:22,fuel,38,Kolkata,netbanking,18,1517.15,0
f22572da-b993-4bae-b92a-b81b84e32265,26.19,2025-05-25T23:23:26,online,37,Ahmedabad,netbanking,24,10.0,0
71a6780e-0fd3-4722-a169-f4003947a8cd,281.16,2025-08-18T12:01:00,other,53,Kolkata,debit_card,23,251.56,0
f12d722f-f3b5-4e9b-974f-d1be02d9519b,1125.94,2025-04-04T21:12:30,fuel,38,Hyderabad,upi,24,933.55,0
a8e0fc9f-76df-459f-9198-e34a8844dbfd,209.56,2025-04-25T13:16:57,fuel,42,Ahmedabad,credit_card,25,189.43,0
7aa56801-44d4-4c0f-b1ad-7c0fc8d7b16f,997.2,2025-03-06T04:31:28,other,42,Delhi,credit_card,28,1437.92,0
b1640755-c89a-45aa-97f3-c6a74d4c67cd,688.22,2025-05-13T16:44:08,fuel,18,Pune,credit_card,26,544.83,0
1fb99c64-baca-4ff6-8965-057beaf70e83,837.53,2025-07-04T07:45:07,entertainment,31,Mumbai,upi,19,324.63,0
4e8d1774-81ec-4f49-8e53-bd0e7e64d1b1,1876.31,2025-06-17T22:15:40,travel,41,Mumbai,debit_card,24,1821.3,0
f4839d4d-9731-49a0-9d93-5bc8c0446f47,131.54,2025-03-07T07:11:39,grocery,28,Chennai,upi,24,141.36,0
fd403ca9-f25b-4295-80cb-2954de1dd96a,89.91,2025-01-18T05:32:00,dining,18,Delhi,debit_card,23,38.31,0
0bc18403-f1a0-4b89-bace-f9335e8d78fd,548.74,2025-04-08T00:40:37,dining,51,Delhi,credit_card,22,449.46,0
1d252d56-6861-406d-a124-9ff9b61169d7,1307.4,2025-07-31T14:56:38,entertainment,23,Hyderabad,credit_card,31,1690.87,0
2cfb380f-ad44-4d56-8cb4-b6a1bd41dbb3,386.74,2025-07-01T05:19:08,grocery,41,Bangalore,netbanking,22,363.54,0
c3f7e31c-a0c4-4870-89d3-f8a626ed833f,65.94,2025-02-28T00:19:33,dining,19,Chennai,credit_card,16,21.81,0
35905494-b334-40de-be27-acfec40f8715,1127.91,2025-05-26T22:15:57,grocery,42,Bangalore,credit_card,27,632.49,0
38852df8-1797-4042-9672-8ce3722674b5,2703.8,2025-08-24T06:51:27,online,27,Lucknow,debit_card,33,2679.74,0
a7931aa5-be11-4586-8f7c-94777a6a1662,101.97,2025-04-21T19:06:38,grocery,38,Ahmedabad,debit_card,33,40.03,0
56686169-4473-4c4f-83fe-7de782c6e366,805.26,2025-07-11T14:38:00,travel,42,Lucknow,upi,25,1090.94,0
7c54ba1f-bd06-4a14-9718-300549c7ab8a,6115.75,2025-04-26T12:06:38,grocery,25,Jaipur,debit_card,26,3215.49,0
aca15c7a-98dc-48f0-9740-39eb081d226d,620.84,2025-08-09T14:58:51,entertainment,25,Chennai,upi,24,490.5,0
9159a6f0-ec58-42e1-88c8-dce0cf2ee45c,136.78,2025-06-18T20:07:40,electronics,23,Kolkata,credit_card,28,247.37,0
d1deeb8a-bba2-4672-bf70-ffb61ef79c90,132.43,2025-02-19T16:27:51,electronics,18,Ahmedabad,upi,16,122.62,0
8dd8d710-ee85-4ed8-849d-48ae706f6732,215.77,2025-08-04T15:49:16,entertainment,20,Hyderabad,debit_card,22,104.08,0
faf0765c-7b9b-4634-86d7-12b9d001d800,1213.06,2025-08-12T15:21:45,electronics,28,Bangalore,upi,23,1311.1,0
64aa8066-3d1d-4b4b-b694-3cda656a5bd7,183.77,2025-06-27T11:00:26,online,59,Hyderabad,upi,28,84.18,0
1daab6a4-16e7-4945-8120-a29ccf492315,226.32,2025-08-14T14:49:38,grocery,41,Delhi,netbanking,29,196.51,0
c42dada4-2e1d-4fe8-9b8b-d1bb7bb920c1,151.09,2025-01-28T17:25:54,entertainment,61,Bangalore,credit_card,25,156.22,0
14972a37-f179-4e62-9c53-a2a0ffb93af1,407.01,2025-08-09T07:29:20,grocery,31,Mumbai,upi,22,514.12,0
2f03d06b-dde4-4cfc-991b-c1aee4d35558,72.2,2025-06-26T14:14:03,entertainment,35,Ahmedabad,credit_card,26,109.8,0
ba886bc6-75ce-4a1a-b348-abca604e9360,431.52,2025-09-06T19:46:37,online,37,Kolkata,upi,31,292.54,0
a0b8d6ab-df69-4000-bc6f-5fe28dfc7931,103.98,2025-07-03T23:38:24,online,60,Ahmedabad,wallet,21,112.11,0
fd278a93-8851-4c42-95b8-f4d6346a4d22,230.0,2025-02-28T02:09:38,electronics,50,Lucknow,wallet,29,264.1,0
c70408c8-9c01-4fb3-a983-51b8b0fc70e5,1893.56,2025-01-11T21:02:06,other,40,Bangalore,upi,19,648.02,0
0c6b4024-86d0-485f-ab98-9fed726f9cda,77.42,2025-03-15T06:16:19,dining,20,Mumbai,upi,30,46.22,0
974cf4ab-6bad-457e-b3d0-c098d25e1b19,66.62,2025-01-17T15:31:59,grocery,46,Chennai,credit_card,20,10.0,0
b07c78de-c244-48ce-b9e1-6fb8b641e50c,614.34,2025-06-30T03:16:51,grocery,32,Bangalore,debit_card,24,638.14,0
6ee4f257-8a60-4fbf-abde-5e2ed47a4c3c,864.12,2025-06-21T11:48:21,dining,32,Bangalore,debit_card,32,214.62,0
1f8d7cfb-6b42-4883-a9df-3a9f2d0db48c,41.84,2025-03-04T08:47:46,online,42,Mumbai,credit_card,25,128.51,0
057e8e6c-2352-46bb-9186-8b5dc9dc9afa,2826.81,2025-08-02T19:34:10,entertainment,48,Mumbai,credit_card,26,935.65,0
d0671551-bbb9-460e-b2f0-bcc57706a22a,567.12,2025-10-16T19:43:55,grocery,42,Lucknow,credit_card,29,484.51,0
748b664c-8c61-48b2-b102-94012372b403,20.55,2025-05-08T15:36:11,entertainment,32,Bangalore,netbanking,21,98.15,0
bd17be49-fcaf-4cbb-ab8a-3c8752cc0571,465.99,2025-10-18T07:03:32,other,49,Lucknow,upi,21,483.9,0
33c4cc95-a3d0-46fd-bb4b-b3d8054c2247,1770.74,2025-10-03T10:24:05,electronics,49,Chennai,debit_card,22,1559.57,0
62fe7b28-2266-433a-be64-1a889f48e373,154.17,2025-07-06T12:21:49,grocery,21,Ahmedabad,debit_card,22,37.31,0
52e973d4-332b-4009-a680-a8031373c9c1,1447.59,2025-07-04T18:04:33,electronics,35,Pune,upi,30,1943.51,0
c016f684-d57c-47f7-ad53-b0e0666ce083,971.63,2025-09-02T12:03:21,travel,38,Hyderabad,credit_card,27,931.99,0
6d6fdb96-0ad5-483a-a82d-2425d456fa3f,1437.43,2025-01-24T00:02:28,travel,35,Delhi,credit_card,24,1169.34,1
f555a13e-ac69-4106-9c01-78909076652d,772.94,2025-07-27T20:56:45,entertainment,36,Lucknow,credit_card,42,576.57,0
12d024c7-b359-4c06-9ae3-e6bccffb346e,269.42,2025-06-19T15:52:48,fuel,33,Chennai,debit_card,21,387.93,0
5dd117eb-c026-40fd-8d1f-a32cdefe7ac5,94.69,2025-05-10T18:32:04,electronics,46,Lucknow,credit_card,21,10.0,0
3137c1eb-e827-424a-a8ce-d36e363459f8,645.05,2025-05-14T05:50:17,fuel,61,Mumbai,upi,23,452.41,0
b216cae6-d0ba-455e-8d63-5178c9e99980,460.22,2025-04-09T18:46:17,grocery,47,Bangalore,upi,21,261.58,0
0881dab2-ad32-4b1a-9145-5d3209290d73,1548.41,2025-07-02T23:52:00,fuel,18,Ahmedabad,upi,23,1332.52,0
7c2bf74b-93d5-4e59-bb6c-f205124b9ec2,711.79,2025-09-09T19:28:12,other,50,Lucknow,credit_card,25,622.15,0
82aa29c7-9b30-4d06-b861-9ba6836c739d,225.77,2025-02-20T22:50:38,grocery,24,Ahmedabad,upi,14,327.79,0
c2db91fe-a831-4ccf-a8a5-1685420899d1,1526.86,2025-01-06T11:02:13,online,40,Mumbai,credit_card,25,2228.23,0
0e6115af-4ff4-487d-ab2f-fd22cb78261a,754.66,2025-03-03T19:19:31,fuel,38,Lucknow,upi,33,307.98,0
3b9df97d-475b-41ff-95e1-5be2b131e92f,1425.46,2025-01-09T03:39:11,electronics,18,Mumbai,wallet,35,770.55,0
4bc9d2be-e521-4452-ae3b-5a126b0fb849,472.36,2025-08-03T18:07:12,online,44,Bangalore,credit_card,21,344.95,0
1dac450b-ddc7-4b0e-b318-55a915a8d5d1,5345.55,2025-06-13T01:07:26,grocery,49,Kolkata,netbanking,25,4486.47,0
2ea7aefc-65c1-47bd-a981-179a70efb6c4,716.22,2025-08-26T02:02:08,electronics,47,Hyderabad,upi,24,334.51,0
146fe81b-8b61-4f9b-b0b4-bb293d326b56,411.62,2025-09-12T17:47:01,electronics,21,Bangalore,debit_card,22,536.32,0
fdce3146-a244-44f9-b8bf-7d43bdaa354f,172.73,2025-06-24T12:51:20,grocery,53,Mumbai,upi,21,202.89,0
6d24bef9-0389-4bc7-937d-0a57c6173827,716.39,2025-07-09T11:11:06,grocery,32,Delhi,debit_card,22,461.19,0
38e65db1-3eea-4e3d-af71-32196641e7fd,531.71,2025-05-12T15:05:16,electronics,40,Chennai,upi,21,491.86,0
29a0628c-bc2a-496f-a28e-391de07b87fd,284.04,2025-07-13T23:34:19,electronics,21,Chennai,wallet,38,369.87,0
b9abab33-78c3-4b73-a781-fa0702a43c87,558.15,2025-05-26T02:29:57,online,23,Ahmedabad,wallet,24,163.99,0
45fd476e-8ef7-4ade-bc2b-f765f7cc49fe,986.19,2025-02-26T00:47:47,fuel,24,Delhi,debit_card,19,445.2,0
5dae58e7-fa59-43c4-b0d9-fa73411fdd9a,1362.54,2025-08-20T11:09:34,grocery,35,Lucknow,debit_card,28,1816.55,0
1130e9a8-aa44-4937-9d10-4e89ef726145,672.75,2025-01-19T17:27:40,fuel,51,Ahmedabad,wallet,28,547.59,0
c1aa58a6-8a0c-4127-80be-12d39bcb72f6,614.35,2025-07-10T03:16:35,fuel,51,Delhi,debit_card,28,425.65,0
c4c5eb1d-c107-47fc-aab0-17b24e886e5a,333.14,2025-08-08T15:06:26,online,25,Lucknow,debit_card,26,204.85,0
afe17e77-1a6c-428b-bb9a-79709a974d81,518.7,2025-02-24T19:24:09,electronics,36,Ahmedabad,credit_card,20,367.77,0
c6fa4f8c-16c3-4134-9ab7-d2260f06365a,56.36,2025-03-01T07:25:29,travel,43,Delhi,credit_card,31,19.16,0
1a137746-4075-45b5-8d55-56276b4b82ef,96.79,2025-04-06T11:35:28,fuel,20,Hyderabad,credit_card,27,193.75,0
dd901ba7-2955-45b9-bd1f-904c294e8350,857.91,2025-02-23T19:03:07,online,30,Kolkata,debit_card,25,682.73,0
a74ad53b-8919-4b0a-acc6-884d59d3a03d,608.85,2025-07-16T17:12:58,online,46,Pune,debit_card,28,343.63,0
2aee5506-2901-4b44-b537-9c5368c08fc7,921.1,2025-07-26T01:31:06,dining,19,Jaipur,upi,23,1132.07,0
82efb06a-f684-4b85-9bc3-07d031ba2fbf,483.71,2025-06-03T07:34:45,online,34,Jaipur,upi,34,484.44,0
de33f0c0-45f0-4874-9f90-b6ee89a4314e,1491.72,2025-03-20T17:41:07,travel,30,Hyderabad,credit_card,33,523.89,0
99762fd0-5159-475b-8ebf-01e185344f8a,1205.93,2025-04-29T04:19:02,online,28,Kolkata,wallet,29,859.15,0
daec74fb-aae9-4e25-81cf-490d32b06fa7,743.31,2025-06-28T20:22:19,entertainment,30,Delhi,netbanking,42,949.5,0
6251263b-5fa6-4ae7-a627-83dbabb1f752,1535.23,2025-03-12T11:37:46,dining,39,Jaipur,debit_card,25,1367.88,0
b38ed979-1d6e-4100-9ca5-86eceb2ef59a,169.61,2025-08-23T06:43:08,other,40,Bangalore,credit_card,24,82.92,0
18e376f4-0c0d-4638-803c-48bc8c0d6eac,827.7,2025-01-29T08:05:26,travel,35,Bangalore,credit_card,27,689.18,0
94d8fc2b-7c5c-4eb1-808a-6eb5a4748ee0,345.4,2025-10-11T17:18:47,online,69,Kolkata,credit_card,25,301.75,0
f0b1e22e-09c0-42cc-841e-72279ea0f6f1,128.47,2025-10-18T18:55:17,other,35,Kolkata,netbanking,23,122.33,0
ff742fab-98a4-4528-afe0-7047ee3455b3,296.31,2025-02-03T11:02:24,online,46,Mumbai,credit_card,30,318.74,0
dbb84926-592a-4ccb-9682-ca09e1111be6,330.02,2025-06-30T07:45:10,fuel,31,Pune,debit_card,21,270.9,0
b646431e-c464-4866-83a5-61330d463415,326.21,2025-10-18T14:22:22,online,18,Ahmedabad,netbanking,24,250.53,0
74fd0108-ebe3-4b6e-a136-9c6b1ed190cf,1118.99,2025-04-18T19:12:48,grocery,57,Hyderabad,upi,20,971.63,0
1d8cf00b-f62c-478d-82f5-a4fd1ac3f7ca,276.03,2025-08-12T20:34:17,other,45,Mumbai,credit_card,24,218.28,0
5ded3f65-baa6-4ce1-af30-1c7177542ba3,133.48,2025-05-03T09:08:04,dining,64,Ahmedabad,credit_card,32,72.35,0
35aeb382-5c00-4080-bf33-ed2352bcad7e,5040.68,2025-07-31T12:07:26,electronics,53,Kolkata,upi,17,294.81,0
e4a250ba-7417-42d1-848d-8b61b7afab66,399.2,2025-07-22T09:42:07,other,18,Kolkata,credit_card,26,307.18,0
27d89f17-076b-439d-a475-c22011d93168,798.54,2025-07-26T07:57:57,dining,20,Delhi,credit_card,16,778.67,0
b8823088-7416-4bfb-9be9-2b4b316c46c1,3316.75,2025-01-16T16:09:15,dining,35,Kolkata,debit_card,23,1386.0,0
64498502-e8d8-4ca4-b331-712121aef020,136.63,2025-05-29T18:44:16,online,68,Kolkata,credit_card,28,10.0,0
b3d2594a-bf48-46f9-a6cf-1e4e668bdaff,262.56,2025-02-15T09:39:25,online,53,Jaipur,credit_card,20,123.8,0
9baa9a6f-c3fa-49cd-91ea-7b10497f11b4,165.75,2025-03-07T23:27:24,other,46,Kolkata,netbanking,20,10.0,0
b19ac05c-102c-41ba-8f36-f6dba516ae77,162.02,2025-09-30T20:35:02,online,45,Ahmedabad,netbanking,21,254.85,0
38cc3b41-502b-4ae2-bce5-710c88da3dce,155.89,2025-01-24T15:13:51,electronics,46,Bangalore,upi,22,123.6,0
59a84b0c-4a15-4267-9d2e-32772b7d4922,82.5,2025-09-16T06:15:53,dining,28,Kolkata,upi,23,44.17,0
4d3ad8a2-c69f-4b7a-8e14-b93594bba6fb,177.39,2025-07-29T03:58:53,electronics,34,Bangalore,wallet,22,216.87,0
16b325da-5e93-4acb-b9c1-82fd5ce5e065,124.03,2025-03-17T20:24:11,fuel,47,Delhi,credit_card,27,176.6,0
57d7c7b7-1c74-44fd-bf70-f5ad424533fb,448.18,2025-04-27T16:40:41,entertainment,32,Kolkata,debit_card,25,344.33,0
5cf313d9-9d23-4a2e-92e4-f30b820f4701,1145.41,2025-02-06T16:21:52,electronics,31,Delhi,credit_card,19,886.97,0
3e67165d-d45e-4437-8c7d-a43c5a644ad1,167.28,2025-01-11T10:08:36,dining,37,Mumbai,upi,26,35.73,0
1703f983-6457-4314-8de8-fb8c7f735820,297.44,2025-08-07T04:18:19,online,37,Ahmedabad,debit_card,25,272.46,0
2d9bef63-36c9-4d90-9a50-068ff9cf14d2,858.78,2025-01-22T16:21:30,entertainment,33,Chennai,debit_card,22,898.65,0
4b5fd73d-34e7-4943-bc88-052cc5cb1a78,198.46,2025-07-05T09:54:29,dining,47,Hyderabad,upi,25,10.0,0
21dd574c-0fee-4c13-93ea-1f88e9340c14,149.5,2025-05-04T21:15:39,grocery,26,Hyderabad,upi,17,142.22,0
310a475e-fa11-4ba1-9e33-5b65814ee0cf,1342.98,2025-09-09T22:59:20,electronics,47,Chennai,upi,28,913.79,0
5575e6f5-a5b9-4fdb-bebf-0a9fca79917b,430.04,2025-04-24T02:21:04,entertainment,52,Bangalore,netbanking,21,386.74,0
3d272d37-5187-414f-8989-573598029f32,938.1,2025-08-09T22:45:29,entertainment,45,Hyderabad,credit_card,21,315.48,0
c9365193-15af-4998-b907-0f6c21f1f007,576.96,2025-04-18T10:12:51,entertainment,52,Pune,upi,22,712.69,0
532718b6-ef87-432a-9b30-e1a0a38cc363,185.84,2025-10-12T15:20:10,travel,47,Kolkata,upi,23,197.24,0
7bdfc667-f3b2-4c68-8445-4dbe01fc37e5,262.42,2025-10-03T03:39:47,online,40,Jaipur,upi,23,300.26,0
1bf702e2-f80b-4417-a6b6-247e192d2ea8,82.52,2025-06-13T13:41:49,online,39,Chennai,upi,27,31.34,0
f94d2063-40d4-4c3c-92a6-ea7aaf1d8a04,155.91,2025-09-09T02:56:09,fuel,35,Pune,debit_card,18,140.59,0
b6811984-8f40-4862-804f-0b91f321535e,315.09,2025-10-02T16:58:39,dining,50,Lucknow,debit_card,33,346.14,0
96b2e49e-d759-4d48-a926-b64db8bfb2c7,1038.7,2025-10-22T06:36:27,entertainment,45,Lucknow,credit_card,29,942.6,0
4580e08a-37de-4f2e-9084-8bdaa842b5d3,639.44,2025-04-15T10:17:16,fuel,21,Mumbai,debit_card,27,313.32,0
ab3c53f9-14e0-48c6-ab65-80b1fe30e2d2,2898.85,2025-09-17T00:05:05,grocery,19,Delhi,credit_card,27,1810.58,0
2e11710c-7b33-40bb-b123-e18adc69f80d,110.53,2025-07-21T19:04:15,fuel,56,Hyderabad,netbanking,25,106.79,0
39f9066f-87d2-4cd7-ba1d-b75467ce8fb6,15.77,2025-08-15T15:16:02,entertainment,57,Ahmedabad,credit_card,24,10.0,0
18bbdf37-ea4f-4441-a7b2-da0026ea4b49,105.42,2025-04-25T22:03:08,fuel,24,Ahmedabad,upi,29,129.18,0
e288b7ab-4e3e-448f-9267-04b471796386,50.38,2025-02-07T21:40:59,dining,44,Ahmedabad,upi,32,10.0,0
119d4664-9608-4316-a6e5-a03249c6a119,735.06,2025-03-16T19:20:11,online,18,Kolkata,netbanking,26,108.76,0
bd26f1fd-36cc-46a8-9796-7743e60c42f3,430.88,2025-04-22T08:50:20,fuel,35,Chennai,upi,29,402.33,0
6336ef17-bfcb-4133-ae2f-166823184118,75.55,2025-05-21T03:39:13,online,18,Hyderabad,debit_card,15,10.0,0
11b794d2-0775-4b89-b52b-d1cee37fec0b,1414.98,2025-07-10T21:42:23,online,18,Kolkata,wallet,24,1242.41,0
67a5be84-28aa-4bd8-bcda-a01e34905b4b,691.12,2025-07-19T17:37:44,online,49,Chennai,credit_card,28,10.0,0
3ebd504e-e9a5-4aa5-9e82-bb237c1c92bb,241.57,2025-08-21T06:02:05,grocery,25,Pune,upi,19,188.63,0
52590379-423a-46f7-8c32-c70f75b7f967,197.3,2025-10-06T22:34:04,entertainment,46,Pune,credit_card,25,206.98,0
11c3076a-8f53-464c-b9c5-322e50c7e9f0,1206.02,2025-08-19T00:13:27,online,37,Lucknow,debit_card,21,1632.59,0
b8505b43-f508-4aa5-ac63-61e145b0d784,431.02,2025-02-11T02:22:37,fuel,49,Chennai,credit_card,25,338.7,0
3964de98-4911-4ac2-b0f5-7d9b3a193c3e,1656.0,2025-01-03T15:10:41,grocery,72,Hyderabad,debit_card,26,731.24,0
976ce5d7-62e1-4725-80f0-0659c6ac19d5,517.38,2025-09-22T22:25:22,dining,35,Chennai,netbanking,31,341.33,0
634d8e78-69fb-49ad-8f3b-0d33a1a02317,1680.8,2025-09-03T03:18:59,entertainment,37,Chennai,netbanking,21,1396.6,0
997db385-63ec-48dd-a505-cac867d8822e,583.12,2025-04-18T14:05:18,dining,33,Lucknow,upi,24,211.18,0
2ba7c041-6eca-4d09-9bb5-0b415ccdcceb,1960.37,2025-06-20T16:35:03,entertainment,37,Bangalore,credit_card,19,1739.91,0
5d9ae029-31ff-4f0c-a01d-600d28c82693,1031.23,2025-01-13T01:46:38,electronics,44,Pune,credit_card,29,1503.93,0
e2fe21f8-aaed-4980-8bd9-21a43106c7b3,4225.33,2025-02-13T18:15:27,electronics,33,Lucknow,netbanking,28,4745.99,1
a6c6e15a-737c-4c34-a2b3-80f0667ac256,640.35,2025-08-03T04:22:58,grocery,40,Chennai,credit_card,27,83.41,0
a73b8d6d-dfa0-45bb-b2f7-acfecea56fe1,289.85,2025-04-03T00:00:50,other,32,Pune,debit_card,33,368.67,0
3a7aa894-6cd4-4977-8261-2bc924a10b33,1423.53,2025-07-28T21:41:27,online,34,Hyderabad,credit_card,21,953.64,0
6cec1979-5d7d-4b37-9097-272a3da86e54,723.97,2025-10-11T07:20:06,grocery,66,Bangalore,wallet,28,794.49,0
6a4134d8-4561-4c04-9108-79f9de285c0e,106.9,2025-01-11T16:32:04,entertainment,50,Pune,upi,20,144.86,0
833021ce-e704-4462-8af1-6ffc83715959,1041.1,2025-08-31T15:31:34,fuel,46,Pune,upi,18,904.4,0
1b491151-856b-4782-838a-86114cc58072,794.2,2025-06-28T01:19:17,electronics,34,Kolkata,debit_card,18,384.25,0
cce2e526-e0c1-4292-b989-a950bf6ed469,122.42,2025-01-18T09:35:25,fuel,63,Lucknow,netbanking,27,62.53,0
bf179f31-aa5f-43eb-b864-b33e7b3ff010,310.98,2025-02-25T07:55:16,dining,18,Delhi,netbanking,34,183.83,0
1f0b39b9-84e1-4c69-af3d-b2e347d6b213,173.93,2025-02-13T16:05:16,online,18,Hyderabad,debit_card,32,198.91,0
eaf9afa5-7bfa-4f7f-9b49-ccf37f0e6627,683.16,2025-04-22T17:02:14,travel,37,Delhi,upi,27,639.22,0
94c4c395-b3f0-45ff-bba7-81ca2229b34a,899.18,2025-01-15T21:00:42,fuel,51,Lucknow,upi,19,770.33,0
b52971a7-921f-4884-bf5b-5af6324e4342,530.63,2025-02-01T14:06:30,electronics,43,Kolkata,netbanking,29,463.15,0
a9f907cf-7d8c-4500-9414-5de215cb96fc,45.05,2025-05-16T08:40:44,online,29,Ahmedabad,credit_card,14,73.93,0
c90f35df-2d28-4664-83cd-115380d5fadb,275.78,2025-01-19T20:52:02,travel,42,Chennai,credit_card,25,209.76,0
866783e9-a03a-47ba-b28d-3416c2430912,300.2,2025-05-29T19:24:54,travel,42,Bangalore,debit_card,30,292.15,0
c2b06360-f033-42d7-9a4f-95587b160bd0,221.76,2025-07-03T11:01:38,electronics,43,Kolkata,debit_card,34,152.07,0
dc926e9a-ec40-4422-b4b4-bdfb945502c8,3615.52,2025-08-15T08:36:40,grocery,41,Bangalore,debit_card,18,2377.99,0
da2c39f9-740f-4929-b8fa-96842bc71f54,3945.44,2025-01-13T11:32:35,online,43,Lucknow,upi,26,2506.72,0
8ae33c81-afad-45b2-a1e7-bcac4449cecb,48.61,2025-08-18T16:14:54,entertainment,23,Hyderabad,debit_card,24,16.87,0
dbb4ab9d-7f76-486e-a032-65935fdc6e2b,310.67,2025-07-12T01:52:37,other,35,Chennai,debit_card,26,280.98,0
19d960ea-b98e-440c-91be-90ce7e68e359,239.12,2025-01-27T16:54:57,electronics,30,Pune,upi,25,325.14,0
0076004c-189a-4a57-bdb4-1e1456e990f4,1223.24,2025-03-17T14:30:21,travel,39,Ahmedabad,netbanking,22,628.99,0
d445e5ac-ee11-4716-b7e1-ffb3f247c6ed,465.02,2025-04-05T05:21:25,electronics,33,Pune,upi,22,479.67,0
41667dc4-af50-473f-8b8a-341f83cd916b,175.29,2025-09-22T16:06:47,other,21,Kolkata,netbanking,27,10.0,0
5020543a-1dd2-4df7-91c7-081eec7aa093,312.03,2025-09-08T20:00:43,online,60,Chennai,upi,25,238.52,0
8548fe64-81f7-4e5f-9548-fdff67d0f578,280.21,2025-09-20T16:46:15,electronics,42,Mumbai,credit_card,32,421.39,0
453a9012-3305-4028-bf29-851e2c1de930,443.93,2025-04-03T05:38:13,fuel,35,Pune,debit_card,19,424.55,0
3ce8a9eb-88a6-4c63-a7c2-6a9ebc14d72e,196.36,2025-10-04T13:20:47,grocery,33,Lucknow,upi,23,42.63,0
be46984c-f24e-4ee5-955d-54c699880351,1565.08,2025-06-09T20:20:20,fuel,45,Ahmedabad,credit_card,34,969.3,0
6054850d-c2a8-45ca-b05f-dd37d86c3249,98.53,2025-10-02T15:43:13,entertainment,29,Jaipur,upi,40,116.82,0
f517c064-e013-448f-a299-115e6dbe76d6,274.69,2025-09-25T07:33:51,fuel,48,Kolkata,wallet,21,10.0,0
0f8b21da-c4be-45c8-a052-358319c1e172,159.84,2025-02-12T05:53:54,online,32,Lucknow,upi,32,198.26,0
9e62e2b2-6243-4b69-aa0f-7dcb110ea882,368.18,2025-06-04T06:17:29,online,51,Jaipur,credit_card,26,413.02,0
e63f9f77-7e5a-4ae5-8beb-e17803298b34,368.84,2025-04-20T00:00:11,fuel,47,Pune,credit_card,26,283.23,0
9ca57fe4-fdee-4534-ba2f-b98613a11c2d,662.18,2025-08-22T19:31:45,fuel,23,Ahmedabad,upi,22,505.48,0
e06835cc-c1c7-40fb-bea3-dd322ec24abf,93.91,2025-05-15T00:23:42,travel,63,Bangalore,credit_card,25,115.83,0
48db0f6e-2461-49a7-8cdf-15157584edca,33.27,2025-09-25T03:37:04,electronics,18,Mumbai,debit_card,25,130.59,0
77fcb3a4-711b-4fac-974d-be93f0240f6e,193.55,2025-04-12T13:49:08,electronics,44,Mumbai,upi,21,229.36,0
78501344-9316-4273-9100-946e7c2585cc,190.71,2025-08-03T08:42:00,online,39,Kolkata,credit_card,24,367.2,0
fcff006e-a60c-4686-8e32-a320a0931289,768.22,2025-02-06T23:17:22,online,18,Delhi,credit_card,34,920.52,0
cb0371b1-2398-4571-ad04-c2f39cd8c68e,235.76,2025-09-23T03:03:41,electronics,34,Chennai,debit_card,26,144.12,0
1770a16e-246e-4bc1-a8b1-aec745497459,153.19,2025-03-26T06:44:58,fuel,30,Ahmedabad,credit_card,30,128.84,0
8116f663-6986-459e-95df-2a7168388b4e,124.4,2025-02-18T03:42:39,grocery,35,Pune,upi,30,54.17,0
0b60e0a3-d9dd-4ff1-ad38-af2d78d02722,2528.36,2025-07-01T12:01:19,travel,41,Mumbai,netbanking,23,3409.85,0
af9f741f-9e5c-43a1-8a1f-b0e098332612,1219.4,2025-03-21T16:53:05,entertainment,74,Hyderabad,credit_card,21,1322.64,0
1ec7e54e-d747-4ea2-bfc5-9472358e76b4,845.37,2025-09-08T00:59:56,online,40,Chennai,debit_card,20,404.02,0
31514f5b-e8fd-4fa6-a103-3743e0c69d6b,59.92,2025-04-01T04:32:59,fuel,18,Jaipur,debit_card,28,22.85,0
09d6d18c-9c5a-41ac-ba1f-2c71c2fcdf09,114.9,2025-06-10T22:26:56,dining,47,Bangalore,credit_card,23,10.0,0
75ab4ab8-6d2b-4b1f-8198-61921493b022,403.22,2025-03-04T13:09:36,grocery,38,Lucknow,netbanking,27,156.34,0
1130190a-6adc-472d-af2b-26d7602423eb,1216.53,2025-06-13T19:35:35,entertainment,75,Jaipur,netbanking,29,358.35,0
a2ba2079-4aca-4761-92e9-bbbf9bfb5c76,126.19,2025-01-16T08:55:28,online,43,Ahmedabad,credit_card,31,91.23,0
101b63de-db2e-45fd-916e-c6d30f855515,1003.94,2025-10-15T08:58:13,online,23,Bangalore,credit_card,31,1461.7,0
cb202a84-c3ed-4ab6-a8bd-85345469e2d7,938.92,2025-01-26T02:48:49,online,31,Hyderabad,upi,22,342.28,0
5cbc2d5d-d0d7-486c-a01a-6b12fdf9c1cd,1460.33,2025-07-24T21:10:48,entertainment,48,Hyderabad,debit_card,25,1647.19,0
d22fa4c9-c760-463f-8700-2dd7104e3049,1796.05,2025-06-24T18:43:36,grocery,48,Mumbai,upi,29,1827.21,0
73cb985b-4272-4269-a322-d13cccd4c631,1342.88,2025-02-15T05:58:19,grocery,36,Hyderabad,credit_card,17,1209.8,0
2c76f950-c033-420e-ac32-197fac07a086,280.16,2025-10-07T12:52:39,dining,38,Chennai,credit_card,33,248.94,0
b50c23d0-bc30-4216-84a0-dc739749fb8d,127.67,2025-05-15T03:59:09,fuel,39,Delhi,credit_card,27,239.22,0
81a9d386-2f41-4e3b-9f86-0222983a4167,3303.56,2025-01-09T00:11:26,dining,45,Pune,debit_card,21,2566.15,0
eadb64d9-40e2-4987-ad04-ccf795cde549,391.63,2025-05-21T16:23:18,electronics,28,Hyderabad,upi,32,546.08,0
8453b721-d3de-485c-8fcc-da8be308d3da,104.75,2025-03-23T23:58:22,fuel,43,Bangalore,credit_card,28,161.73,0
18b94a48-b6e2-499c-a229-95f475ff5f61,1723.81,2025-05-02T02:10:32,electronics,52,Delhi,upi,24,1573.55,0
21aa12a3-d45e-457b-9724-a9859ac08ef5,412.46,2025-07-24T03:59:41,electronics,20,Mumbai,debit_card,22,189.84,0
584b0eed-996b-497b-ac0f-8e60c7813323,1149.12,2025-04-27T02:03:34,travel,34,Chennai,debit_card,34,1274.62,0
fc060f5f-048e-494b-ac9b-edc494c777e3,227.56,2025-06-06T09:36:19,electronics,28,Mumbai,upi,24,213.11,0
bb487a78-d3ac-4139-8c93-fa16b8f99429,139.41,2025-03-16T13:33:18,travel,28,Ahmedabad,wallet,20,144.28,0
dc990086-e4d4-46e7-911a-323d22a309a7,25.13,2025-08-27T16:03:22,online,34,Bangalore,upi,22,70.43,0
6362bc19-60f6-493c-b06d-c6e9e67433bf,205.25,2025-09-08T11:02:00,fuel,28,Jaipur,wallet,37,279.06,0
b268009a-3597-4144-b808-05b5500c61c4,892.95,2025-05-20T02:52:06,grocery,40,Lucknow,wallet,24,794.41,0
96d4d019-5b44-4128-a97e-c84a5724e080,134.14,2025-04-08T22:49:39,fuel,33,Mumbai,upi,23,13.04,0
bacc05bc-37a4-4d96-a1aa-00e0035e1a24,153.01,2025-01-23T03:33:58,online,32,Bangalore,debit_card,33,176.14,0
ed20f274-9854-425a-9926-d45c45b9e172,218.83,2025-07-04T14:10:06,travel,27,Mumbai,upi,29,212.73,0
adb6dfb2-feee-455b-82ea-e9251926196f,711.7,2025-07-27T09:58:56,travel,48,Chennai,upi,23,847.39,0
37c364e8-2fc2-441a-b452-a0bfda1ad55e,486.42,2025-04-15T13:25:43,dining,23,Delhi,credit_card,19,457.07,0
f02fe917-ee00-404b-bff1-5aba245aa23a,696.36,2025-08-23T19:41:49,online,55,Mumbai,credit_card,23,864.08,0
aae6c4e8-5ecd-4dd3-8e83-8e9336085e92,44.85,2025-08-18T15:49:32,grocery,33,Ahmedabad,debit_card,16,10.0,0
56c53ae9-fa1c-46d8-9f49-b37b7c093829,271.99,2025-06-19T06:22:09,electronics,51,Delhi,debit_card,16,270.54,0
607e7318-0154-48c9-8cce-e1cad9681d64,739.54,2025-06-03T21:05:37,dining,22,Pune,credit_card,19,550.89,0
63a2d08b-a8fb-42a5-82b9-ee8f6bb2005e,671.89,2025-07-23T19:22:59,dining,23,Jaipur,debit_card,24,712.71,0
3cd22c9a-ef28-441b-9873-45dccb351c3f,825.18,2025-09-28T18:09:44,online,57,Hyderabad,debit_card,32,497.78,0
fc40e108-81d1-4116-9f31-ec8483849845,49.02,2025-08-29T15:59:36,dining,25,Hyderabad,credit_card,18,77.42,0
a980fac2-9884-4946-94be-7fa0f458e18d,298.53,2025-06-09T14:58:48,travel,41,Pune,upi,32,388.62,0
aaafd7f4-f584-4c84-a229-a12edc2b3ee2,35.58,2025-04-07T15:12:38,online,34,Delhi,debit_card,17,67.51,0
4e9689e0-269d-4a7a-b87c-a950a09a4f2f,292.78,2025-04-20T14:50:26,fuel,49,Bangalore,upi,19,96.75,0
87bb4486-d1a0-4faf-8038-a7723f7e5169,208.66,2025-04-18T16:10:24,fuel,18,Lucknow,debit_card,26,139.53,0
8f9f0fb5-a718-4c14-ad14-364948af8b01,519.98,2025-08-19T13:53:38,travel,43,Pune,netbanking,23,255.92,0
9784f155-89db-4415-9cf1-a47c291963df,471.06,2025-04-13T23:23:23,travel,36,Jaipur,debit_card,17,463.34,0
9ca03827-df81-439b-bc78-290504336034,142.26,2025-08-14T11:44:30,fuel,54,Ahmedabad,credit_card,22,201.58,0
8da43b70-07b5-46a5-9ba0-92f43fd75eff,1134.1,2025-04-20T10:07:15,fuel,40,Mumbai,upi,17,780.31,0
bdbbd32f-277a-4b01-a69f-d83b57925a41,1054.43,2025-03-29T00:21:54,other,30,Jaipur,wallet,23,445.48,0
5a3e751e-5955-4bba-b827-e22d4010ca53,2249.56,2025-01-27T05:51:11,fuel,73,Jaipur,debit_card,20,1913.92,0
f8620ba5-769c-4e47-bfab-439931cfa6aa,1216.63,2025-06-29T03:06:20,dining,25,Pune,upi,28,956.77,0
cd247cde-c620-4eeb-89bb-9f589b91088e,330.23,2025-08-30T10:06:24,entertainment,31,Chennai,upi,30,256.43,0
a8265e70-76cd-4692-afa8-6d38bf8b36d0,138.66,2025-02-25T05:00:54,other,40,Hyderabad,netbanking,26,67.48,0
0922d2ce-fb13-4ef3-b240-0ad3028203d3,1368.63,2025-08-14T09:24:45,other,45,Hyderabad,debit_card,27,1096.23,0
0869c567-38d5-4ed8-807c-27a1c038e240,410.94,2025-01-20T15:20:36,travel,37,Jaipur,credit_card,22,411.79,0
feea9f26-a315-4e53-bec2-7e71d863d410,444.29,2025-08-29T08:19:13,electronics,43,Ahmedabad,upi,18,412.77,0
f68c7b2b-13be-4cda-850e-d72ffebed758,417.11,2025-05-17T13:19:12,dining,42,Lucknow,debit_card,24,442.76,0
0a0245ee-b6b4-4041-a51f-90d5b8bb4e9e,1146.73,2025-09-23T03:11:51,grocery,41,Chennai,debit_card,24,569.1,0
f4e561cf-6e9f-4d19-95e2-978489548706,30.22,2025-09-27T04:50:25,electronics,22,Mumbai,wallet,20,10.0,0
32c48c0d-296c-4e83-be98-fae361f308d3,507.06,2025-03-15T10:38:40,travel,37,Mumbai,credit_card,25,592.48,0
d34c95c6-8d3d-43a0-a461-a36fc5f97d64,218.81,2025-07-04T21:45:55,online,39,Hyderabad,upi,25,253.49,0
f5ccf9e8-c5d3-4a65-9e90-64e44c2ccb9c,113.08,2025-10-23T17:47:17,dining,41,Bangalore,credit_card,21,135.61,0
52a53331-5e94-4505-af1f-40183a9c2fa4,488.1,2025-09-13T16:55:15,online,18,Pune,credit_card,25,529.89,0
648c766f-afa7-4030-9f1b-4d90eb9a0175,362.85,2025-10-09T09:32:34,electronics,26,Kolkata,netbanking,26,304.24,0
611a7485-ab12-479b-a046-d462abb1080c,1413.97,2025-03-11T18:34:40,entertainment,50,Jaipur,credit_card,29,1076.02,0
a7936807-dd09-4ad7-b977-8533bc663429,231.97,2025-06-30T02:05:28,fuel,18,Delhi,upi,36,205.19,0
249aefdb-1060-4c2c-83e9-535e892f957e,128.37,2025-09-09T01:08:21,dining,41,Ahmedabad,credit_card,24,124.65,0
4764c638-b602-4620-9ca7-9266c953b64a,207.69,2025-09-24T10:59:54,online,62,Mumbai,debit_card,26,139.26,0
fa57ed91-352e-435a-8330-631d523d0f84,68.65,2025-04-22T08:03:42,grocery,41,Mumbai,upi,33,38.73,0
f01dec6a-0491-4201-ab80-e8d968804b40,132.9,2025-07-08T08:02:19,online,38,Jaipur,credit_card,22,10.0,0
0ce9c786-9247-4d6a-84da-87b962fcb9a9,217.17,2025-09-22T02:30:25,grocery,23,Kolkata,upi,27,237.71,0
b4acca76-7480-4a40-8737-f24f349f11a9,927.79,2025-08-08T17:14:39,travel,18,Chennai,netbanking,28,991.08,0
569e523a-b8c5-40be-9210-dd1a3c3e51dc,1903.87,2025-09-16T12:04:53,grocery,22,Chennai,debit_card,26,1624.76,0
89d79dec-5364-4e0d-b869-5a6bc725a7cb,534.88,2025-06-19T15:49:46,entertainment,34,Pune,wallet,32,387.41,0
82185010-9a8e-4ef2-8575-103a364f4d61,2328.26,2025-08-21T01:20:17,grocery,45,Lucknow,upi,25,1421.24,0
9c5e3a87-1d78-4794-8f39-21e52083a4fa,672.73,2025-04-28T16:17:14,dining,35,Ahmedabad,credit_card,26,448.99,0
28a27aa4-dbb5-4d5c-9455-002a03021f00,688.37,2025-05-18T19:17:37,entertainment,63,Chennai,credit_card,16,551.52,0
e551a8ff-b074-489d-bfff-9a23b240afbb,172.54,2025-07-26T06:45:24,travel,45,Mumbai,wallet,31,66.48,0
fa1337b1-e21b-4eba-bd7e-4bb50d065394,117.66,2025-03-21T11:30:08,electronics,29,Lucknow,credit_card,21,89.95,0
bd946c2b-0691-4833-9171-44eebf5677e5,58.25,2025-01-09T01:20:02,dining,48,Ahmedabad,netbanking,34,28.94,0
e5c8a397-f379-4cd4-a181-95e55d328578,258.71,2025-04-21T10:33:42,grocery,48,Chennai,netbanking,19,184.96,0
9a2bfcf9-68c5-4c0e-aa9c-b7d8acd9b2e8,251.62,2025-06-13T20:59:07,electronics,30,Hyderabad,wallet,34,170.72,0
8bc522d8-4fbb-4be0-af60-3184310942e1,215.13,2025-02-27T01:16:57,electronics,58,Kolkata,upi,21,10.0,0
83e38923-40bb-4192-89ce-a821cff04f1a,364.87,2025-10-03T20:34:55,electronics,32,Kolkata,netbanking,20,428.77,0
628841d0-7bc2-4071-8876-bcbe60cf7c2d,42.26,2025-10-22T00:00:10,electronics,41,Hyderabad,upi,25,116.62,0
43116cad-2522-49f5-a8fd-d60b2ee51928,1238.93,2025-09-25T02:14:59,online,61,Chennai,credit_card,20,1006.35,0
2e226086-d3df-44b2-8cae-d9ed099b7b6c,125.67,2025-10-24T23:26:05,electronics,18,Jaipur,wallet,28,217.83,0
74c5bae0-cbc1-4ed2-b1c0-f109bbdbe772,157.97,2025-09-20T17:02:07,dining,48,Pune,debit_card,23,10.95,0
208463be-afa1-4a4a-b58e-b208def0459d,1053.18,2025-03-18T15:37:13,online,25,Delhi,upi,25,1073.99,0
003756ed-471f-41f0-805a-6582df761743,379.43,2025-02-08T08:02:14,grocery,35,Lucknow,debit_card,26,294.08,0
18987454-acaf-48d7-8781-653ef92d850a,1082.55,2025-04-16T10:01:43,fuel,41,Ahmedabad,credit_card,29,271.95,0
8ef6d170-985d-4dc2-90c1-dc3b21959fc5,822.51,2025-06-21T14:16:31,entertainment,43,Kolkata,upi,36,694.34,0
2553a5e3-d2f2-4340-8a23-09cb693a0acc,59.65,2025-02-15T16:20:56,dining,32,Pune,upi,22,25.1,0
2f18e532-91d0-4fe6-868c-db921a6ce1ff,98.59,2025-03-12T05:14:59,online,25,Mumbai,credit_card,33,115.6,0
22366920-ccb0-476b-ac70-5fef07a9928b,233.95,2025-07-15T13:46:14,electronics,32,Lucknow,credit_card,25,247.51,0
7e75cce6-5e72-4a6e-83a0-3e00fcbd9cbd,411.69,2025-10-17T08:58:38,dining,37,Hyderabad,netbanking,19,364.31,0
6492ce05-3572-408f-bc70-e3b37408b3dc,361.96,2025-08-22T08:53:26,fuel,30,Chennai,upi,27,478.8,0
a685e29b-2062-4f11-9acf-90cd3207f5b0,3532.77,2025-01-16T02:36:48,fuel,28,Mumbai,credit_card,30,3646.94,0
e17be3a7-10aa-442f-b382-f7eec6f53be4,339.35,2025-01-11T12:30:47,online,22,Jaipur,upi,21,439.99,0
2dc3ad84-891d-4f62-9247-b78f1389d481,838.92,2025-08-21T11:01:47,dining,41,Mumbai,debit_card,26,493.37,0
aeecb4d9-51f2-48d4-8f74-8aef98b71e48,80.84,2025-03-11T06:56:01,travel,46,Jaipur,wallet,17,10.0,0
664efa4c-ca08-445a-843b-52f01e09525e,605.75,2025-04-18T21:23:04,travel,41,Ahmedabad,credit_card,36,406.95,0
8db39af2-8b98-4e61-be46-6b23f94c9c79,1179.7,2025-06-16T12:36:49,grocery,26,Lucknow,upi,31,1396.54,0
9403eca4-a9a8-42ef-a350-42af32c09021,542.67,2025-04-06T05:45:37,fuel,34,Hyderabad,debit_card,29,181.12,0
47848af8-4058-4478-8269-38c0b2931798,1956.31,2025-07-17T12:39:50,fuel,50,Lucknow,netbanking,37,846.41,0
a531e8fa-027c-48d9-8180-2cd23cf17687,499.22,2025-08-25T22:54:17,grocery,45,Ahmedabad,upi,32,555.51,0
ca7fc48d-d96c-4ec3-bae5-1673fc7f01fe,2913.34,2025-08-30T02:40:44,other,52,Chennai,upi,29,2600.44,0
464c8ce9-752a-4cab-8f68-fa5192469e77,1605.64,2025-04-04T23:56:12,online,52,Chennai,credit_card,20,962.23,0
1af399b4-8129-4f78-b068-8345adb21f70,241.65,2025-06-01T15:55:50,fuel,48,Ahmedabad,debit_card,29,308.62,0
5a0fac65-845f-4fa6-880c-ad84710112a8,527.08,2025-03-12T08:37:20,electronics,39,Chennai,netbanking,28,525.86,0
8b2f2abe-9774-45c8-a375-fd2c3fd303d4,69.13,2025-09-24T19:09:36,online,47,Ahmedabad,credit_card,24,53.69,0
189cb182-5725-4902-aa9c-835c4cc8c954,386.79,2025-07-19T16:47:12,dining,35,Bangalore,wallet,15,472.48,0
c3e1b4cd-cec6-4dcd-9545-f97670153341,274.98,2025-01-06T01:11:59,travel,49,Mumbai,netbanking,23,292.43,0
b476a295-cf3e-4bb2-9ed0-80aeba61494f,344.35,2025-05-09T16:45:53,grocery,40,Kolkata,upi,32,290.41,0
6dc001e3-cfd4-4d43-9eeb-d071ad49e8fa,161.54,2025-07-05T01:14:10,grocery,24,Kolkata,credit_card,39,111.45,0
c987b6ec-6ad1-42aa-999e-7986b0039537,918.22,2025-06-08T17:41:22,travel,33,Hyderabad,debit_card,33,1162.48,0
dc761532-0410-4a64-a1d6-7dfd7e9dfd4e,643.13,2025-07-03T09:34:53,online,36,Jaipur,upi,36,331.87,0
46c967dc-be50-4fd5-8f61-a6f0e58bb4f2,431.93,2025-09-11T18:28:38,dining,29,Kolkata,upi,30,530.07,0
2d6e3d71-2c91-455d-9ba0-998d64483d1f,143.78,2025-04-29T10:56:47,electronics,57,Lucknow,netbanking,22,106.61,0
b7cf4d63-e5d2-4005-8fa5-4b43b9f6c705,253.44,2025-07-02T23:04:14,dining,51,Kolkata,credit_card,29,167.22,0
3a4e0134-b6fc-4fd1-ac5d-cea3247eb20f,132.25,2025-01-21T12:51:46,dining,46,Bangalore,netbanking,29,114.29,0
3cb49311-1f61-4522-bea4-893f6967cc33,538.9,2025-09-25T11:59:43,dining,51,Hyderabad,debit_card,30,13.28,0
ea4e95f7-36dd-468e-a0fe-14dfd9bccf18,576.61,2025-04-01T16:11:44,grocery,38,Pune,wallet,22,491.14,0
78345aee-a26e-4b7d-83c0-f084f0ba285d,32.24,2025-05-22T06:53:21,online,36,Kolkata,debit_card,21,10.0,0
aafd77a9-e577-474a-9f56-2c2e1f705926,338.62,2025-07-07T13:29:59,dining,50,Bangalore,upi,21,221.92,0
2e05db01-69e9-44b8-b799-8200a3f21976,112.38,2025-05-03T01:56:18,other,26,Hyderabad,debit_card,28,10.0,0
dd55d933-73f5-4457-b2f2-ed6ed42f6459,1491.22,2025-04-25T19:00:58,fuel,55,Pune,debit_card,24,1419.43,0
c771b0ec-8a75-46d9-bced-728398289050,544.83,2025-02-04T05:25:17,grocery,18,Lucknow,wallet,36,547.76,0
444aa4c4-ad5d-4dd0-bae0-741ba46c2e07,433.85,2025-09-28T21:00:59,entertainment,58,Ahmedabad,wallet,13,250.09,0
ad186576-910e-4877-8b34-bd129a5df526,445.9,2025-03-22T18:18:41,online,22,Pune,upi,30,312.09,0
9c32082a-63c1-40c8-af51-b43e7ce294ee,92.76,2025-08-30T13:56:53,fuel,19,Jaipur,upi,27,53.34,0
e4c2a805-5c89-48aa-8798-60b48ea4b497,242.9,2025-03-06T10:53:28,fuel,20,Pune,wallet,20,238.35,0
9227d9f8-5064-497a-810f-b8aeefe16047,52.63,2025-02-24T13:58:41,travel,47,Lucknow,upi,21,10.0,0
c656422e-c81e-4377-8e30-12c3ddf4446e,616.92,2025-09-16T22:05:22,electronics,26,Jaipur,credit_card,23,469.28,0
e7b9da3a-e73c-491c-b611-05ed5610f77d,579.88,2025-08-03T15:26:07,entertainment,41,Kolkata,debit_card,27,383.41,0
75d9572c-74b2-4e16-9c3a-9e9571e36a27,428.74,2025-07-01T14:46:34,fuel,71,Pune,upi,19,121.92,0
5e014e28-1c11-435a-9f14-c5bd68bfd4db,554.29,2025-04-15T13:32:09,fuel,44,Mumbai,upi,30,440.84,0
299f5793-9834-4f2c-8a78-bbcef6f1a11f,611.46,2025-06-15T11:25:52,other,33,Pune,netbanking,21,640.81,0
c5af33e1-6fe9-4e8e-9771-02cd0a2476f5,139.1,2025-08-23T14:51:52,grocery,51,Ahmedabad,credit_card,19,75.84,0
f9245b2a-c146-4d38-9600-0f1a51e2a4aa,2607.96,2025-03-04T11:37:32,fuel,18,Lucknow,wallet,25,2018.89,0
bfd909f5-b390-4bd6-952c-506165d1de08,343.18,2025-03-11T17:46:37,electronics,41,Hyderabad,debit_card,21,257.93,0
a3747aa5-81cd-4048-b507-da7bf43f4d71,2072.59,2025-09-28T04:30:59,travel,26,Hyderabad,netbanking,33,2496.92,0
53d794a7-4b48-4266-8a1b-b46a847b04e8,436.13,2025-09-30T17:19:19,electronics,39,Delhi,netbanking,18,437.34,0
dd80877e-89ce-4d60-b4d3-2d2b6c4cb8c3,3559.31,2025-07-10T03:44:27,dining,34,Bangalore,upi,20,2192.1,0
5a520574-dd2a-4d68-9e68-6889888b17b2,613.0,2025-09-14T19:01:34,entertainment,56,Bangalore,credit_card,18,601.11,0
ec77c63c-82ba-493e-8cf2-c97e362ed1d5,152.64,2025-04-19T23:55:44,electronics,44,Hyderabad,debit_card,27,131.69,0
ed1098d8-ce38-4d94-9d7c-b55f413bb439,134.54,2025-02-14T03:32:07,grocery,53,Pune,credit_card,22,45.08,0
8010f4de-49ac-4777-a267-37f8e49293e2,1610.97,2025-04-13T16:01:49,grocery,39,Ahmedabad,credit_card,28,1160.57,0
be689b8b-a4b7-4bf8-9ef3-7e35b927d727,239.64,2025-06-06T13:29:07,online,35,Hyderabad,credit_card,30,180.1,0
78704043-2787-4ef8-9078-c614966588d1,302.01,2025-09-27T15:55:44,online,43,Hyderabad,upi,18,212.14,0
594f56e0-3a21-4831-8831-9667a81dc531,555.19,2025-08-12T11:44:57,fuel,41,Pune,upi,19,585.17,0
5d2a7b5b-ba6a-4356-8698-eb055dfd63af,1067.16,2025-05-07T09:46:15,entertainment,44,Bangalore,credit_card,30,164.19,0
bd25b6d3-30f7-40eb-a030-875be3defab2,2088.51,2025-09-01T22:41:19,electronics,21,Pune,upi,16,2571.56,0
d7661540-5b18-4a9f-8728-a9b369f3effa,256.71,2025-04-27T16:30:03,online,42,Pune,netbanking,29,10.0,0
8277f507-cb75-4a86-bd46-967ea51cff5c,162.19,2025-07-03T09:44:30,dining,28,Lucknow,upi,23,306.21,0
4fc610c0-49ca-42d9-8291-9a4761ba08f6,249.82,2025-06-25T19:12:44,electronics,25,Delhi,upi,39,256.73,0
3f63cc1f-e2cd-47dd-aa3a-039393d3682a,15.86,2025-04-10T10:44:39,other,29,Hyderabad,upi,24,120.79,0
31ea30cf-fbc7-45e6-8e25-973bafa377c1,238.44,2025-02-19T07:40:22,electronics,25,Hyderabad,credit_card,19,90.31,0
0efc4fd7-5941-4fd3-8a53-20bb13f6336a,275.12,2025-02-25T22:12:04,grocery,18,Jaipur,wallet,27,269.25,0
ada59954-9332-4247-ae79-c378e517454e,375.99,2025-07-06T05:05:57,grocery,52,Kolkata,upi,29,464.46,0
52868380-9418-4642-a95e-ae5f07b1f2d2,955.26,2025-05-23T00:45:09,electronics,27,Hyderabad,upi,35,343.33,0
2afa21b0-71ad-4e2a-ae03-96ced1641b0f,1405.51,2025-04-17T11:24:30,other,45,Jaipur,upi,30,894.68,0
14d37a6c-7665-448f-9560-534fddeb7df9,644.18,2025-10-15T07:45:40,travel,49,Delhi,credit_card,30,484.41,0
8a8d0f24-30ce-4a5e-96f8-365c87f28cc8,42.85,2025-10-07T20:14:47,online,25,Jaipur,debit_card,25,10.0,0
c8805c40-e40d-410d-ba1e-d39d63dff558,2302.07,2025-08-16T03:17:29,electronics,24,Hyderabad,netbanking,22,2269.61,0
3e5a73e1-7c77-4c5b-b1fb-2ac51b2ae228,46.52,2025-09-12T10:34:52,dining,29,Hyderabad,credit_card,26,57.52,0
6adf248d-79c0-47ee-84db-72606ee90d13,179.05,2025-07-28T15:05:59,electronics,45,Mumbai,wallet,25,55.14,0
81919f44-aaa0-4731-b228-381982de6f51,156.81,2025-05-21T19:38:22,entertainment,38,Ahmedabad,upi,24,174.42,0
b3ad2b98-ece3-4ef8-924d-707d206a85fa,706.9,2025-04-16T19:45:50,online,47,Bangalore,upi,33,362.23,0
48958b80-74df-4315-8018-a5f3c181682b,832.75,2025-03-18T22:39:35,dining,45,Jaipur,credit_card,22,678.73,0
847bd9c6-d295-4f84-ba7b-91b7b889d777,614.49,2025-04-16T18:12:01,grocery,50,Bangalore,credit_card,11,10.0,0
680fc748-7d92-4342-ae71-a0a603f3819f,195.62,2025-03-25T09:59:08,grocery,32,Bangalore,credit_card,25,148.44,0
f9e675fd-508e-4322-b14a-cb44d9e1a5f9,153.22,2025-08-31T11:07:56,online,18,Ahmedabad,credit_card,23,137.86,0
472e8712-3851-42bc-8709-8a7d50fbfac0,903.78,2025-02-13T13:31:26,electronics,36,Bangalore,credit_card,23,10.0,0
d2064364-b385-4267-b2df-7bba72eb5d4d,198.69,2025-09-07T11:07:34,fuel,51,Pune,credit_card,24,170.0,0
c598c463-509d-4dc9-8ed0-ee218181f8c0,48.71,2025-08-21T06:43:14,fuel,49,Lucknow,credit_card,24,80.45,0
95d4313e-4110-4fce-ae05-2d7bee5598cc,50.68,2025-03-08T16:41:27,electronics,33,Ahmedabad,credit_card,21,10.0,0
907d5d8a-c542-468b-a089-462526f7b36d,193.8,2025-05-02T10:29:58,electronics,33,Chennai,credit_card,30,91.39,0
53f49dbf-b806-4e8d-a25b-e00aaf9012c5,2810.77,2025-05-21T10:20:04,online,72,Lucknow,credit_card,23,2106.71,0
9b904164-7ccf-4b7c-b385-b166a5477e1d,183.35,2025-09-10T08:49:43,grocery,30,Kolkata,credit_card,26,53.15,0
f5cdd19d-4ec5-4280-8718-f8dec55b85d8,1096.24,2025-08-20T05:33:48,online,47,Pune,credit_card,28,246.85,0
66dff3c3-664f-45c1-9d56-018979714a4f,2085.76,2025-03-18T08:31:10,online,30,Bangalore,netbanking,21,1478.94,0
694fb9ee-81e6-4fbe-b56a-d4af4b52191e,209.32,2025-07-09T11:21:37,travel,30,Mumbai,netbanking,25,291.13,0
44c4c3a3-5ae6-4623-8bda-712c07938a84,607.89,2025-09-10T21:10:21,fuel,22,Delhi,credit_card,24,362.3,0
f5c317b4-8ead-4ce7-b428-ca598b2d4471,101.99,2025-08-27T01:21:11,travel,18,Hyderabad,debit_card,24,10.0,0
34802895-de0c-4fd0-bb51-f4437caf9cce,65.45,2025-01-12T00:52:48,online,42,Mumbai,debit_card,26,96.17,0
22c4cf2f-674e-414e-accf-7e848e0338ab,15230.71,2025-08-06T14:14:10,dining,62,Pune,netbanking,23,12204.76,0
ef7116ad-80d5-47e6-8a32-225f7ad87ee9,1044.67,2025-03-22T21:57:44,online,29,Chennai,debit_card,28,1159.49,0
dea2dd8c-f65e-4713-9412-a46bb3f644a8,2142.9,2025-03-06T07:09:35,online,49,Kolkata,upi,24,1124.01,0
ed4573e8-b99d-4217-a61b-70edc6b61a98,140.06,2025-03-22T09:34:27,travel,43,Lucknow,netbanking,27,10.0,0
9bc75797-f074-479c-9e41-c8e9926fd6e0,187.39,2025-09-04T19:33:24,grocery,21,Delhi,netbanking,23,250.45,0
4686d4b4-aaa4-49ce-aeeb-1eb422006e54,1525.85,2025-07-06T17:52:47,dining,30,Mumbai,credit_card,24,1988.04,0
4252cbf8-868c-4d06-a851-0449d4f493ce,1240.91,2025-01-20T17:35:32,online,47,Ahmedabad,debit_card,15,898.33,0
2ab09b9c-feaa-437c-990f-de216788fef2,83.62,2025-06-16T15:20:52,grocery,19,Bangalore,upi,23,117.83,0
04aefff0-4b41-4c3f-8e4f-e32ecc71e2f2,376.65,2025-01-07T18:26:37,grocery,40,Jaipur,upi,16,17.17,0
bedc8163-fd8e-4866-b56a-0550c12fcb6b,938.16,2025-08-14T01:11:50,online,30,Bangalore,wallet,25,631.24,0
91f5240a-1e1c-4689-b7ba-2608a2c76bfd,173.55,2025-10-22T17:55:36,grocery,18,Mumbai,debit_card,30,141.82,0
8666690c-73a8-4357-8ae8-6fe2b8de1d17,635.31,2025-04-24T07:01:04,other,29,Bangalore,wallet,20,677.96,0
a399125f-b63f-42fc-90a4-a6ac7754b102,200.88,2025-06-27T01:12:01,travel,26,Hyderabad,upi,32,113.59,0
95d0605a-d908-4f65-8bec-633496874dfc,19.1,2025-07-01T09:54:37,dining,62,Mumbai,credit_card,34,103.65,0
eab62bc1-5851-4045-9370-aee8b76dd3c4,553.75,2025-02-12T00:11:05,dining,34,Kolkata,upi,29,434.85,0
beecc13c-1950-425b-8d9a-c15986207d45,1434.38,2025-02-25T13:16:00,fuel,34,Mumbai,upi,30,1460.52,0
08d43622-700d-4de5-af89-71fbe625f175,3423.23,2025-10-13T15:07:51,electronics,37,Kolkata,upi,29,2720.21,0
322f14af-4679-48c9-ae43-1db4217114d5,1445.99,2025-06-13T20:18:47,dining,37,Delhi,upi,23,1982.86,0
20fdd91f-b5e1-4eb4-9c3a-15e6b3af59aa,434.15,2025-02-15T04:44:21,entertainment,46,Jaipur,netbanking,32,175.67,0
46559f39-fc14-4095-9b2a-a18b63d42ccb,546.15,2025-10-18T16:22:23,fuel,32,Lucknow,debit_card,22,600.34,0
e6a70260-b12f-4351-a775-8858400b839b,1032.86,2025-03-10T19:05:47,grocery,30,Pune,netbanking,31,547.68,0
a5a575bf-c051-4fa8-8a3c-fa7fae731c92,284.75,2025-10-23T21:05:49,fuel,58,Bangalore,credit_card,23,419.29,0
36350e27-9f03-4ffb-86b6-80848d18295a,786.4,2025-02-02T15:47:42,grocery,39,Lucknow,wallet,34,885.13,0
248e1123-2304-43d2-ac25-eb6d7406c8c4,102.46,2025-05-19T07:16:15,fuel,35,Jaipur,upi,24,188.69,0
622f1922-d8fb-49ce-9a05-07e145363b06,176.18,2025-10-15T11:44:56,entertainment,34,Bangalore,netbanking,30,67.32,0
b7f5c30d-1be0-47b0-b3af-80fc1880c2a3,231.3,2025-03-01T18:25:49,entertainment,36,Hyderabad,wallet,18,360.23,1
48852d2e-b114-4a73-91b5-6ed51ab2c7dd,1232.19,2025-02-04T15:22:56,fuel,50,Kolkata,upi,17,1010.07,0
20f84241-3353-4dd3-b282-7bcb8f5a9483,519.43,2025-10-18T17:38:20,grocery,26,Pune,upi,20,455.51,0
3bc01610-c49e-41f6-8c54-05c9443a68e6,467.82,2025-05-20T08:56:12,grocery,42,Lucknow,credit_card,23,450.9,0
0d4ddbd0-cefa-44d9-b76e-842cd570f1c3,645.28,2025-09-17T11:46:25,dining,30,Chennai,debit_card,23,661.24,0
2bb93c1b-368c-4791-88ba-f1b19c0c2076,637.99,2025-08-11T12:50:23,entertainment,33,Hyderabad,credit_card,26,1109.21,0
c31f03ee-aef1-42e4-8a3b-d711b95e008e,165.58,2025-07-23T20:01:14,dining,60,Chennai,netbanking,27,38.14,0
163e86be-794e-4ea1-8998-bef9cd4b8e86,141.45,2025-06-12T17:34:49,other,49,Kolkata,upi,24,224.92,0
ec51dcb9-8fc5-4156-9db2-e02d48649002,649.48,2025-09-02T00:35:27,travel,25,Lucknow,upi,29,470.74,0
e21689ff-394c-44b6-b700-852cc3da4953,91.72,2025-06-16T17:43:58,online,44,Hyderabad,credit_card,23,83.06,0
463a80c0-87d4-4df2-8e23-94b7ded85bc0,170.52,2025-02-03T13:23:29,fuel,26,Chennai,credit_card,25,122.07,0
556feabd-0cb0-4af9-909e-a91fbf9d4349,330.18,2025-06-15T21:51:55,grocery,41,Delhi,credit_card,24,109.89,0
6c1d24b5-b1f0-45a7-bced-d75844521bfc,862.9,2025-02-06T22:13:57,dining,20,Chennai,netbanking,21,885.03,0
55be17f5-f32a-4c86-9454-86bd16559596,347.24,2025-04-23T20:30:32,online,43,Ahmedabad,credit_card,34,318.23,0
e9a04465-43f5-45d8-b645-54ba009b19b0,35.29,2025-06-21T21:33:05,other,49,Bangalore,wallet,21,10.0,0
a5345ef8-316b-4458-a778-8bd7c2118b4d,153.44,2025-10-26T23:14:31,fuel,37,Jaipur,debit_card,19,160.96,0
7230960c-e4d2-4f46-821f-9d0dd6aeb989,467.36,2025-05-02T21:10:42,grocery,18,Jaipur,debit_card,17,299.25,0
2146cc02-b133-4f98-b697-9204a0f7b4ec,906.91,2025-10-04T11:05:41,grocery,45,Lucknow,upi,22,948.95,0
cbfb6456-df52-4545-bdd6-e20ca8008cb2,481.36,2025-02-14T12:33:10,online,44,Hyderabad,debit_card,27,728.81,0
92f41821-db68-4fb7-8def-383a1f8c6b41,304.29,2025-04-30T07:19:48,entertainment,30,Lucknow,upi,24,250.45,0
e462526f-86bd-42a3-b8bf-72df59831339,219.51,2025-08-31T14:56:38,electronics,23,Ahmedabad,credit_card,35,36.19,0
9ca95263-a384-453e-8fde-80e5344fed9e,351.57,2025-09-14T02:36:32,online,31,Lucknow,debit_card,25,307.12,0
0bb420d4-e232-4eeb-b64e-ccf104499d89,235.6,2025-07-28T00:50:45,electronics,41,Hyderabad,upi,32,336.96,0
d6126211-90dc-43e4-a6fb-7e6dc3dab066,129.36,2025-10-05T06:45:17,grocery,52,Bangalore,wallet,21,10.0,0
4454b110-0122-43c2-b7ee-a4e8f5398034,282.94,2025-05-09T22:53:21,grocery,51,Bangalore,upi,26,47.18,0
850d49e6-4863-4492-953d-5439c4f9fa02,111.2,2025-08-06T03:33:59,electronics,36,Hyderabad,credit_card,17,10.0,0
a45e70d0-aea2-46b6-817f-afce52b14b02,611.71,2025-03-13T04:31:07,electronics,40,Delhi,upi,25,660.37,0
0ccf100c-2730-48d7-b5e0-11906c6c0643,143.79,2025-04-30T12:30:16,dining,33,Bangalore,upi,22,59.81,0
61b3d66d-84ef-457e-b601-6324fec1593a,2872.85,2025-07-07T10:49:40,online,47,Ahmedabad,upi,21,2253.53,0
aa1f9d82-4441-4781-8967-e1f35aa2c0ca,764.38,2025-09-22T11:51:54,dining,62,Kolkata,netbanking,19,745.71,0
933b60e8-be7f-4562-8b42-ac4ca0807085,918.84,2025-05-08T15:49:40,dining,41,Lucknow,credit_card,21,1056.14,0
ecd490af-be13-4090-b707-a4ac27afcd92,184.62,2025-08-03T21:47:25,entertainment,58,Ahmedabad,netbanking,27,164.42,0
f9f68706-cf17-4a48-b41e-226cb96532da,774.85,2025-09-05T15:08:44,dining,41,Bangalore,debit_card,29,924.05,0
11fff6a4-14fd-4240-8975-c2f55bdf5bcd,209.81,2025-04-02T00:29:28,electronics,18,Ahmedabad,upi,19,334.49,0
9275a975-cd99-4276-aeae-69edd6b1f2e7,112.68,2025-06-01T19:43:55,grocery,34,Bangalore,netbanking,33,47.09,0
08795f08-4553-48c3-9278-189c821917ef,475.78,2025-07-11T23:59:31,grocery,28,Pune,debit_card,20,378.36,0
3d523ba6-a043-4831-800f-199dbadbed3a,47.48,2025-06-01T09:17:51,travel,20,Pune,credit_card,22,37.08,0
5e62e122-c05b-4dc8-a317-5a0e0aba2a4c,134.1,2025-02-11T05:57:07,grocery,51,Ahmedabad,netbanking,24,45.58,0
359a83ee-26e7-472b-91d3-28a1d95a841d,1290.45,2025-07-21T06:10:31,online,29,Pune,netbanking,28,1051.21,0
e9318a7b-7c90-41fa-9dfb-156beb5dc011,682.0,2025-02-23T14:47:05,grocery,40,Hyderabad,debit_card,30,461.05,0
6801e7fb-b42f-420c-8468-b04837ba745c,346.11,2025-10-24T12:09:34,fuel,30,Kolkata,credit_card,29,241.85,0
731e4a84-32ce-4152-aee9-51dd00326f39,650.13,2025-06-18T04:37:44,online,19,Bangalore,upi,24,697.8,0
d1065bfb-55e3-4d54-b1f9-aa3a2560a4f2,187.75,2025-02-25T04:10:00,grocery,48,Ahmedabad,upi,22,50.79,0
5fb72569-7861-4827-9fd2-19c726193cd9,301.55,2025-05-26T21:15:22,online,41,Pune,credit_card,23,213.41,0
0149081a-f8c9-405f-aebf-29c61cb1dcfc,93.96,2025-08-22T03:26:01,entertainment,35,Delhi,upi,17,54.72,0
18bd2bbd-b5f7-4fc3-b9ba-771918a9d149,251.99,2025-09-07T07:35:05,grocery,62,Lucknow,debit_card,29,10.0,0
8288cb30-201d-47ae-835f-81ae63049c02,1981.29,2025-07-17T12:10:15,dining,40,Lucknow,upi,19,2394.34,0
c11314ff-301a-4c5d-bddb-4986000d85af,255.79,2025-01-13T20:58:06,online,26,Lucknow,credit_card,25,358.37,0
3ace416d-1ba2-443d-a2e6-d1753e2014db,432.84,2025-02-09T20:08:10,travel,31,Ahmedabad,netbanking,27,478.75,0
b09951e5-29e5-4c5c-9d83-0e26eab598f4,315.61,2025-07-16T08:57:03,dining,50,Lucknow,upi,29,10.0,0
af0767c2-d0fb-4502-9b4d-1d977292b736,219.14,2025-07-15T01:17:25,online,54,Lucknow,netbanking,22,99.04,0
324bc69d-a068-47f4-b05e-d6de4f559599,332.54,2025-04-05T03:07:20,fuel,36,Bangalore,debit_card,24,190.71,0
e6843b7d-2821-4e3d-a098-456f92f78074,1815.62,2025-08-19T06:45:48,dining,36,Jaipur,credit_card,22,1041.46,0
1a1ff493-b72d-4f2d-a819-9c71bc26c500,232.78,2025-07-26T02:34:17,fuel,18,Jaipur,credit_card,23,73.14,0
ea77b02e-70cc-490e-bdb3-efbccfb02e07,1146.17,2025-07-14T07:50:29,online,32,Lucknow,credit_card,25,970.14,0
d6a763ad-91b4-4ecd-8c14-b87114ee45b3,551.71,2025-06-19T15:46:09,grocery,29,Chennai,credit_card,29,391.61,0
c1f13b12-5d63-403e-903a-54d306f11aaf,78.34,2025-09-06T02:14:00,grocery,22,Hyderabad,upi,19,77.61,0
5905ed4f-a876-4c7e-9dec-83359fd2d362,186.22,2025-09-15T02:18:53,fuel,35,Jaipur,wallet,26,323.57,0
baf1c656-5fb9-4ce7-966f-b451143d6f02,63.42,2025-04-23T11:37:24,grocery,53,Delhi,netbanking,19,10.0,0
f2f9aed5-e661-4538-9ba9-396ce6d196f6,1532.41,2025-03-23T01:28:27,online,36,Jaipur,wallet,21,1012.85,0
6bcd7afc-430f-4825-8201-cfb348d10ff0,107.94,2025-06-17T16:50:49,online,35,Ahmedabad,netbanking,20,53.31,0
2511e5c9-4039-48be-b760-620fd330b0d7,673.1,2025-02-10T14:45:02,travel,52,Kolkata,upi,18,566.24,0
ff1a6825-5b76-442e-86aa-fe9ea3a248e8,1056.09,2025-06-22T20:32:05,fuel,36,Chennai,upi,32,62.36,0
375feeb6-03b8-4cc7-a5c0-3edd6cafe383,304.68,2025-09-22T16:20:25,grocery,56,Chennai,upi,25,97.0,0
89a8ece7-89db-467d-aa1c-e71d3e2d4ede,1683.1,2025-06-14T11:09:16,dining,45,Jaipur,debit_card,26,1102.49,0
b7b8d39e-e474-48df-acfe-156e6af4d8ab,186.77,2025-01-22T06:56:43,travel,23,Chennai,upi,27,118.87,0
4fad9784-5019-4e0f-b8ce-a661c7b23659,590.69,2025-10-23T21:34:24,electronics,42,Delhi,upi,38,118.11,0
ad1bcaf6-cf83-428d-a0ee-9d898e434eb9,1390.31,2025-01-16T01:12:56,entertainment,35,Jaipur,upi,17,1167.18,0
13aa5fc3-d603-452b-bfb2-fec4631b2611,592.88,2025-08-06T17:32:29,online,35,Chennai,debit_card,19,662.92,0
d14bea14-ba36-4b08-a987-3b0531bc72e3,249.23,2025-02-11T01:47:37,online,27,Hyderabad,credit_card,25,375.99,0
4be092f9-7d6d-4aa6-8d55-72742fe0f6aa,1148.5,2025-01-16T08:20:54,dining,21,Ahmedabad,upi,28,755.97,0
805287c4-a4ca-4bf1-8572-46f9bc87dc1f,839.35,2025-10-05T15:15:05,grocery,47,Delhi,upi,21,388.83,0
afc62acc-6f21-412a-979f-700cfca31add,1306.04,2025-02-21T08:00:05,entertainment,43,Bangalore,upi,28,937.09,0
023a35b3-6ed8-4c65-bad4-40a4131effec,431.87,2025-04-02T22:08:25,online,45,Pune,debit_card,30,205.64,0
faf27c83-209b-41ea-8717-f0223f38a649,51.07,2025-04-04T00:11:14,online,30,Chennai,debit_card,30,64.34,0
36f7195a-b8cb-496f-9b80-e27a894afbbe,386.96,2025-03-15T21:52:26,dining,53,Pune,netbanking,31,477.56,0
59061a25-4375-4e3e-a40b-9bc208fb44c8,293.41,2025-05-02T09:03:40,grocery,38,Pune,credit_card,35,89.37,0
a750dd5a-2f1b-4d6f-8714-9d002389e27b,367.02,2025-10-25T09:07:07,dining,41,Mumbai,upi,18,474.09,0
ec7769be-f3b7-4ec9-9a7e-6d10b97f4c18,296.44,2025-10-18T02:19:05,online,44,Kolkata,upi,19,338.2,0
b2823b46-d471-4324-9c8c-fd58fe4cfebc,16.06,2025-04-30T08:16:20,entertainment,53,Pune,credit_card,29,10.0,0
b566d875-3f09-49d1-a279-45dba3aa659e,71.63,2025-09-03T00:05:12,other,24,Hyderabad,netbanking,17,87.3,0
6c6b4815-d0df-4702-8907-f9bfe2f075ba,259.04,2025-04-12T03:01:30,online,26,Ahmedabad,netbanking,20,292.46,0
2570cfa4-5ec5-42d0-bbd2-b119f4af196a,59.61,2025-10-02T22:10:22,travel,33,Delhi,upi,34,87.75,0
4f1e83f3-d506-42c6-a653-0308361f2be1,267.97,2025-02-06T09:40:40,grocery,61,Delhi,debit_card,20,294.54,0
31e7f45c-b948-4e6e-aaa5-a435ff53e327,257.26,2025-04-10T14:14:02,entertainment,19,Kolkata,credit_card,28,132.18,0
d5d3691f-4984-4c4e-9c9e-e379cb3e3bc1,1341.13,2025-01-27T18:51:39,online,36,Kolkata,credit_card,17,1215.26,0
3e08a63e-d969-4534-96d9-f0cff0f204a5,390.08,2025-06-28T10:44:31,online,40,Mumbai,upi,17,211.02,0
56482ebe-0ac6-4f99-bef2-51239ac4acb3,540.96,2025-07-08T13:57:19,online,35,Hyderabad,credit_card,30,429.84,0
fa91bf0c-a39b-4d93-9a5b-9403634eefa1,283.42,2025-02-01T20:14:29,other,32,Ahmedabad,upi,24,158.42,0
af2461d7-ead0-4e8f-8a8a-3fa088f31a37,418.59,2025-04-04T20:56:23,online,28,Jaipur,debit_card,28,255.41,0
624e1196-9ba1-48ab-bdd8-12dcf5d738af,230.76,2025-01-03T18:03:35,online,24,Kolkata,credit_card,21,48.82,0
f43ec1d1-479d-4a57-b0a5-9d73c5e07466,229.92,2025-05-02T00:42:01,other,38,Jaipur,upi,20,137.52,0
84f33d16-7721-42f9-b849-7591952a4909,2768.12,2025-04-10T15:41:26,online,23,Ahmedabad,credit_card,21,1684.48,0
2545feac-cbb1-47b5-b134-f1019a692377,7006.59,2025-04-22T09:15:26,online,42,Delhi,upi,18,5306.59,0
2e6aec7f-c77d-471a-9bac-1d659943e1ca,387.87,2025-09-04T04:40:00,online,34,Lucknow,credit_card,24,392.02,0
89ecff5f-7b44-4b50-ba9b-72414baa80fb,144.49,2025-05-11T18:50:01,grocery,39,Bangalore,debit_card,16,236.68,0
435e4b97-2852-4492-8711-bf3d24d5a6a9,92.59,2025-10-04T13:12:30,dining,59,Delhi,credit_card,29,222.24,0
fa9f26ea-3413-410e-acf4-9ad4fb4e8b51,362.91,2025-10-23T14:54:51,grocery,45,Chennai,upi,19,75.26,0
bb8912ce-f378-4d52-aa1a-95c5efd93d72,118.28,2025-06-05T04:12:47,grocery,38,Lucknow,netbanking,27,10.0,1
b6d16612-c4b2-4186-838c-1760a2f781cb,83.52,2025-05-31T10:46:44,electronics,71,Pune,upi,23,168.22,1
f19fdba5-6182-4496-8ee9-a401ff0a2bb3,509.55,2025-02-06T22:58:53,travel,40,Chennai,upi,31,228.29,0
d0dde50a-43a0-4479-a4a0-43e11a56d70a,432.99,2025-09-12T22:34:34,grocery,49,Kolkata,debit_card,30,366.44,0
a7806b72-f504-41d1-b215-14bc6d7258b4,165.81,2025-02-12T20:47:35,online,42,Mumbai,debit_card,16,89.46,0
4b2e767b-7980-447b-96e3-c452a50f00f1,498.78,2025-10-08T08:04:51,travel,48,Bangalore,credit_card,27,552.28,0
197e8df0-fe65-4d18-a3ab-8bd27b87c2db,2327.23,2025-06-19T17:49:19,entertainment,28,Ahmedabad,upi,22,3133.55,0
6335043a-7b7d-49a8-8089-466efb67b874,66.54,2025-04-06T06:25:06,grocery,18,Delhi,wallet,29,71.99,0
217845ec-88b3-4312-9c4a-1d323f6c65db,432.76,2025-06-04T15:22:25,electronics,40,Chennai,credit_card,19,270.7,0
742f279d-4914-41bb-b6b2-89ec55161552,2309.36,2025-03-06T15:02:15,online,38,Lucknow,wallet,25,1512.93,0
b2f47010-81b3-42bc-b162-04bb262d2919,367.22,2025-04-03T07:49:44,electronics,39,Chennai,upi,37,520.09,0
53212d74-5e80-4d22-83fb-ec9d74b23f8d,36.67,2025-10-19T11:19:18,dining,38,Hyderabad,wallet,27,75.7,0
e45fbc69-2bb0-4191-81b1-3fa7dc886fce,58.52,2025-02-24T00:21:33,fuel,34,Hyderabad,credit_card,19,10.0,0
3ab10515-ded7-4a8e-b176-306e32ce15b4,812.0,2025-06-05T00:44:10,dining,36,Kolkata,credit_card,28,587.07,0
839c11a9-3109-44b0-b4d8-cf95acdb938b,2981.28,2025-02-03T01:45:37,electronics,40,Delhi,credit_card,22,2053.85,0
19a090c8-3ff9-4719-9287-6373adbb8689,129.92,2025-08-29T15:14:18,online,39,Chennai,netbanking,28,186.93,0
fb52b1df-7ca6-478b-9240-d8e0c690f745,47.25,2025-05-20T22:44:05,entertainment,30,Mumbai,wallet,29,10.0,0
605ee538-e363-4f6a-a916-a9d44fac6e2a,415.76,2025-03-23T09:51:24,online,41,Pune,debit_card,24,321.36,0
7256cf45-48ce-4b3c-9d06-bb1ab23824f4,192.74,2025-06-15T06:16:57,online,38,Hyderabad,upi,27,36.16,0
4b0f8bae-badf-4e74-91b9-4860a6d97a21,125.97,2025-03-03T20:23:12,other,42,Lucknow,netbanking,29,10.0,0
f8c0cfbe-1864-4807-aa75-e0de8474af74,997.16,2025-09-20T02:33:48,other,49,Pune,debit_card,25,1567.01,0
7ab6d69c-cd81-4b4d-b3fa-38e4ef3b6581,463.37,2025-08-29T06:23:05,dining,44,Mumbai,credit_card,28,307.94,0
79f9ac60-05a4-4f10-9ea2-35dcf4ab4b9e,736.09,2025-07-24T23:59:42,dining,60,Pune,wallet,32,795.06,0
bc2ad834-4704-4158-bc34-9fb79a00bc08,221.74,2025-05-15T22:24:04,entertainment,21,Kolkata,debit_card,22,210.72,0
18530fd2-1cd0-4ba9-a85b-63ea97c014a8,195.11,2025-10-21T23:47:35,travel,46,Pune,upi,16,109.42,0
3dace963-1da8-4cc1-9f0f-89272b36a957,68.18,2025-07-07T07:38:07,travel,30,Pune,debit_card,26,10.0,0
edf8f3a8-f95f-4386-9e52-08985fef7339,400.04,2025-10-17T03:25:28,travel,39,Pune,credit_card,27,259.54,0
b5cb6b84-259d-4944-93be-aa5ffaab2b23,1117.15,2025-08-09T21:05:30,electronics,23,Mumbai,wallet,25,681.56,0
158d6417-69d2-48f0-b78f-f7757aa861ae,773.8,2025-02-27T07:31:30,fuel,45,Delhi,upi,22,840.37,0
7dead671-4c67-412b-a96c-e901e1a65720,176.76,2025-03-29T05:02:56,entertainment,46,Kolkata,debit_card,17,188.25,0
97acbed6-f22f-453e-8e8c-e982dfddb8b5,662.29,2025-01-20T03:23:38,online,36,Kolkata,credit_card,19,127.01,0
d6fafbfa-6d5a-4760-8f7f-c6b1ab6a134c,849.82,2025-02-15T02:37:12,online,28,Hyderabad,credit_card,33,804.48,0
5b000852-ee0f-4cbd-ae34-61d60cd30e4d,489.26,2025-02-07T22:59:05,fuel,40,Ahmedabad,upi,27,98.21,0
2a6ff818-f277-4024-bd68-0b857768c0ac,78.87,2025-02-23T07:12:40,entertainment,18,Lucknow,netbanking,21,299.99,0
e9569233-05de-4678-a02a-ffca9fc57d49,718.38,2025-08-24T09:56:38,online,42,Pune,debit_card,17,111.94,0
c020c57c-6f9d-41c8-b527-d468df7fec1d,420.14,2025-06-24T07:58:52,grocery,50,Ahmedabad,debit_card,20,359.75,0
db15268a-122d-4576-8f01-431d207333b8,761.89,2025-01-13T06:17:33,travel,50,Pune,credit_card,17,817.62,0
b43d0b4b-666b-4bf3-a9c0-727433ede6fa,788.02,2025-04-30T18:31:19,dining,33,Jaipur,upi,39,614.27,0
e9978e9e-33a9-48b3-bcd4-ce88ad0e41d9,186.56,2025-07-12T09:56:17,online,49,Chennai,wallet,21,10.0,0
02af5a14-df34-4bc6-9230-fc1e32b6c3f1,215.82,2025-05-02T01:06:35,electronics,49,Lucknow,upi,19,10.0,0
9e5f2da4-84ac-42bf-ad4b-932a0b77758d,37.43,2025-08-02T03:20:34,electronics,33,Delhi,upi,26,83.78,0
2b3addac-39bd-4698-a336-75ad1170a23c,895.7,2025-07-25T14:26:21,dining,41,Chennai,upi,27,746.93,0
b4ec41a1-5d71-43db-9986-ca4c10bc27ed,1020.67,2025-01-16T00:46:14,dining,33,Jaipur,upi,22,861.69,0
832dcc9d-aa2c-4b22-9a8e-879919c6ba75,92.81,2025-09-23T16:18:48,online,60,Lucknow,credit_card,27,225.57,0
942b5cac-1de2-472c-ac83-3fbd2a39cf2e,2357.63,2025-09-25T05:52:08,online,20,Jaipur,credit_card,19,1636.87,0
480012ab-bcf9-419f-bf58-b952c8fe2196,1390.86,2025-03-23T17:30:01,electronics,52,Delhi,debit_card,21,1887.28,0
6adb76a9-d11a-4633-8f9a-50c3b04f0e80,907.28,2025-09-29T01:25:29,fuel,44,Kolkata,upi,19,659.02,0
24780a74-88d9-4c49-b282-b8670a0d9305,2491.34,2025-07-28T00:27:30,electronics,31,Ahmedabad,upi,32,2670.72,1
b6faf683-f227-4685-9372-e5c4f8738101,384.1,2025-08-12T17:46:03,grocery,36,Delhi,wallet,24,281.26,0
98f3d25b-fbaa-4c64-b0e1-1f007fd47751,6239.1,2025-05-16T03:23:13,electronics,41,Lucknow,upi,27,29.26,0
072f3e9e-ab54-496f-a363-2eaa02d509a4,302.53,2025-03-10T03:59:20,electronics,25,Ahmedabad,upi,25,284.08,0
c01d4e2a-97d0-4c29-bf21-0ab69eae8660,3440.14,2025-03-14T18:46:13,dining,35,Hyderabad,credit_card,23,1285.95,0
93a240b9-9ea9-4f2e-97f9-f048f6456e72,514.47,2025-03-14T04:38:33,fuel,49,Delhi,netbanking,28,145.62,0
de225d36-b38e-4994-a256-7c1d5289fa73,267.82,2025-10-14T01:36:32,entertainment,38,Mumbai,netbanking,28,349.76,0
00c381cf-ce77-47e2-9f41-77daaee64be7,440.52,2025-01-11T18:04:40,online,37,Pune,upi,28,556.79,0
25e6a0a0-9acb-4672-adf6-46c2ae3ef6e1,174.45,2025-01-23T20:46:20,fuel,18,Hyderabad,upi,23,10.0,0
095ac143-b2cd-4520-a98b-7e1fdce0e661,3405.04,2025-04-09T18:09:07,dining,33,Hyderabad,credit_card,28,2704.04,0
0407d95c-d767-480e-b591-3d4ee339665c,43.04,2025-05-30T21:46:20,dining,23,Mumbai,upi,23,74.84,0
6218c27d-6685-4075-b1c5-463d09b80e13,794.46,2025-08-01T17:47:10,other,41,Mumbai,wallet,23,685.91,0
949953b8-8edb-4b9b-8c50-e62de2ffa318,133.45,2025-04-07T03:37:27,dining,20,Delhi,wallet,32,10.0,0
db5f9ad4-906e-4fe8-b37b-ae33e19c3a9d,194.09,2025-09-21T22:42:13,entertainment,53,Pune,netbanking,21,222.09,0
8c20effe-5e6e-478c-a37f-b87d73530b7e,90.43,2025-07-26T17:20:06,electronics,41,Mumbai,upi,33,26.8,0
82b3b352-441c-4b23-a16f-f57dcf1305d0,2642.47,2025-08-12T16:51:11,electronics,52,Bangalore,netbanking,23,2092.66,0
919f1b14-e810-4bff-b578-f93869ccaf9c,785.98,2025-01-06T10:23:16,fuel,53,Chennai,wallet,16,178.31,0
0c4c9752-e0db-4d71-b098-e1251998dd74,253.86,2025-04-19T10:27:58,fuel,45,Mumbai,debit_card,35,456.78,0
13114d7c-f047-4e35-a80a-2e55cdd154ba,501.64,2025-09-05T23:47:14,electronics,43,Chennai,netbanking,35,389.07,0
ae0cb75d-5ef1-427e-ba43-a5235c6eff67,214.7,2025-05-23T01:10:41,online,51,Chennai,upi,13,71.69,0
245f20a6-b427-4ba5-a34c-b6d3805a9914,58.59,2025-08-27T19:28:03,grocery,40,Delhi,upi,26,10.0,0
36508e0f-c13b-472a-b84c-9246cc2e60bc,930.9,2025-02-04T11:39:34,grocery,50,Lucknow,upi,16,213.58,0
eac524b3-2b7b-4ec6-ac67-911147387fe8,356.44,2025-01-19T21:25:49,other,18,Bangalore,credit_card,25,394.12,0
b24d9e1c-2b2f-4a53-9796-8adc3c7b33d4,278.43,2025-08-29T05:29:57,online,39,Jaipur,credit_card,18,316.06,0
03c66248-2a33-46a2-b6db-94547b4d0607,968.84,2025-10-16T21:54:35,travel,45,Bangalore,credit_card,17,696.42,0
0da3fbba-8500-49f3-8534-40573324ab1d,101.02,2025-02-22T10:37:00,fuel,35,Jaipur,upi,29,124.83,0
ccb2df30-8c80-41a3-95ac-4b5401fa456a,166.26,2025-08-10T06:48:01,online,47,Hyderabad,upi,17,10.0,0
a5e66056-3c99-4d14-8a30-b7fb87d93fc9,298.77,2025-04-24T13:12:32,online,35,Chennai,debit_card,24,255.95,0
4fb82172-1f96-4f42-a165-36d26ff070af,315.16,2025-05-31T15:19:20,dining,49,Lucknow,credit_card,13,259.52,0
0bd04148-4850-442c-8b50-fcbdb4a93687,317.31,2025-04-03T00:13:13,entertainment,45,Ahmedabad,netbanking,17,241.92,0
a8ea9459-5283-4655-8b84-f121fd0cd702,907.58,2025-05-08T17:53:00,online,34,Ahmedabad,debit_card,28,857.33,1
2717d953-61ba-47e4-8bbe-5157c0b93ba9,203.94,2025-10-27T03:39:53,online,38,Pune,upi,25,54.75,1
38f77a57-bd09-4f92-bda4-8a4d40381b3d,258.6,2025-04-13T14:17:52,entertainment,28,Ahmedabad,debit_card,20,224.37,0
50717c42-8a56-4f90-a244-05f247aaa603,171.43,2025-05-30T17:12:32,grocery,34,Lucknow,credit_card,18,170.91,0
06f1b375-e561-4951-a99a-9c0e80f68b3e,577.79,2025-03-12T17:28:58,entertainment,53,Chennai,credit_card,29,394.48,0
b23e53a5-9d13-4af6-b838-d226653c6c91,437.73,2025-10-01T01:38:09,grocery,21,Chennai,netbanking,27,231.74,0
e59a169d-d3a3-4e71-befd-a4265fc6ad50,181.15,2025-10-12T23:35:12,travel,33,Ahmedabad,upi,24,26.46,0
43d013bc-4941-4ae5-95a5-f9258be47284,389.5,2025-02-19T13:42:46,dining,55,Jaipur,upi,25,67.89,0
992d3b9c-b9ea-4a21-b835-8971179b93ba,3186.09,2025-08-12T10:12:17,online,37,Hyderabad,credit_card,27,2470.7,0
5981313a-4b53-4e79-9156-b42d7569fece,556.44,2025-06-22T14:43:13,online,43,Pune,wallet,31,571.39,0
120dc2ba-9a9d-4c2a-950a-15208dac2349,165.27,2025-04-18T04:54:38,online,37,Lucknow,wallet,26,189.89,0
e2347c72-c1c2-455d-b948-aecf878620d7,104.01,2025-01-15T22:53:50,online,51,Lucknow,debit_card,33,161.47,0
6683b5a2-c20a-4e94-802b-bbfcd909b680,1156.96,2025-01-25T19:06:59,fuel,43,Pune,credit_card,25,1180.54,0
965e2050-b6ab-4c4d-bbd2-e8f59af267ca,4744.18,2025-03-16T13:36:55,electronics,28,Ahmedabad,netbanking,22,4644.25,0
c30b54d3-53c1-4b8d-9581-9d4d23bd1286,82.14,2025-07-02T07:03:14,online,35,Mumbai,wallet,15,29.92,0
214dc74d-9ba2-4c1c-9a32-11f19174ca2b,34.47,2025-05-05T15:34:27,entertainment,56,Delhi,netbanking,22,43.07,0
ef967b62-46b0-4ec4-aac1-d118ae9e3ef7,395.48,2025-03-09T13:24:54,dining,32,Delhi,upi,36,268.92,0
398860ad-c25c-4390-9051-5fe5301369b3,1118.58,2025-07-21T07:09:36,fuel,29,Pune,upi,17,178.77,0
05c94d93-79a0-4530-b2ab-0dcd8be009e0,577.51,2025-07-04T12:06:25,grocery,22,Ahmedabad,netbanking,27,253.81,0
95226a91-ec3e-4cc4-9fdf-9d796af61a4c,536.69,2025-08-10T09:54:03,travel,38,Pune,netbanking,23,518.7,0
e09f3b8a-7005-4003-b18c-9febc0f6579b,126.66,2025-02-23T21:25:46,online,33,Delhi,upi,21,161.6,0
713c800b-12cf-49e6-a0d3-84c861b13a3c,1419.9,2025-04-10T23:53:17,dining,32,Jaipur,credit_card,31,1810.84,0
24ea3830-14de-4831-979d-edfcc7809a7c,508.07,2025-09-21T13:46:52,fuel,46,Jaipur,upi,17,550.94,0
609cc743-95bd-426f-8d47-0c170f67ee11,565.01,2025-07-02T02:24:00,dining,28,Kolkata,debit_card,30,644.86,0
a223e585-30ac-4bfd-b3c8-223ec87877cd,473.51,2025-07-24T09:29:30,fuel,39,Delhi,wallet,22,444.65,0
ebb0bbb4-c9d0-409e-a44e-608b9d45a85c,236.89,2025-07-16T10:57:38,grocery,47,Bangalore,upi,23,341.6,0
5c417401-7916-4049-9c32-161af1f1cb52,874.67,2025-02-08T13:41:29,other,49,Pune,debit_card,25,271.26,0
a6652043-9a35-46ea-aaca-8fbc9597c709,135.17,2025-05-12T16:48:57,entertainment,23,Bangalore,upi,23,220.13,0
184543f9-fb40-47e4-a6e8-067f2691608e,242.64,2025-01-19T21:26:27,entertainment,18,Pune,upi,20,21.54,0
e20a08a3-4b2e-4b8a-9c85-ceb211b63929,526.49,2025-05-01T09:02:23,electronics,26,Ahmedabad,debit_card,35,379.15,0
9ad56e6f-7116-4f52-8200-bf412c2291a5,2574.91,2025-06-24T12:10:19,entertainment,18,Mumbai,debit_card,23,2468.0,0
ca662bba-9b20-4c43-ace7-e0dec18e5220,2368.58,2025-04-30T13:06:40,grocery,44,Ahmedabad,credit_card,24,2781.01,0
bf49d193-ebac-45dd-a4f4-db0c90b56e91,681.46,2025-08-01T18:41:13,dining,36,Lucknow,upi,18,221.21,0
a1298f09-3125-4a3d-8872-ceec10f33b4c,156.37,2025-08-26T03:27:54,grocery,54,Ahmedabad,wallet,32,247.91,0
a1a7fb0e-6eaa-4c0a-9571-30878ff23585,433.94,2025-06-04T11:33:30,grocery,47,Delhi,credit_card,33,564.21,0
711e6714-3511-4b6c-b7d2-02ac93a13e09,1024.07,2025-02-19T17:58:32,grocery,31,Bangalore,credit_card,22,1061.04,0
80ff65c5-e8e3-49b4-aae5-99a80bc2ec84,998.15,2025-09-15T20:53:11,other,38,Delhi,upi,27,848.71,0
3b6f63d6-07e5-42ad-88f4-c95da2d923e1,122.48,2025-04-18T20:18:42,grocery,38,Chennai,upi,29,237.04,0
681f3dbe-c355-4b9a-a8e8-4a17654094bf,658.21,2025-06-24T05:00:35,entertainment,49,Pune,credit_card,23,836.44,0
7e9d3521-aef5-4249-bca2-e0a0b88362de,956.51,2025-03-10T21:26:30,other,46,Delhi,credit_card,26,731.69,0
825646cf-3128-42b1-839f-3719eb4ff557,220.46,2025-05-27T12:58:48,grocery,18,Bangalore,wallet,16,273.46,0
082e8f95-cd5c-4982-8c1e-2023df9d8eea,22.77,2025-04-03T01:37:51,entertainment,61,Jaipur,debit_card,25,10.0,0
55c6cdaf-3c56-4282-9a73-fec70de52738,65.99,2025-06-24T14:28:00,dining,37,Delhi,credit_card,23,153.34,0
5c6ed98a-6cf3-4db7-9d81-913874772c9a,34.88,2025-01-01T10:14:09,fuel,43,Lucknow,netbanking,33,10.0,0
cda7ee21-5905-4495-ae41-b9816e55c095,234.9,2025-07-25T01:46:55,grocery,54,Jaipur,upi,23,10.0,0
403b7aa5-7804-4575-8178-5a818734f7a2,872.27,2025-02-11T02:12:59,fuel,18,Mumbai,upi,25,621.52,0
c88b306f-d730-4a40-bd60-b3ac4b822ec5,616.97,2025-02-11T18:48:18,online,37,Jaipur,credit_card,24,209.54,0
911c3628-c26a-4cb9-8e77-48fe711cc095,1396.05,2025-05-28T03:47:33,online,39,Kolkata,debit_card,24,1093.27,0
3d2e39c8-e37d-448a-87e5-632a652a4db8,129.47,2025-02-15T16:26:40,electronics,45,Hyderabad,netbanking,27,185.07,0
2c11489c-d420-47a7-aa47-8aa55680c222,270.08,2025-10-21T12:02:58,dining,29,Pune,netbanking,17,294.17,0
cb63342d-8335-4771-b8cc-42ac1aa96db4,906.11,2025-04-14T09:23:42,online,35,Kolkata,upi,31,629.41,0
8a4f9bad-19fc-46e1-b28d-db1bab3de839,107.59,2025-01-16T11:32:17,grocery,21,Lucknow,upi,16,184.98,0
c0d493df-835b-4bf1-8bb3-9c035acfd8dc,757.9,2025-08-24T19:30:39,dining,46,Kolkata,credit_card,25,752.09,0
66a5edf3-f637-4609-8400-81a7749552e1,4578.27,2025-04-24T00:43:39,grocery,29,Mumbai,credit_card,27,3510.44,0
643c2517-77b7-4355-a7ff-cab048f1dc9a,649.43,2025-05-22T06:11:05,online,19,Kolkata,upi,25,562.23,0
a9c53ac1-3d42-44c3-9f07-45cc8a63b63e,141.95,2025-03-26T06:11:48,online,55,Jaipur,upi,32,190.57,0
598e2ee9-79a9-4c33-88e7-546c3e092e55,296.2,2025-06-09T07:41:23,entertainment,55,Hyderabad,upi,37,212.45,0
2851b3ea-abfa-4229-a38c-03c81076a6c4,1082.72,2025-01-02T09:16:33,fuel,20,Hyderabad,upi,25,127.68,0
b4e7a221-3234-46b1-a465-3bfd38c0963b,638.44,2025-06-29T15:51:49,online,34,Bangalore,upi,20,742.84,0
8d3444a0-4001-47e3-b97c-92672b6d48f0,421.97,2025-02-18T15:21:00,fuel,58,Mumbai,credit_card,21,273.19,0
8d4a60ec-5b0f-4db9-9f91-94c3f07509e7,481.91,2025-05-23T21:49:27,fuel,53,Lucknow,upi,18,733.15,0
69a39f0e-9760-43d3-a9d1-733ed23d6eda,977.36,2025-02-09T23:10:25,dining,51,Bangalore,credit_card,32,965.1,0
49260a02-5a95-4d27-b2f5-1af81a1c7151,1974.37,2025-06-30T18:50:13,dining,25,Hyderabad,credit_card,22,1370.17,0
73469d54-ce48-477f-acde-443c1f13efa9,140.85,2025-07-26T21:45:30,dining,33,Ahmedabad,debit_card,25,173.08,0
2dd5d3a1-01b4-4ff1-9cef-d0be388dcf92,535.68,2025-07-30T09:51:46,electronics,38,Lucknow,debit_card,23,324.59,0
5d7bea7a-2c08-4e76-ba97-6dbebb7889df,489.59,2025-03-09T06:58:44,electronics,19,Mumbai,debit_card,28,368.84,0
4bcb0abe-00cd-49c6-8b26-c9f02947d4e5,1804.59,2025-01-31T20:46:51,dining,51,Mumbai,credit_card,30,1011.34,0
afc2d8b1-254f-48c5-bb62-1de47ccdb92b,510.63,2025-04-20T11:44:29,electronics,42,Jaipur,credit_card,24,370.43,0
b888cd6f-e550-4453-b58d-d93ff8b0fa90,299.26,2025-02-26T20:31:51,grocery,48,Chennai,credit_card,22,369.4,0
ff25740f-f41b-4d06-9c79-2410ad89f9c0,257.04,2025-08-25T16:58:33,entertainment,29,Ahmedabad,debit_card,18,205.27,0
a3064f0b-f67f-4f7d-a1ed-85eae9c2fd8e,664.77,2025-03-09T00:11:39,other,58,Chennai,credit_card,22,64.14,0
6ba132f9-53fb-4567-b6d1-b23d1fb49a5a,531.65,2025-06-02T01:33:54,online,45,Mumbai,credit_card,29,725.41,0
2770fede-a3b2-4264-81b5-8f14748e11c8,1613.55,2025-09-02T02:05:29,grocery,37,Lucknow,upi,22,1248.74,0
3fbcc540-f203-432c-8940-33c0b2178309,318.29,2025-08-03T18:54:14,dining,44,Pune,credit_card,28,317.77,0
cb69d80f-e50a-4527-8003-713f12e67ffd,188.12,2025-04-05T11:47:59,electronics,36,Jaipur,wallet,26,355.28,0
d56764a2-54ef-4445-8e2f-e808445adf4a,382.51,2025-02-15T06:56:52,online,31,Kolkata,netbanking,23,215.61,0
dc9ee308-b4af-4124-84b2-5324b6dd6831,1289.89,2025-09-29T16:55:12,electronics,18,Jaipur,netbanking,16,1436.4,0
72e93271-bb83-4f22-9909-acd2620bf51e,336.97,2025-08-02T22:48:54,dining,43,Bangalore,netbanking,32,425.97,0
f6042435-e313-46da-92a4-62325d2f3a05,798.88,2025-04-13T19:10:16,online,45,Jaipur,credit_card,29,824.51,0
90a2ac70-e7b3-407b-abe9-06fdae2a085f,603.63,2025-04-26T22:29:10,online,44,Pune,credit_card,18,703.66,0
a3d75cda-b9b2-438f-9f32-89ab36481d52,269.65,2025-10-20T14:16:51,online,35,Lucknow,upi,26,39.18,0
0b07c9dd-a349-48ff-8138-95bf2b225a98,379.24,2025-01-06T20:36:38,electronics,36,Mumbai,credit_card,24,194.86,0
7aacb108-5b91-42a7-bed9-5c3f5b445859,361.45,2025-07-19T21:54:39,online,51,Delhi,credit_card,29,82.14,0
e13837ff-90c8-4969-b86c-1505fb30d0a3,1154.82,2025-05-18T08:34:27,fuel,38,Kolkata,upi,25,1266.65,0
1f1d34fc-48f5-467a-b017-a81be4771ba6,306.65,2025-08-29T16:52:36,electronics,24,Pune,debit_card,21,316.78,0
5fd86eae-d7b3-4fb7-8a3f-b42131110c7c,204.01,2025-08-10T12:39:38,other,45,Hyderabad,credit_card,22,298.95,0
e37b9164-2e87-45d8-b829-e967835684ab,264.61,2025-06-02T13:13:46,dining,32,Ahmedabad,upi,28,236.67,0
7dc330d1-78c0-4a98-aa47-0d43e3c46772,206.59,2025-07-06T17:39:12,travel,42,Chennai,credit_card,31,177.2,0
d1addf4a-2d7d-48c4-8474-9497703de246,443.2,2025-05-04T15:38:45,electronics,35,Jaipur,upi,25,424.58,0
c636f5ba-e44e-4649-a1e4-ac620a4caf47,176.39,2025-10-20T02:55:58,online,48,Kolkata,netbanking,20,224.57,1
60725c6e-b821-46cb-aa44-9b2a379c44bc,1263.66,2025-06-25T07:58:42,electronics,41,Jaipur,credit_card,24,275.25,0
7ff51012-b86a-4961-a3cf-ccc9c96137cf,97.76,2025-03-04T19:38:59,other,21,Chennai,netbanking,22,113.32,0
9d5e83e6-4e25-4c2f-b729-ddaf0d1a5666,124.2,2025-02-02T22:24:03,fuel,36,Lucknow,credit_card,24,40.75,0
3385021d-c193-43bf-b146-3c954594569d,323.9,2025-09-17T08:27:21,entertainment,56,Hyderabad,credit_card,20,275.13,0
e7636392-aed7-4221-beb8-57b3e1d6571b,91.27,2025-06-03T07:57:03,other,27,Delhi,upi,27,105.51,0
eedd7d01-f3fc-42f5-a4d7-999cf1765a72,1304.1,2025-06-14T13:06:08,grocery,50,Kolkata,upi,26,745.38,0
6fdaa54b-eb4c-4091-88b2-0739a33c7a53,238.91,2025-10-01T14:53:24,online,47,Bangalore,credit_card,22,133.03,0
afc82358-ceee-471c-ae56-68257e2d9a96,1395.31,2025-08-03T10:29:31,electronics,28,Kolkata,upi,30,982.53,0
3a2ac8c3-7722-4189-97a6-49f301a58021,510.26,2025-09-20T11:47:07,other,53,Delhi,netbanking,28,263.97,0
98ffe66c-27c2-4811-bfb0-502a4493278d,488.44,2025-06-24T22:45:51,dining,37,Pune,netbanking,23,160.51,0
01912f78-c82e-4f72-aa5c-f65eed84aae5,416.93,2025-02-17T14:28:44,electronics,34,Ahmedabad,netbanking,22,493.17,0
76df2273-8cbb-4eff-87a8-0bc2bc2ef124,438.74,2025-09-24T02:50:09,travel,31,Hyderabad,wallet,20,433.84,0
f4446f79-5516-4731-b959-aa91a2d974b3,480.94,2025-04-10T07:52:44,travel,50,Pune,debit_card,32,273.49,0
2882de3c-0791-4dac-9337-f465bc5e9f01,371.13,2025-07-14T02:54:14,electronics,48,Chennai,netbanking,18,469.59,0
d2dfbdb8-5fbf-4f19-9cac-a3469a2edec0,309.24,2025-05-23T13:34:19,grocery,38,Kolkata,credit_card,31,314.63,0
b51f9a35-fd2e-4939-abaa-602fd6df3c2e,432.88,2025-03-29T09:11:26,other,27,Bangalore,wallet,32,152.18,0
2b711a24-106e-4973-a2aa-ac7a4cfe7aff,976.07,2025-04-23T13:54:25,grocery,49,Jaipur,credit_card,26,756.3,0
c2fec6c5-a765-4fa0-9699-c99fb7b9a8ae,183.37,2025-03-05T07:21:58,fuel,49,Chennai,netbanking,25,22.98,0
2f94eb75-93f4-4af9-8550-e3388f2bb3bd,139.5,2025-05-23T15:29:00,grocery,30,Kolkata,upi,25,82.62,0
aeacdee7-76e4-47f2-893f-de700ac4bb19,589.69,2025-07-18T18:43:25,online,26,Pune,debit_card,32,370.11,0
b896f722-5643-4059-be3f-2867c98ab663,859.87,2025-04-14T09:00:11,online,28,Ahmedabad,upi,25,570.08,0
2e975377-4877-49d3-ab15-8bd79d211967,750.41,2025-10-09T00:45:32,fuel,41,Kolkata,upi,28,921.51,0
d1a427ae-9828-49de-ac86-b09ff94e325a,71.73,2025-03-01T13:50:42,online,31,Mumbai,credit_card,31,82.19,0
c9595017-f788-4667-83c5-3be902d9b8fc,252.23,2025-06-30T02:33:13,dining,24,Jaipur,credit_card,35,254.89,0
0852dd73-fa66-4f0b-a59f-8abd4b808df6,83.56,2025-07-12T22:39:08,fuel,40,Lucknow,debit_card,19,76.74,0
35c924ee-e333-4645-9603-003efebd4864,762.83,2025-05-27T15:14:00,entertainment,47,Ahmedabad,netbanking,22,409.2,0
cfad137c-0a2f-4cea-9b3c-20c09cb787d0,140.87,2025-04-01T02:14:25,other,46,Ahmedabad,credit_card,27,100.51,0
5bc72936-75f5-45c7-98ec-a7eaa6be806d,200.67,2025-05-09T23:56:46,fuel,66,Ahmedabad,wallet,24,234.17,0
7852e28f-2c63-4e75-9c40-a069bcbcab44,164.73,2025-09-26T14:18:02,fuel,40,Chennai,netbanking,28,266.97,0
7a11c89e-02fc-4da1-84f5-56ec61d7fced,709.35,2025-01-27T07:52:57,entertainment,40,Bangalore,debit_card,13,326.75,0
b85dfeee-4760-4e52-9096-7ba96819bd83,3373.5,2025-02-26T05:51:04,online,50,Bangalore,credit_card,27,1068.98,0
fddeb662-aea2-4e96-977a-6fdc81020088,563.48,2025-02-23T14:15:50,fuel,39,Ahmedabad,wallet,26,118.16,0
5e63c357-0ada-4433-9393-c68f19c56d91,254.1,2025-07-21T04:35:30,fuel,40,Mumbai,debit_card,32,123.16,0
62fd6b17-933b-4d82-bd5f-8f4f93ca5eec,180.44,2025-06-15T12:10:31,electronics,53,Delhi,netbanking,35,83.25,0
2eca0a13-7004-48fb-8360-eb67f396c423,800.92,2025-04-16T09:27:36,entertainment,61,Chennai,credit_card,21,488.51,0
1b13abbd-7060-4d1b-9169-76a591b1683f,445.78,2025-02-20T09:19:45,fuel,18,Jaipur,credit_card,23,513.29,0
ef6c777f-eac1-4b48-9e88-fefe8c8d1b76,163.22,2025-06-30T08:07:17,grocery,34,Chennai,upi,33,240.34,0
807da93f-6af8-4281-9db0-4c7c2145be02,196.39,2025-03-27T20:04:13,dining,45,Jaipur,credit_card,28,259.98,0
9fc399fe-0c82-43f7-9da2-47bbd221eba7,191.58,2025-05-11T16:22:38,other,46,Bangalore,wallet,26,282.32,0
7604f1cb-4efd-47dc-9e8b-9a6fcf7d16ac,1321.78,2025-03-29T19:47:55,other,18,Chennai,upi,29,1167.75,0
d7b8659a-79ab-42a9-9e55-0b9067120573,115.85,2025-03-01T18:37:01,entertainment,43,Kolkata,credit_card,23,141.72,0
19fe676c-375a-4b89-94d2-82fcd270dde2,236.85,2025-05-29T07:54:42,travel,54,Mumbai,upi,24,232.6,0
540fe1a5-5609-4419-ae82-12d45bb7b0d1,395.39,2025-10-03T11:14:31,other,37,Bangalore,upi,25,468.13,0
a57ff2af-ee28-45ae-855e-8ac605daeb44,204.32,2025-02-20T01:00:45,grocery,18,Delhi,wallet,28,10.0,0
b876423e-c164-4f51-be4b-f596d450c70b,259.06,2025-01-04T08:55:14,electronics,31,Lucknow,credit_card,27,232.71,0
8c8c9fa1-75ec-4262-892e-404519757ffd,221.34,2025-03-30T19:04:44,travel,35,Pune,upi,29,39.91,0
bb8f63c2-0b2c-4d4a-90f7-efded7b25563,166.78,2025-04-27T22:09:29,dining,57,Hyderabad,credit_card,30,197.01,0
a1d443f8-d971-4176-af9c-0afc61dbc05e,475.06,2025-05-27T05:45:33,grocery,37,Chennai,netbanking,23,221.38,0
1805ceb2-4952-42a8-b7eb-0d79f188ef62,996.99,2025-02-10T00:37:40,entertainment,40,Delhi,upi,18,928.14,0
c617cc68-3554-4bd1-a87a-9ed269b8b609,372.72,2025-01-25T10:28:13,online,26,Mumbai,debit_card,29,843.79,0
d388b5e7-e2d5-4ea0-b319-e27be4d9f8f3,365.2,2025-02-26T00:15:15,dining,44,Kolkata,credit_card,27,58.71,0
ca0135c1-c735-4ba9-b43c-b691052a381f,1254.07,2025-04-06T22:56:30,electronics,53,Chennai,netbanking,26,770.02,0
f3a9b5d6-3b6c-4d52-9284-8f0d600ee563,268.76,2025-02-15T07:01:29,online,57,Pune,wallet,17,157.12,0
18bce5f2-acd9-4901-9963-dd06148709a1,312.3,2025-03-09T23:00:22,dining,45,Kolkata,credit_card,30,439.38,0
42c6647d-8f82-493b-95d6-322733f2bb00,4239.51,2025-07-19T09:32:51,fuel,48,Bangalore,upi,33,4927.08,0
91e08cdc-3ca9-49c3-b11f-e24d5e22b980,76.46,2025-07-09T03:04:13,online,33,Bangalore,netbanking,27,12.08,0
690bff36-8e45-4e3b-b6f5-e9c962c23f04,528.94,2025-05-07T14:26:04,electronics,28,Ahmedabad,credit_card,20,782.56,0
7063e6b5-58f6-415d-8e40-eafd7ec4f920,324.79,2025-05-11T06:54:02,online,47,Lucknow,debit_card,24,223.44,0
8816212c-0016-435b-a4ad-bc71a4175889,214.38,2025-08-18T09:22:44,grocery,53,Kolkata,netbanking,24,165.83,0
ce762c91-0d4d-4407-8c4b-9334ec5b7bf4,374.97,2025-07-16T12:39:26,online,32,Delhi,netbanking,24,450.62,0
9da8afe1-e3db-4d92-be48-b47156fd0c5b,202.28,2025-01-30T01:02:48,dining,49,Hyderabad,debit_card,25,452.19,0
f6adaaf2-c036-4c7c-ab1a-569074787924,817.18,2025-04-28T02:54:18,grocery,33,Bangalore,upi,24,598.07,0
660766c9-fd4f-4e97-962b-a087102e5033,328.9,2025-10-02T18:53:14,fuel,19,Lucknow,debit_card,24,10.0,0
719de0f1-315e-4746-a32a-5b6733a0a4de,367.74,2025-08-05T15:43:27,grocery,47,Bangalore,debit_card,31,156.11,0
52f4877c-d349-4c37-80d4-23ab3e801feb,918.64,2025-07-05T01:57:42,dining,34,Jaipur,credit_card,22,703.66,0
db7abea3-179c-4ebe-8a0a-c5334d5fc550,217.62,2025-09-21T09:03:00,online,19,Bangalore,upi,22,142.13,0
7c691879-510b-42bf-bc3c-8f676a4bccf7,209.75,2025-06-06T15:56:18,fuel,35,Lucknow,debit_card,34,183.24,0
5f0ba6c5-3de6-47e2-8637-f1f83d183939,876.39,2025-01-25T10:58:41,electronics,46,Chennai,debit_card,24,588.52,0
48944564-9ad8-44c2-8d7e-899189a0d88c,136.27,2025-01-04T01:52:45,online,35,Ahmedabad,debit_card,22,86.81,0
9875d7c9-3dd1-4052-aff6-9f73e9817f69,728.15,2025-05-27T00:00:50,online,57,Delhi,credit_card,25,456.21,0
517057cd-d06c-4d9c-9dde-a7e1439331db,357.94,2025-03-09T09:14:30,grocery,18,Lucknow,upi,23,260.63,0
d8b1267b-54f9-4f9e-8ab6-b67369628cd6,1566.1,2025-09-21T01:14:37,travel,28,Lucknow,netbanking,24,1154.22,0
5c44be80-a326-413e-9647-241a34134c43,239.66,2025-05-04T00:49:11,dining,21,Jaipur,upi,29,22.29,0
4484f7f9-a400-49e6-976c-1c9f1958b7f0,161.48,2025-08-22T19:00:28,travel,50,Pune,netbanking,35,216.33,0
546b4326-de27-4ed7-aa27-eec5a9f1bbcd,82.54,2025-08-19T16:08:52,entertainment,53,Hyderabad,debit_card,21,39.35,0
3bc7cfad-18f6-45a1-9c41-30b0daf4a353,275.88,2025-03-03T03:14:55,online,33,Mumbai,credit_card,30,249.34,0
5122cb40-67e4-49a4-9c3c-491110528254,1579.81,2025-09-16T11:27:01,grocery,41,Bangalore,debit_card,26,925.61,0
6bcfeb80-70fe-451c-9183-8353f07fbb6d,646.64,2025-10-22T15:59:47,grocery,38,Lucknow,netbanking,21,601.98,0
915907f1-0bfb-4d11-8990-dfda48997c0a,593.18,2025-04-20T02:24:37,online,45,Jaipur,debit_card,24,688.16,0
4a53fcca-a0e4-4f43-9cec-721959c99bc2,588.48,2025-08-05T15:45:28,entertainment,42,Chennai,credit_card,28,742.18,0
7bdd311b-d4ad-47ca-9508-88fffd62ee76,369.19,2025-04-09T18:51:58,travel,41,Chennai,upi,21,152.68,0
78c232c0-b5fd-4337-b235-73edafd8fa9e,77.85,2025-08-31T17:59:16,electronics,18,Delhi,debit_card,27,209.59,0
14f47446-4888-4b2d-a1a1-fb64f83e9ff3,282.82,2025-08-20T03:57:09,other,23,Lucknow,debit_card,24,211.1,0
6ff223e5-462d-467f-9949-5e77ae89b792,58.92,2025-08-16T14:47:24,grocery,51,Lucknow,credit_card,32,30.08,0
6a94f1cb-f28d-4c1e-9db7-e8abaeabe2e3,151.87,2025-06-29T22:45:04,dining,18,Jaipur,upi,28,43.89,0
95ca6e2f-6bdc-413c-b7f0-2b6b929ebc82,1357.62,2025-09-15T01:35:35,online,37,Chennai,credit_card,24,809.41,0
cdb1da73-a728-4ab3-9db5-f947d1d11841,404.37,2025-05-27T10:02:58,grocery,35,Bangalore,debit_card,32,334.32,0
dab3bb3a-c67b-4220-83ea-066f6b432b51,72.2,2025-04-01T08:23:30,electronics,40,Bangalore,upi,25,10.0,0
e4f886bb-bb54-4b4a-bee9-dcc487cba876,214.21,2025-05-10T21:43:49,electronics,34,Jaipur,wallet,26,282.61,0
e47b71ed-d4b1-4d93-90ef-93e0188b0a6a,45.49,2025-04-19T01:58:29,travel,34,Ahmedabad,upi,26,32.02,0
f7d05911-138b-4ae8-9711-2da64773f066,73.28,2025-08-28T07:29:14,grocery,49,Hyderabad,credit_card,29,10.0,0
a707e804-ba69-491e-9e9b-223594e48065,70.61,2025-10-09T09:31:02,fuel,45,Jaipur,upi,19,10.0,0
38507d08-476d-476a-945f-aae49ce92d17,378.41,2025-07-20T20:51:16,online,52,Jaipur,credit_card,24,462.65,0
44f30bf2-674d-4c92-82b9-72dd27baeffa,198.92,2025-04-13T00:10:25,entertainment,47,Pune,debit_card,24,145.3,0
4201f290-c73e-4514-8ebf-2ce35af90556,693.84,2025-04-19T06:07:10,fuel,34,Jaipur,credit_card,23,294.37,0
774d4bd3-de27-47fa-9bbf-7f40798f28b3,1228.49,2025-03-11T04:18:57,fuel,28,Pune,debit_card,18,1598.68,0
bbea9313-6189-4aeb-9d80-cb39a2a25108,1114.88,2025-08-17T04:49:17,grocery,53,Lucknow,debit_card,25,1617.31,0
8579ef31-373c-4053-9999-36138d8e0d64,334.89,2025-09-03T15:54:04,fuel,42,Chennai,debit_card,27,135.63,0
d7567b0b-e2c8-4ada-af20-2ad081e0ea3e,769.01,2025-01-07T03:26:41,fuel,47,Chennai,debit_card,24,601.86,0
eb3e8298-9280-4d2b-bc43-8e376f7d7eb1,668.61,2025-07-28T10:44:42,travel,53,Kolkata,credit_card,22,472.05,0
36d773dd-2de8-4212-9330-1127be84eb5f,310.44,2025-08-22T01:29:31,fuel,39,Ahmedabad,debit_card,24,247.98,0
f5a42d47-3bad-4ee5-9771-7b2a3c02b3be,421.78,2025-01-12T21:05:17,entertainment,19,Delhi,upi,27,409.95,0
0ecfc425-02b9-472e-bc4a-c6f71b78e97e,411.54,2025-08-02T08:00:00,online,20,Kolkata,upi,23,10.0,0
f7f90bde-64d2-4194-b202-64d11cf2480a,269.32,2025-01-29T05:44:48,entertainment,37,Bangalore,upi,20,279.85,0
2e1aebfa-cd6b-476f-bac4-27ada53b11f0,119.54,2025-06-06T13:03:09,dining,50,Mumbai,upi,26,28.82,0
c4b11d71-fadc-48d9-b355-273d1e41a5bc,262.7,2025-03-01T17:07:11,electronics,25,Chennai,upi,29,157.9,0
63022765-6cf4-4d9f-8c50-b08f05c5cf8f,238.08,2025-10-19T00:43:57,online,25,Pune,upi,23,28.19,0
b6bd0aaf-a4bf-4b7d-b389-b7f2dfa9a275,219.35,2025-05-09T04:49:19,entertainment,46,Ahmedabad,upi,30,245.3,0
5d5b2410-c119-4afd-97ad-69c5d36ae622,40.68,2025-08-27T11:32:11,grocery,54,Jaipur,credit_card,23,99.07,0
0e61dfd4-5f98-4af7-ae9a-8944a3c9acbf,130.83,2025-03-07T12:52:57,online,38,Pune,upi,26,38.96,0
dbb8d754-80c7-49b3-ad88-bc7735872da0,245.98,2025-01-05T18:17:45,online,28,Kolkata,credit_card,22,47.0,0
d78ba72e-fad5-4733-bcd7-5e04abb02bd1,102.16,2025-01-01T07:08:29,entertainment,40,Ahmedabad,credit_card,27,10.0,0
d1b6e40f-93d3-4c06-be2b-953dd72273af,65.67,2025-08-20T08:38:50,entertainment,26,Kolkata,wallet,19,13.71,0
8b2e4ea9-15b7-4744-8ec2-6c78272fbfb8,166.95,2025-09-13T16:01:01,dining,38,Jaipur,wallet,25,136.02,0
0427be98-c4b7-4f7a-8c34-bc03cc637f65,929.56,2025-04-18T18:01:35,entertainment,35,Hyderabad,debit_card,24,725.29,0
b28594bc-65fc-4e56-b904-cb2a417f2dff,2917.86,2025-05-11T02:46:52,travel,28,Mumbai,credit_card,20,1983.65,0
a4d7f638-6e2a-406d-b9cf-b8bbf6c408d6,145.99,2025-01-29T18:11:47,grocery,63,Chennai,netbanking,25,124.7,0
b5b46260-2cec-4a10-86d7-05765bd6fa41,1184.34,2025-05-15T17:00:38,grocery,30,Pune,wallet,24,934.11,0
5ed63b84-1ff3-41f0-bead-ccd48bd2028c,191.59,2025-05-16T17:54:24,dining,49,Mumbai,upi,31,243.39,0
0f8f579b-95a1-46f7-8868-274c66e0ca01,189.02,2025-08-09T16:29:37,grocery,41,Kolkata,credit_card,19,10.0,0
5094988a-5943-448d-94eb-7668f8f94fe9,106.82,2025-05-22T10:17:41,grocery,39,Hyderabad,debit_card,17,175.41,0
3eca20d6-6f6c-4dbb-9d04-ddaafff177d6,8791.59,2025-01-28T01:44:14,electronics,47,Delhi,credit_card,22,7344.0,0
0a37f99e-11ad-4df6-a4a4-d73a0db5e762,342.61,2025-05-11T16:24:19,fuel,39,Delhi,upi,17,441.32,0
37bdb444-0bdd-4509-bafa-924023779676,183.49,2025-08-07T00:31:18,online,40,Ahmedabad,upi,21,193.44,1
f0ef63fe-b20a-4d61-8dd3-072860594380,463.82,2025-10-14T18:08:26,other,25,Delhi,wallet,40,271.35,0
ca83cee5-d929-4e4d-bce0-d9ad5cfd7bf0,339.25,2025-04-12T04:41:18,online,29,Kolkata,debit_card,21,181.29,0
11fc5703-a04b-424f-8603-c08e7f88db27,179.91,2025-02-04T15:17:20,dining,40,Kolkata,netbanking,20,256.05,0
6067291d-8604-400f-a7b7-911f9a116bad,58.39,2025-08-01T18:02:50,electronics,47,Ahmedabad,debit_card,22,112.28,0
e558be0f-e1c9-4f28-90de-9948d4c9f7ee,104.06,2025-04-11T20:07:54,entertainment,44,Kolkata,wallet,21,129.88,0
af2decf5-6eec-4e2b-a346-4a61258d3ffe,730.78,2025-03-30T09:36:11,grocery,45,Ahmedabad,credit_card,30,479.95,0
67098627-f5b5-4ae9-a568-4f237010b4b7,470.26,2025-08-04T02:39:31,other,30,Kolkata,netbanking,24,608.29,0
e489879e-14ae-47fe-8600-715cb050f93e,689.93,2025-01-22T14:33:20,dining,36,Lucknow,debit_card,30,474.18,0
5c565fef-ee53-4cd9-9639-b2e1e7709d84,621.57,2025-03-14T17:51:12,dining,44,Delhi,debit_card,24,304.67,0
41844b47-66d4-4538-b3b9-deeb42bcfd94,179.33,2025-06-17T04:47:36,fuel,26,Delhi,netbanking,20,186.82,0
f7200f1b-b8c9-41ba-a4d8-7beabf23efdf,176.21,2025-10-10T17:39:01,other,23,Kolkata,credit_card,20,112.56,0
768dd2bc-02ab-48c5-a9d2-c26f925a0b86,599.83,2025-01-27T21:52:30,entertainment,54,Kolkata,credit_card,28,27.77,0
6a9f8417-8817-4ef5-913e-29578248fffe,861.19,2025-08-12T03:57:30,electronics,36,Ahmedabad,debit_card,19,655.82,0
fbf80325-21d5-4b55-8a9c-90cb8110a047,1206.53,2025-01-09T18:13:19,dining,34,Ahmedabad,credit_card,32,1263.89,0
54e8b014-f0a8-489c-bce6-98b8ad105955,104.63,2025-05-17T08:24:00,grocery,50,Bangalore,upi,17,179.02,0
1326afbb-e4a8-4528-982c-2724db8cf0e6,391.21,2025-09-28T09:29:13,electronics,33,Chennai,credit_card,25,142.31,0
4cdbc5b6-a9ca-4d86-a071-2cc0f53f3d5b,69.24,2025-01-29T19:59:32,entertainment,41,Pune,debit_card,18,204.84,0
cd87c978-7913-4459-814d-67363f4b797a,197.25,2025-02-23T19:54:57,electronics,52,Ahmedabad,debit_card,17,247.56,0
6df24ac2-66be-461f-8720-9422bca0561b,298.06,2025-10-19T07:06:14,fuel,34,Pune,upi,20,233.68,0
786a36ab-8a7c-4955-979c-f22e5c125413,221.44,2025-04-06T21:14:53,travel,39,Lucknow,netbanking,24,379.06,0
fe2fd5cd-0b4c-44ca-9051-e344432f66d5,39.4,2025-02-23T03:05:46,entertainment,34,Chennai,upi,23,10.0,0
09775897-deac-49b9-81c3-23a9ed2c9f81,187.98,2025-10-27T05:56:10,fuel,25,Lucknow,debit_card,29,10.0,0
c415d289-efe5-4bb6-b1c5-da65f6d7564f,499.86,2025-09-12T14:11:47,grocery,29,Jaipur,debit_card,23,439.79,0
11e517cb-537c-43e5-a261-14883b2013b5,489.41,2025-04-14T02:04:42,grocery,19,Bangalore,upi,25,591.27,0
c28a93d5-d142-47b9-8f97-b368c3b425d9,394.53,2025-07-23T15:57:36,grocery,49,Ahmedabad,upi,18,259.22,0
c9810eec-1cb5-4371-b505-f65a4301afd3,545.84,2025-01-16T04:19:14,online,22,Lucknow,credit_card,16,435.33,0
1986f153-f795-419f-94df-32c89e53957f,245.25,2025-08-05T09:15:21,dining,18,Ahmedabad,credit_card,32,151.26,0
56b5bc7b-05a2-4488-b4aa-c5e0df89d3a1,841.99,2025-09-28T09:59:52,electronics,33,Chennai,credit_card,25,10.0,0
6b22fb90-46fa-4442-acf6-1bef73bba289,2374.39,2025-06-28T18:35:11,other,42,Delhi,wallet,21,2099.97,0
b8390a0b-9c94-4daf-ad58-03413e1b055b,93.02,2025-07-11T17:55:06,other,44,Pune,credit_card,19,211.79,0
5caff126-2b4d-40cf-9982-28a529b71684,508.89,2025-01-24T20:31:25,grocery,34,Chennai,debit_card,27,233.61,0
a47dbefa-d8fa-4c6b-bbcf-f50245df22f1,166.72,2025-10-24T09:59:31,grocery,59,Hyderabad,upi,22,39.83,0
d8c0d229-f7c0-4153-b5d7-ebef2167740b,463.71,2025-01-21T00:47:17,grocery,27,Jaipur,upi,24,226.69,0
9936f430-59a0-4cb8-a1e6-b2030cd68b8a,1493.15,2025-05-06T11:03:36,travel,55,Delhi,credit_card,30,1214.94,0
d6448790-f284-4b78-ac84-13b2b611a59b,3490.16,2025-08-07T03:20:02,online,18,Pune,credit_card,23,3308.18,0
1aaf3c59-47b7-4c8f-a231-4733fb484b0c,320.88,2025-02-24T17:22:48,dining,36,Chennai,credit_card,19,430.65,0
0e6c30d4-6119-49db-af77-d4c0ffadc65b,69.71,2025-03-24T01:34:57,travel,44,Delhi,upi,20,65.65,0
494877d1-2685-4669-b602-d4e11a88f083,166.55,2025-09-12T13:49:14,fuel,39,Hyderabad,wallet,34,10.0,0
b51b688b-d2bf-4ab8-bccf-f03ef7040495,924.55,2025-08-24T06:41:46,electronics,44,Mumbai,upi,31,10.0,1
780c5041-24dd-498f-b5c1-263103d9eee5,877.02,2025-10-04T11:18:52,dining,55,Delhi,credit_card,23,749.31,0
0268d81b-65e2-4373-8b3a-88cd1f1f7670,397.72,2025-06-18T11:20:43,dining,45,Mumbai,credit_card,24,365.04,0
e6b65b29-2176-4dd0-9f60-f78ed97c16e6,1272.34,2025-07-17T06:56:51,other,48,Lucknow,debit_card,22,973.01,0
ed18b00a-023a-46c2-a861-beb9d6643a67,70.16,2025-01-31T20:47:06,online,20,Pune,debit_card,30,10.0,0
9237d4d6-0147-44ab-894d-956c2e25dd67,965.41,2025-08-30T07:27:40,electronics,29,Bangalore,credit_card,21,1442.62,0
09207634-eb86-4f8d-a782-d540bc7e27d4,350.54,2025-05-19T21:15:05,other,50,Kolkata,debit_card,31,264.12,0
dbed7e8d-7484-44cd-b482-715727433c5b,2702.55,2025-10-06T13:30:02,electronics,56,Bangalore,wallet,19,1787.56,0
516977f9-4cac-460e-b8cc-8b2aa2212c37,345.78,2025-04-29T02:25:32,other,31,Bangalore,netbanking,25,298.53,0
f7a9d394-89bf-4dae-a6c8-a85be46d75ac,760.22,2025-04-21T02:13:47,grocery,59,Jaipur,netbanking,22,454.51,0
4bf81231-0b51-4549-810f-12746d03a5d1,160.65,2025-07-12T14:17:02,fuel,55,Jaipur,upi,25,167.42,0
91a4d42c-a88f-433e-9cea-8b7299d0f230,1430.35,2025-06-08T01:47:28,fuel,21,Hyderabad,credit_card,36,632.06,0
567c50c2-02a8-48bb-b0ba-5bff9b015e6e,191.23,2025-06-29T10:19:48,other,36,Ahmedabad,upi,29,61.26,0
1f247772-4dff-4f30-9283-23eef7164712,84.58,2025-08-31T04:19:32,online,21,Hyderabad,upi,39,10.0,0
c55435b7-8416-4f84-a976-a11255ce6a65,387.02,2025-10-09T06:59:10,entertainment,42,Hyderabad,debit_card,32,480.19,0
65b9225f-4272-40aa-9a66-14283d5592fe,90.35,2025-06-20T09:50:04,fuel,29,Pune,netbanking,22,10.0,0
1e69696f-d43d-4ccc-a0a9-1d4b6a02402f,383.6,2025-04-15T09:58:35,fuel,37,Ahmedabad,wallet,24,124.06,0
a11bffb4-c46f-42e7-9aec-897287d4b7ad,294.86,2025-08-09T17:57:59,travel,18,Bangalore,debit_card,24,310.29,0
94438a25-e30e-411c-b0ec-150c32c1af0f,1750.98,2025-07-30T19:46:31,other,24,Kolkata,debit_card,14,1238.79,0
0dcb2fd6-5830-44f0-91cb-4613ce443b22,1329.38,2025-09-05T11:11:09,fuel,40,Pune,wallet,28,1030.7,0
32743909-5509-40a9-8ffd-2dcbca3c7eac,334.35,2025-06-26T09:56:36,dining,22,Jaipur,credit_card,23,10.0,0
dfc71588-7be1-4a5a-b350-7f4a75d04e8c,440.21,2025-09-14T23:05:48,dining,41,Hyderabad,credit_card,27,479.26,0
1a622e45-75ea-4f0c-ae5c-66ab0b96adf5,62.89,2025-05-24T01:24:04,entertainment,31,Pune,upi,26,89.92,0
78779b10-25d3-44f3-8479-2e3d36589913,25.87,2025-04-29T09:40:31,online,39,Chennai,credit_card,28,62.92,0
2a46c625-76f1-42c4-be7e-9416490793cb,251.08,2025-10-10T07:11:32,electronics,47,Kolkata,wallet,17,220.99,0
b3b241f7-726e-4b48-962c-807b2fc30179,191.85,2025-04-01T21:32:04,grocery,46,Hyderabad,credit_card,22,134.19,0
82129595-5382-43a3-b6bd-5d56962ccb65,108.42,2025-06-14T22:08:40,travel,65,Jaipur,netbanking,24,10.0,0
8a4ede00-77f8-46e8-aa43-0c40a573fb99,289.65,2025-01-19T22:52:55,entertainment,33,Hyderabad,wallet,35,82.7,0
795bffb3-2f7f-4e81-87ae-54a21c09bf64,8561.99,2025-05-22T17:13:25,dining,39,Lucknow,credit_card,30,5375.91,0
16f9b4ed-0788-4aa3-82d8-f633742e2ae8,459.33,2025-06-17T00:22:54,dining,34,Lucknow,upi,17,280.73,0
65cb4fe7-4c3f-4390-adb5-518685f1eaed,697.54,2025-08-04T04:52:49,online,50,Hyderabad,debit_card,19,411.86,0
15be74ed-513e-4d65-add3-e4bd94ed08c7,1396.21,2025-02-07T05:23:40,online,18,Kolkata,credit_card,22,1282.94,0
40378c8d-f7aa-4de6-8a9d-76c4294acede,97.29,2025-07-25T13:17:08,online,25,Jaipur,debit_card,18,119.33,0
2211c8f2-893f-4b1b-89dc-d2003a07ef1b,257.07,2025-04-23T05:15:26,electronics,28,Lucknow,upi,29,96.09,0
7b6959fd-5623-4a19-9a96-8dce40a199af,2361.48,2025-10-19T12:57:02,grocery,29,Ahmedabad,debit_card,22,2229.07,0
07600140-c935-4a25-9927-ac7ccee48148,362.3,2025-10-27T15:18:30,grocery,24,Lucknow,upi,21,372.15,0
d27ec40e-c6a4-4256-b3ee-246a40baba77,1394.05,2025-04-22T16:58:13,dining,42,Ahmedabad,netbanking,30,1353.22,0
3627ab3e-3973-40b1-90f0-7737e3058ce0,1198.64,2025-07-05T09:16:47,online,56,Bangalore,netbanking,23,277.03,0
2b90f3f9-716b-444b-b799-a8adc4bf6b8b,104.1,2025-03-04T20:03:25,travel,50,Chennai,netbanking,28,82.66,0
561d759f-c734-47f9-844d-4879abbbfee8,167.25,2025-01-03T05:17:22,dining,44,Lucknow,credit_card,20,549.32,0
6aaaf38a-458a-46c7-8c1f-3a464e81b60e,344.99,2025-05-11T09:11:32,online,53,Delhi,credit_card,17,270.73,0
6395bce8-e684-40ee-841f-1bf0a8615a37,136.77,2025-08-28T08:05:24,other,26,Bangalore,upi,33,75.32,1
dacaedee-4dc3-4265-86a7-f899430a2a76,1562.07,2025-10-16T03:06:26,dining,28,Hyderabad,upi,25,1524.41,0
abcc6d96-0081-4245-a010-6a2dd41fd002,264.07,2025-03-05T01:26:55,entertainment,19,Jaipur,netbanking,24,316.47,0
33b693fb-07f2-4990-862b-bb984482d0c6,46.06,2025-03-06T01:18:23,entertainment,29,Chennai,debit_card,29,10.0,0
c15f35ce-8fce-4e2d-9157-71efa092b03b,95.96,2025-03-04T05:07:17,dining,25,Hyderabad,wallet,24,127.39,0
de4e7371-18c3-44c9-92d1-7488656e2d36,382.19,2025-07-04T02:21:28,dining,42,Mumbai,debit_card,28,121.4,0
784c58ad-f828-474c-864e-a753a3c255c9,347.24,2025-03-03T02:53:14,dining,35,Ahmedabad,netbanking,27,371.92,0
be8ec6b2-2947-43fe-857a-c5a472083ac9,289.8,2025-05-07T07:48:46,grocery,34,Bangalore,credit_card,21,189.97,0
89e59709-0c0a-43ec-a387-c172450199bf,530.57,2025-07-02T21:25:41,other,31,Delhi,credit_card,19,277.25,0
71f0fb49-abc4-49b4-8054-85fdb2b76e4c,182.7,2025-07-27T22:13:54,grocery,38,Jaipur,credit_card,26,10.0,0
56ef41f2-9d70-4b59-97fc-d36d025d5cc1,308.67,2025-01-24T11:56:12,online,38,Lucknow,debit_card,15,370.95,0
1393c67d-f520-4c6c-be07-3e40d1990aee,540.75,2025-02-03T02:27:50,grocery,37,Bangalore,debit_card,22,482.75,0
71d54fe6-0a35-4a4a-bc06-d672d4095f01,850.81,2025-07-05T01:53:35,fuel,35,Jaipur,credit_card,27,718.06,0
0a1db155-3875-4d87-b0e7-bbc82374e84a,518.91,2025-01-01T12:16:34,fuel,54,Bangalore,netbanking,22,231.35,0
b1710b5f-6f7e-472d-adc6-326caac4c0e0,1478.64,2025-03-01T04:32:46,grocery,33,Kolkata,upi,26,686.18,0
f260721f-a335-4495-9ac1-28401326e189,219.28,2025-03-24T01:42:55,fuel,42,Delhi,upi,27,163.91,0
8f6157a6-e4d2-4192-8ecb-ad5fbb147bfe,2274.73,2025-01-13T18:18:47,grocery,29,Lucknow,upi,31,1153.46,0
0d4234cb-a4e0-4c64-9e4e-aed3605037ad,1932.57,2025-04-17T04:45:20,fuel,37,Kolkata,credit_card,12,1624.41,0
84bf2db8-e5e5-4689-8960-e805fbdb80b7,1539.12,2025-08-31T13:35:56,other,35,Chennai,debit_card,31,960.31,0
0beb99b6-f532-4ce0-9906-d5876c21946c,577.69,2025-02-05T15:02:24,electronics,41,Delhi,wallet,24,312.17,0
5851c4fa-ccb9-4036-b072-67656dbd0876,323.87,2025-07-03T09:51:51,grocery,58,Bangalore,upi,28,232.49,0
9cd6d255-8dea-455a-a737-b73613e50582,257.71,2025-10-04T00:13:36,dining,35,Delhi,wallet,22,45.88,0
ab887349-4313-4453-8c73-958aa6ebac96,251.82,2025-02-20T06:27:10,electronics,22,Delhi,upi,20,360.17,0
96d4ffe7-f748-42b2-8156-9834fd99015b,346.22,2025-03-27T17:10:52,travel,46,Lucknow,debit_card,28,260.48,0
216a6528-57e6-4899-8e25-b9a40672f09c,1887.11,2025-01-26T09:28:46,other,52,Mumbai,upi,22,1994.75,0
afd52c2e-1394-490a-ae73-4778d434f31c,114.7,2025-02-27T00:04:00,online,41,Delhi,debit_card,35,86.54,0
f10f19dd-83e4-4c17-9779-dc40db3e0052,337.16,2025-05-24T00:03:18,grocery,24,Mumbai,upi,23,196.25,0
33db1da8-0240-44f9-980e-17030870f8e5,1333.56,2025-06-15T08:33:22,dining,26,Kolkata,debit_card,17,349.74,0
949fb12c-734d-47b4-b5fb-365400fd6b3e,1696.42,2025-09-18T23:54:15,online,18,Delhi,upi,18,1682.87,0
40fe9864-c553-4b6b-bdf4-9a87bf2d0b9e,1786.44,2025-09-24T21:16:22,online,33,Pune,upi,21,1778.67,0
72c6731a-7999-4235-9188-d642683ff9a0,113.01,2025-05-14T09:26:23,fuel,46,Kolkata,credit_card,34,139.93,0
4d0e4d6e-4337-48da-817f-f2d0a256120c,321.68,2025-03-11T12:25:10,electronics,50,Lucknow,wallet,28,389.06,0
ee842f75-6f3a-4ca0-b6ce-d371b2e1c756,240.35,2025-07-12T01:34:41,grocery,44,Hyderabad,upi,31,213.7,0
4aa58196-d83b-4648-9e2d-e117a9797fb4,723.04,2025-05-20T21:49:17,dining,33,Jaipur,credit_card,22,467.04,0
ff0d4911-5dfc-414d-a6de-c1e3be38980b,491.51,2025-01-08T18:16:44,electronics,49,Ahmedabad,credit_card,24,376.59,0
3cd260e9-65b7-4ed1-8d34-463cc5857b57,375.41,2025-03-17T02:21:53,online,42,Hyderabad,upi,20,337.56,0
97a993c9-6aa8-42ae-a8e5-4a610f5fc7e6,1558.24,2025-02-09T16:40:57,dining,29,Jaipur,credit_card,17,1875.65,0
9928ed68-a4e4-403d-9ca7-e188f1cfc62a,224.31,2025-05-22T18:42:21,fuel,47,Mumbai,credit_card,20,45.84,0
79b3c888-8bf0-4fdd-aa2c-e96c3e309af1,223.03,2025-02-17T23:15:39,dining,52,Mumbai,credit_card,27,279.85,0
d5d4254a-eed3-443c-8dab-6bd56913f111,2183.9,2025-06-25T01:46:38,grocery,27,Kolkata,upi,23,1516.1,0
c30234bd-1071-472b-8ba6-df004ce5c7a7,1005.39,2025-06-01T12:48:33,travel,45,Delhi,netbanking,36,913.26,0
c65ca307-a85c-4aba-837d-437ba2039272,97.32,2025-07-11T22:13:43,grocery,40,Hyderabad,credit_card,28,102.57,0
1cbb8bab-e638-4d34-98c3-6eceda61fdfd,589.72,2025-06-25T03:04:56,travel,41,Hyderabad,debit_card,21,452.23,0
ecbddeeb-7b09-472d-920c-863d513f64b3,1364.82,2025-10-04T20:59:36,other,31,Delhi,debit_card,28,1266.33,0
bc54270b-5461-408e-862e-2f4e2077c6b5,1202.26,2025-03-19T06:06:02,entertainment,52,Pune,upi,19,1421.59,0
809f7f0b-9728-4cbc-b4ee-d3e5f77adf9b,1131.1,2025-05-01T15:37:37,online,30,Jaipur,debit_card,28,1076.74,0
a3d59b8f-20b6-43bf-ad77-5fb1885f0448,531.22,2025-10-07T23:34:09,fuel,39,Lucknow,credit_card,32,613.16,0
627003e9-61d5-4707-a0e3-869f2d7cb863,618.36,2025-08-26T16:14:22,fuel,27,Pune,debit_card,31,495.92,0
579e75cc-eebe-45f0-b646-8cadc3026c0d,304.93,2025-07-31T19:01:32,electronics,42,Kolkata,upi,24,308.9,0
c2ed9fd0-bebf-46f5-8482-4c749f0a8679,221.61,2025-01-31T02:38:27,travel,40,Ahmedabad,netbanking,32,293.64,0
37deff40-cc19-48f5-848f-e9656a4ec33a,95.37,2025-06-09T11:03:53,fuel,48,Lucknow,netbanking,26,146.5,0
0c3dee92-9295-4848-a5e8-f521dbddc9ae,1019.13,2025-05-06T13:03:10,entertainment,38,Bangalore,debit_card,34,716.89,0
47e2cc92-d365-4db6-8dd8-987703a40432,1587.46,2025-09-19T18:50:57,grocery,36,Kolkata,credit_card,23,1201.08,0
9b7b7603-ded8-4142-b9c7-df02355721e7,255.52,2025-07-07T11:47:03,entertainment,28,Delhi,credit_card,17,245.91,0
833d905f-d8e7-4ea6-a440-ca1d123efb3e,44.34,2025-05-31T00:03:10,online,18,Hyderabad,netbanking,25,10.0,0
d5aa2cd9-660d-42d9-901f-c1dccb39ab59,914.75,2025-04-13T11:23:52,other,48,Bangalore,wallet,23,643.83,0
a8647b82-cb43-4986-b652-995de2082820,214.43,2025-10-08T01:50:02,fuel,40,Jaipur,credit_card,27,132.76,0
fa1eea13-6625-4a9f-b4c1-109d14799b97,658.66,2025-07-18T15:35:25,dining,45,Mumbai,netbanking,26,543.33,0
cc3ecc64-55fc-4d83-85f2-e23167547a10,594.95,2025-09-10T02:22:23,grocery,35,Delhi,upi,22,632.12,0
3c23ce24-8607-4d51-97de-c5ef4caebcb9,464.11,2025-01-14T01:50:41,dining,22,Delhi,netbanking,18,461.85,0
2bd1c46c-6384-4c8d-945b-4c13d3149c44,229.12,2025-08-15T22:54:21,online,33,Chennai,credit_card,29,193.83,0
1711985c-36b4-4e1f-9811-5026941150fa,742.77,2025-08-01T07:35:45,electronics,28,Bangalore,netbanking,20,1191.73,0
5974e411-066a-4f4a-8921-8c229ed8631a,717.54,2025-03-31T05:00:16,electronics,38,Kolkata,wallet,22,257.03,0
a557a059-c233-4b4c-b8e6-d57a3ee74d0a,293.41,2025-07-23T01:34:32,dining,58,Kolkata,upi,26,372.75,0
2d0872da-97f7-44d8-9fe1-434f08490d03,236.27,2025-09-02T15:33:17,dining,45,Kolkata,upi,24,191.99,0
f8667c47-78ee-4e7e-a709-623cfb04e19d,519.2,2025-03-19T17:39:53,travel,55,Jaipur,upi,21,617.98,0
7775f056-2c43-4e48-8e6d-1ad31e562de2,507.15,2025-06-13T12:20:54,online,29,Jaipur,netbanking,34,77.23,0
eae41208-18b4-4762-bf3e-1d1555db0a5a,230.25,2025-04-13T18:07:43,electronics,50,Delhi,credit_card,27,295.22,0
91cb3739-3016-4660-af92-8b1f251c4171,573.57,2025-01-01T10:25:11,travel,49,Kolkata,debit_card,29,428.73,0
e7d34754-8893-4c9f-ab3e-c7bff196ea8b,133.76,2025-09-03T17:42:02,grocery,57,Delhi,upi,29,159.36,0
9ea90d52-4cb3-4b41-90e4-cfd844d41c64,285.01,2025-04-22T11:08:18,other,36,Mumbai,credit_card,19,97.32,0
1bfebabd-deb2-4480-921c-946b08d9101c,264.03,2025-09-04T13:41:51,dining,43,Jaipur,upi,28,248.11,0
77433cf1-6242-415d-aace-00fc1260a329,2608.52,2025-02-05T17:19:43,grocery,61,Delhi,credit_card,20,2804.52,0
80c8d4e8-7926-4543-a606-0efee9743280,1089.55,2025-01-19T21:06:52,fuel,34,Mumbai,upi,24,691.8,0
7169ef82-b944-4451-af67-124e68429d1f,380.68,2025-03-26T10:10:47,entertainment,36,Ahmedabad,upi,22,50.4,0
d2117a21-5065-496c-b2a1-1977a1d41270,182.65,2025-03-22T11:20:50,online,20,Ahmedabad,upi,24,185.84,0
a241f4b3-71ee-4926-b194-9e00a8bab1cd,224.17,2025-05-13T00:36:02,entertainment,23,Chennai,netbanking,23,81.1,0
1fb54df0-5858-4f51-8b7f-0df19be5496c,2327.63,2025-09-09T23:32:54,entertainment,33,Jaipur,debit_card,28,1325.43,0
dc704b92-32b7-426c-9838-855902b32f5a,456.05,2025-05-28T08:53:20,fuel,72,Mumbai,upi,25,466.9,0
38e38128-e49f-4aed-ba5b-ff16611bc761,436.7,2025-03-06T11:39:27,entertainment,47,Ahmedabad,debit_card,17,424.96,0
d8993a8d-076c-4b8c-b7a7-07a356793de4,183.86,2025-04-12T08:34:16,grocery,28,Jaipur,debit_card,22,30.46,0
2e4ea0c2-9ac0-4f6a-bac1-25adf92a42f6,887.33,2025-01-30T04:34:23,online,37,Kolkata,upi,34,1060.84,0
6af2d292-0b23-41f4-98a4-d0a39d0508fd,276.65,2025-09-12T01:03:11,electronics,41,Pune,credit_card,24,302.56,1
07432f69-4aa1-45d4-a056-832f46149202,63.76,2025-07-11T04:56:59,dining,25,Bangalore,credit_card,31,57.17,0
227d7b87-4e6a-4f1a-a72e-ebca50488eb5,257.71,2025-08-05T08:56:13,dining,43,Kolkata,credit_card,23,212.84,0
b826eefe-d410-4f3b-9cd2-ade6bcff134e,233.92,2025-10-23T16:45:03,travel,51,Bangalore,upi,36,52.49,1
54df770c-2493-4fbf-9d18-e0be5af3a391,1240.67,2025-02-25T21:24:41,fuel,40,Mumbai,netbanking,34,1662.09,0
819aced7-de7d-4698-8017-2fdfdfa2f9ad,430.83,2025-08-30T15:52:15,other,35,Bangalore,upi,25,783.37,0
4f8e68d7-d7dd-4466-a7f1-71e6aa1bc389,328.51,2025-02-04T00:51:59,electronics,47,Chennai,debit_card,32,73.87,0
c9595097-9723-493c-9b0a-e3756b55c94f,253.83,2025-07-19T17:09:25,grocery,46,Mumbai,upi,27,170.45,0
5f4d89c8-2d09-41f5-b74b-224466aad935,231.02,2025-06-08T21:38:56,entertainment,26,Delhi,credit_card,23,266.98,0
f02cb9fa-3fee-4d79-8e44-3ae29e603692,118.91,2025-08-06T18:16:26,grocery,45,Jaipur,upi,24,15.94,0
b3603a13-7e0c-4d69-8f3a-c77167c9d3af,150.62,2025-10-14T23:46:19,grocery,47,Jaipur,upi,26,99.76,0
411e9d5e-c7dd-43c1-903b-16c9607f5e46,216.16,2025-08-06T14:37:44,dining,44,Ahmedabad,upi,28,269.96,0
1cffc777-8a57-4557-9f5f-645acea4df48,767.89,2025-05-05T09:43:26,grocery,25,Jaipur,netbanking,30,1322.05,0
d5a0c028-9ed2-4762-a733-df6926c4129d,397.04,2025-04-11T19:34:03,online,34,Kolkata,upi,26,275.15,0
f9472619-8a7a-4ac6-a1e9-2b0710850be7,368.93,2025-03-16T13:24:47,electronics,46,Hyderabad,wallet,22,350.77,0
357e5f10-5b76-4938-9791-a2a994846b83,396.78,2025-08-27T16:32:12,electronics,56,Kolkata,upi,27,421.09,0
85c4ba8f-3c55-43bc-aadd-035228258937,333.54,2025-04-30T14:40:36,grocery,39,Hyderabad,upi,38,100.98,0
91848514-cdf9-441f-932f-ae8458b6d71c,852.32,2025-03-29T21:34:39,electronics,67,Chennai,upi,19,224.85,0
fd429361-27da-4be4-a6e3-a6b58714a0c6,250.9,2025-10-17T00:54:08,travel,63,Chennai,credit_card,31,224.13,0
edc1c44a-d76a-4cd6-b031-00c262ed993e,233.03,2025-07-25T20:54:35,dining,34,Lucknow,debit_card,12,247.52,0
10a422cc-c060-480e-a5e6-f38518270461,226.47,2025-04-11T05:56:08,online,44,Chennai,upi,31,140.35,0
c6b66fa8-c375-436e-bcd9-d61706af48d6,80.57,2025-02-17T10:19:07,entertainment,48,Lucknow,upi,34,46.42,0
5db030f7-521b-48ec-955f-ff1b975951d6,172.32,2025-03-09T00:30:47,dining,38,Pune,upi,28,83.46,0
eb8ca4a6-fc66-454e-b82b-ce7f0c355a5b,393.68,2025-05-14T21:32:43,online,46,Bangalore,debit_card,28,416.51,0
9301ffee-f7fe-4ded-8535-0db92722bac0,223.04,2025-08-09T20:56:16,grocery,27,Kolkata,upi,35,79.83,0
baece387-a56e-4a61-a9f5-b1ee713e884c,1586.43,2025-03-16T04:52:15,online,46,Jaipur,upi,23,1736.61,0
e72dd3b4-e4a5-4721-91b8-6678ef2ea435,1150.38,2025-06-23T20:34:33,online,42,Pune,upi,30,1164.66,0
7ac0e5d5-ce94-4ec9-8aa7-edcc7f9c98a2,340.08,2025-04-28T03:42:28,entertainment,38,Chennai,debit_card,24,403.22,0
15d9337e-e365-4682-a820-b165d8001b85,480.35,2025-10-14T00:56:39,travel,27,Lucknow,netbanking,19,46.9,1
c6131612-4a04-487f-b3a1-8bfff359c3ec,149.73,2025-02-11T14:34:28,travel,31,Jaipur,upi,20,130.86,0
ef7c3182-4aee-4a4b-9565-e188c32146dc,337.87,2025-07-06T05:47:21,dining,32,Lucknow,credit_card,26,243.66,1
6b738d07-d3e3-4588-89dc-88305ca0233c,165.05,2025-09-22T22:05:14,entertainment,34,Chennai,credit_card,30,210.54,0
25133099-3848-4185-88cf-ef4418c5738f,662.12,2025-08-11T08:17:57,grocery,31,Delhi,debit_card,17,714.64,0
8926b3f5-9622-405a-be40-10849af5e51a,252.71,2025-05-08T12:50:30,online,48,Jaipur,credit_card,26,168.02,0
177270f5-c504-4c5e-8d5a-8361ce0ecd71,540.32,2025-03-09T05:40:39,online,27,Mumbai,debit_card,28,272.28,0
74fea099-ad1b-4245-b184-b05d5fa0ce34,1038.56,2025-07-20T22:23:09,fuel,30,Hyderabad,credit_card,22,590.63,0
3677bead-109d-4b75-bcd7-24b1e19e80d7,430.58,2025-02-12T01:01:48,electronics,39,Bangalore,credit_card,37,568.71,0
37e50b85-6ad5-4a0d-b821-eb57c9f1182b,243.92,2025-09-15T23:15:00,grocery,22,Jaipur,netbanking,18,255.09,0
8ab05714-617d-4fa4-99cd-22e74cf73e20,2740.79,2025-07-24T01:57:46,fuel,47,Ahmedabad,upi,23,2097.98,0
be4a6ec2-0236-4702-b32b-c54775ec44d5,72.42,2025-04-02T06:54:04,travel,30,Jaipur,debit_card,27,129.13,0
b36a9fb4-626a-49c9-98b2-ae5f7ef5dfe9,576.22,2025-09-19T14:15:45,fuel,34,Mumbai,debit_card,29,205.03,0
442a847f-55f8-4ce5-9bf5-e2ad626f0963,286.96,2025-01-20T15:20:19,fuel,31,Hyderabad,debit_card,29,350.98,0
8d787bc1-a544-4d86-96bd-4d5eca5157a1,2086.29,2025-01-16T19:44:46,online,47,Pune,credit_card,27,1496.75,0
bf309824-0fc7-426e-ab73-266a19b52281,370.63,2025-06-29T12:18:10,electronics,43,Lucknow,upi,31,10.0,0
d4d31902-6eaf-4c23-b7e9-6bb27911a1e5,333.34,2025-08-26T02:18:20,online,55,Hyderabad,upi,24,320.64,0
acefcb3b-af2f-406b-961f-5bb2543a0d6e,320.16,2025-05-13T13:37:33,fuel,33,Bangalore,upi,26,374.1,0
095ce3ba-45b6-42d9-8224-9f849798d5f1,68.34,2025-04-26T15:29:02,grocery,40,Ahmedabad,credit_card,19,10.0,0
f637bd50-ba16-452f-b30e-62c658b92dc6,13146.48,2025-01-10T08:26:46,online,30,Bangalore,credit_card,29,13674.33,0
8678378a-4203-4891-baf5-8fc614c5a5f6,351.57,2025-08-08T17:38:32,grocery,23,Lucknow,debit_card,27,259.04,0
b1ca74e7-f661-4837-857e-ce013cd3b3d1,405.3,2025-03-24T18:28:17,electronics,44,Bangalore,wallet,27,227.92,0
f759c80e-ab36-4ba9-b970-2d6a12ec9031,211.88,2025-10-04T00:21:06,online,60,Delhi,netbanking,29,71.35,1
b1f0c93c-edda-4c6a-a9ee-93e731619ae2,441.65,2025-01-12T04:14:40,electronics,26,Kolkata,netbanking,25,466.07,0
3cc12070-02b5-4d8a-b2cb-44442f9089dd,141.2,2025-07-05T03:59:50,entertainment,42,Kolkata,netbanking,16,215.81,0
52c5cc84-b5dd-4bd3-b628-b8a8d9e12912,468.04,2025-10-08T18:43:23,grocery,49,Delhi,wallet,21,165.9,0
3662e3e3-79aa-47d1-93a0-3ab76d1170aa,295.51,2025-08-05T00:23:42,online,51,Lucknow,credit_card,32,356.53,0
f07daf4d-4f59-4995-9ff7-e6dfce456740,2771.97,2025-04-22T17:18:46,online,26,Jaipur,upi,26,1948.62,0
0d918d6b-acc9-4c1e-8a85-13c5cf02acae,319.95,2025-10-05T18:24:43,entertainment,31,Kolkata,upi,23,124.69,0
53d87ecc-ebc3-476b-97d7-063983eba82a,398.53,2025-06-07T23:55:13,online,54,Hyderabad,debit_card,29,433.9,0
b92fd163-5ae0-411f-9664-630607a16ae8,1326.39,2025-10-24T04:31:37,grocery,23,Lucknow,upi,21,1350.86,0
ad1a8853-9fbe-41fd-a86b-e63c2189a98d,122.71,2025-05-22T08:46:19,online,26,Mumbai,upi,20,197.12,0
182ec2c6-34f4-498b-a448-757856eb89a2,775.07,2025-09-07T07:13:38,electronics,42,Pune,credit_card,25,463.38,0
ffe8e450-624f-4184-9b0c-97b79123ee61,936.33,2025-09-13T09:00:50,dining,35,Kolkata,wallet,18,642.67,0
a6b4c42e-17f6-415c-b192-8b4b985c5dbc,645.68,2025-09-05T22:23:35,online,37,Lucknow,credit_card,30,595.88,0
34aae487-e5b8-4b37-b99d-d95f224be9ac,191.93,2025-06-21T01:38:46,electronics,56,Lucknow,debit_card,25,258.08,0
bf2fcc03-4c01-458e-a338-ef8963f33567,115.1,2025-09-12T08:07:06,grocery,22,Kolkata,credit_card,31,85.42,0
e6120ee4-1181-43da-ae4f-6f7d9e66c54c,2030.31,2025-09-09T04:03:13,other,27,Pune,upi,26,1513.61,0
39f8ce81-b5fc-434b-ac7a-7044b66e3cbf,308.49,2025-05-08T01:45:25,fuel,28,Kolkata,credit_card,31,251.22,0
1e18770e-def1-4ae6-97a4-cc6718b375b2,1056.46,2025-10-20T20:02:58,entertainment,42,Bangalore,netbanking,14,1034.56,0
5b93450e-b62c-46cc-9ea0-6e1775942408,115.74,2025-04-13T22:34:33,dining,27,Pune,upi,24,99.34,0
a9fcb67a-f236-4467-b6b7-168322e9492b,1621.73,2025-03-26T19:06:53,electronics,34,Mumbai,upi,26,1578.27,0
0a08e638-ed40-408b-83d3-7490c407277b,840.31,2025-07-03T05:05:37,dining,43,Bangalore,debit_card,24,596.34,0
6828ecd7-42e7-43fc-81d0-da6f3ab121b7,979.58,2025-01-19T04:06:16,electronics,47,Chennai,debit_card,24,1175.42,0
377a640e-7e22-4bbc-8cba-b2cf176f71a8,120.4,2025-06-03T16:46:40,entertainment,46,Kolkata,netbanking,33,182.32,0
c7af9e57-dd58-4657-91d8-7e641479e6ce,113.62,2025-08-16T05:09:41,other,30,Jaipur,upi,32,84.29,0
e49320b0-444e-4865-bc4d-a71908ac51d2,300.4,2025-04-27T16:03:51,electronics,30,Delhi,credit_card,28,324.45,0
02154466-6f11-47f3-bfd9-ca484bb6c88f,250.12,2025-05-10T12:33:17,fuel,38,Jaipur,netbanking,30,10.0,0
35c716fe-f6ef-4397-90a3-0bf13a5e5bf4,36.78,2025-02-14T01:44:12,online,45,Chennai,netbanking,17,25.71,0
7eae4adb-2177-4187-9ce0-6af1b8448ee9,627.9,2025-04-25T19:29:06,grocery,40,Kolkata,upi,24,360.01,0
81402781-0f9b-42f4-98e1-fddc09cc6e49,301.13,2025-07-13T17:22:19,electronics,23,Jaipur,debit_card,26,38.18,0
e716a164-f1a8-4d73-872c-af4cb6046e22,3534.33,2025-07-27T03:39:11,online,52,Jaipur,upi,24,2668.51,0
c588c8f1-786d-4c18-af0f-5a092ae2c2c6,95.83,2025-06-17T05:04:30,dining,54,Mumbai,upi,33,80.48,0
6ab46a1b-99b7-4e7c-910b-961b84edc5bb,248.34,2025-04-07T16:08:41,grocery,36,Pune,upi,28,10.82,0
d71ab28d-ebd4-4d88-bffa-41b844e8c7a2,230.8,2025-03-18T00:40:52,grocery,34,Pune,upi,23,240.34,0
ef98e1d8-ccf9-4c0e-a5cd-273eafe3f919,1163.73,2025-08-21T01:11:34,electronics,36,Chennai,upi,23,120.54,0
59c86a76-ab1f-4615-aed2-594808885924,225.25,2025-04-16T02:27:29,grocery,18,Hyderabad,wallet,26,183.85,0
b17484de-8a16-421c-a226-de9a2a86ca5c,351.9,2025-10-02T14:48:13,dining,29,Pune,netbanking,29,436.18,0
10355b63-d2bf-4010-b2cf-878b2c458993,171.01,2025-05-18T12:47:32,entertainment,32,Lucknow,credit_card,21,102.73,0
df76fb72-3fe4-4d1e-840a-a0f95db29cf0,1464.6,2025-02-24T03:25:55,online,42,Chennai,upi,21,835.1,0
d03ba5ac-5671-4d24-966b-e472aee10079,644.68,2025-07-11T12:43:33,online,42,Ahmedabad,upi,22,591.6,0
de9b7448-c2a9-4bd4-a98f-760a6feb7335,541.38,2025-09-12T08:46:04,other,53,Kolkata,upi,25,418.27,0
fb1ca364-1edc-46f6-b6fc-f2f16fee2f15,133.31,2025-05-24T12:41:11,grocery,30,Delhi,credit_card,27,117.13,0
beb1f9df-2810-4de7-aa36-06bc57867417,1883.18,2025-09-18T05:12:09,travel,31,Lucknow,upi,25,1226.44,0
adcbccae-8e43-4b3e-9577-8da2095fcf7c,293.56,2025-01-19T17:44:24,other,64,Mumbai,upi,23,10.0,0
edde1c9b-797c-487c-8c18-538928e29ec2,77.85,2025-08-28T05:06:09,online,43,Jaipur,credit_card,24,10.0,0
d7d98520-ec7c-4482-883c-c7f1fe28462c,260.89,2025-03-10T00:00:40,online,37,Jaipur,credit_card,27,233.7,0
30a5bf57-17b5-4577-a466-7882b43c9470,1346.94,2025-09-11T10:54:25,grocery,23,Jaipur,upi,21,1285.14,0
eeadc22d-9888-4bf1-8b6b-02da5e955eee,571.39,2025-04-19T11:21:11,online,38,Lucknow,debit_card,18,390.55,0
f5bdca42-130d-45fe-bc54-ce2dbdd56f44,1870.31,2025-07-03T18:21:46,online,36,Mumbai,credit_card,34,2338.26,0
dc8e73ef-8f8b-4e15-887c-76ae01795327,84.62,2025-05-10T05:54:06,dining,23,Kolkata,upi,23,10.0,0
902dc841-f5cd-4d63-9101-dfd7ca627933,145.87,2025-06-12T01:09:02,online,42,Lucknow,upi,19,10.0,0
f7e3dfa2-d3b9-4085-b782-4ca04c475aea,177.45,2025-08-20T20:04:59,electronics,35,Bangalore,debit_card,31,229.25,0
53f0b672-5027-4644-8ce7-050618ce92c2,4825.43,2025-06-12T20:50:37,dining,40,Pune,debit_card,24,4292.28,0
c7a4f05a-2d1b-44c6-b832-864798dfd8d7,1235.02,2025-01-09T01:26:20,other,60,Delhi,debit_card,26,665.11,0
db11e97e-14a3-4f44-ad81-d82c09020855,339.92,2025-03-12T14:02:38,dining,27,Kolkata,debit_card,37,203.76,0
9e7bcdcc-d8ed-47f6-8592-3526d2898df0,101.3,2025-07-21T01:14:32,fuel,44,Chennai,upi,24,16.71,0
828efa39-2558-45f2-a8dc-c70189e656c0,6096.37,2025-04-19T17:55:40,online,45,Pune,credit_card,37,4999.33,0
92787e7b-9e81-4bf3-b27d-770899f9fe09,27.9,2025-05-16T13:19:00,other,43,Chennai,wallet,22,42.27,0
0f14923d-a2aa-42fd-bbb4-60fbf8bf05f3,165.32,2025-07-13T02:55:14,entertainment,46,Bangalore,credit_card,35,13.23,0
8fb992e9-38f1-4351-bddb-dd649ce626a7,102.31,2025-01-14T23:46:16,electronics,36,Chennai,debit_card,16,113.9,0
f3ed483d-9681-409d-95fa-3c1fd9f403e0,2047.61,2025-05-04T05:29:48,dining,29,Jaipur,debit_card,28,1829.9,0
b30d2db2-fcaf-4a3a-ba78-4a758d463aa5,81.67,2025-09-09T18:10:48,travel,57,Lucknow,upi,22,147.07,0
7e3552fc-c221-43fd-945d-984f30591cc4,989.34,2025-09-29T22:48:07,grocery,40,Bangalore,debit_card,22,792.2,0
8f789c38-ee30-4eed-9b4b-97de1f79ebae,136.78,2025-07-16T21:42:12,online,23,Delhi,upi,33,10.0,0
110dbe07-5eeb-41d6-98e9-85a81d46755f,339.46,2025-08-26T13:17:46,dining,39,Chennai,wallet,20,403.37,0
ace72ea3-34b9-46ee-8ba9-69ff465677d4,1222.29,2025-03-21T03:40:10,dining,41,Lucknow,debit_card,24,1085.28,0
d096444f-6967-42d0-9784-253ec2ec92a8,1391.9,2025-05-17T21:54:41,online,28,Kolkata,upi,25,1971.29,0
5c7d13de-4fc1-4e58-92ad-bf03c448e9ec,101.61,2025-05-14T20:09:51,online,51,Jaipur,upi,25,63.24,0
8a350976-5b8a-4ea6-8a69-13106506cdb6,123.16,2025-03-31T06:52:16,fuel,41,Hyderabad,credit_card,25,98.65,0
a6ce1381-be23-45cf-909a-f33c9d4aa033,655.06,2025-09-07T23:14:09,electronics,56,Ahmedabad,upi,21,886.57,0
3b74fb98-6ab7-4562-a7c0-e372e1c35c87,253.11,2025-01-18T20:24:48,entertainment,31,Mumbai,wallet,36,172.57,0
5e014f12-c82d-402b-9c4d-bb26bc0f1ea5,912.48,2025-09-05T07:00:35,electronics,31,Delhi,upi,25,836.7,0
6cabb110-e45b-4ee5-9568-0a7aed3b0b72,710.69,2025-03-08T20:26:33,other,41,Pune,upi,22,1060.21,0
834dc364-0774-4975-b03e-dd81cee4c230,473.69,2025-02-13T13:04:21,dining,36,Mumbai,debit_card,17,555.2,0
1b634614-1803-4956-b6f1-9712d7892c19,1860.78,2025-06-23T12:15:50,grocery,36,Jaipur,upi,17,1979.71,0
3e4ae3cd-9941-4d16-a085-cf5532a1fe91,175.23,2025-01-01T04:51:28,travel,45,Delhi,upi,28,146.82,0
c4b1cb43-1170-4795-9a5f-181d6df3b977,785.85,2025-07-01T08:08:34,fuel,49,Lucknow,debit_card,24,479.21,0
f11a9513-e51b-436b-8916-d6299a41a812,2887.98,2025-06-30T13:51:34,other,33,Delhi,credit_card,22,2057.2,0
d7cd04dd-9cce-462f-8c3c-274dbf08a9dc,499.96,2025-02-22T18:02:19,dining,38,Ahmedabad,upi,26,572.45,0
637a963d-9122-44f8-b4f0-94fc0f533841,1519.31,2025-09-12T11:18:14,fuel,69,Ahmedabad,upi,29,1758.25,0
07d7f7d2-2f6a-4fc9-993e-6c45a326e28b,277.44,2025-01-28T12:30:34,grocery,47,Pune,credit_card,36,217.99,0
fbd8b8e9-54c1-4307-89da-c54b31dea41e,594.81,2025-03-24T04:57:59,entertainment,34,Delhi,credit_card,26,729.53,0
e70ad75b-e829-443c-a1b6-8fee22dbb386,1191.71,2025-01-28T07:29:08,fuel,53,Hyderabad,debit_card,22,897.12,0
5dd3b6fd-2c9a-47ec-b768-737fbf1ffd21,2119.81,2025-01-01T00:08:51,fuel,20,Kolkata,debit_card,15,771.65,0
cff32bcb-dede-4e9b-92e1-dce2fc4ae4fc,205.84,2025-03-17T08:49:25,online,40,Mumbai,credit_card,26,106.02,0
9c8170eb-ec27-4669-8384-7217633a3768,1561.86,2025-06-03T20:14:54,entertainment,18,Mumbai,wallet,30,1553.79,0
44ce5195-0927-4cc2-aff7-f8d104df00a1,305.4,2025-07-25T04:30:02,travel,29,Lucknow,netbanking,27,409.65,0
b01a66e3-4dbb-4efd-ba57-0f257853d685,740.06,2025-01-23T23:22:57,fuel,48,Ahmedabad,credit_card,26,418.96,0
4c58d405-8cc7-4ea2-ae06-4fbd31ada8a8,19.52,2025-03-08T12:42:56,electronics,49,Jaipur,upi,27,61.57,0
8829cf18-04b4-41d7-856b-6d72a822f638,341.64,2025-07-08T22:52:41,grocery,48,Mumbai,debit_card,31,489.63,0
a037a45e-bd5c-411b-9047-cdbcb6d4e17a,120.87,2025-06-28T18:06:35,fuel,47,Chennai,upi,16,181.22,0
30ee3912-36d5-49b5-a63f-c490f501cde8,2082.26,2025-04-08T17:44:28,online,39,Kolkata,upi,30,1036.31,0
32fc8857-e45c-48b5-9ae8-03f46129b136,110.43,2025-03-21T10:17:29,online,32,Delhi,upi,11,174.36,0
745d322d-58e6-4584-ab39-53f5c65162c2,327.5,2025-03-16T21:57:29,grocery,40,Ahmedabad,credit_card,19,345.98,0
b6c0c4f6-74cc-4a70-ad59-3c1ddb2a98c7,407.02,2025-07-29T13:24:15,dining,54,Kolkata,debit_card,19,548.79,0
70d551f8-b5b1-46f6-b0f5-542af1757f11,54.9,2025-06-05T02:59:07,fuel,48,Chennai,credit_card,26,130.72,0
53c1262a-c15a-4f24-aefa-1125a5bb0d19,1008.73,2025-01-07T13:00:39,electronics,33,Kolkata,upi,27,1058.6,0
37336f0f-6684-4cd0-9d54-d2034dc21ab3,649.89,2025-04-24T12:50:58,travel,46,Bangalore,upi,37,611.97,0
f8b4a26b-e6a6-4898-8515-9a2faaf4f0e7,110.85,2025-08-16T01:02:42,grocery,22,Lucknow,upi,20,293.24,0
39d1f497-633e-4387-8e28-086d775cfdea,2334.84,2025-03-30T01:28:33,travel,31,Chennai,netbanking,24,2019.3,0
c3bd6d3f-f90b-4a89-a80c-f62ad14253a1,218.83,2025-02-26T11:19:57,entertainment,24,Jaipur,debit_card,20,196.54,0
bbe84f49-4f70-4b67-8919-22128e5a6976,1799.93,2025-09-29T10:56:06,fuel,31,Bangalore,credit_card,21,1082.1,0
0443c1eb-2ad6-4e88-8605-64e0ddd1d626,407.3,2025-05-12T11:57:16,grocery,28,Pune,debit_card,27,405.09,0
60231a50-0a4e-4c02-9647-af4aacd33a50,3946.49,2025-03-08T08:57:23,travel,36,Delhi,credit_card,21,2494.62,0
cea255cf-5c26-41e0-8790-15a73cf9c88e,120.15,2025-06-17T10:45:29,online,40,Lucknow,netbanking,29,10.0,0
b541eeef-7e7b-4d30-8519-831cb7c880d0,185.7,2025-03-24T11:45:07,electronics,37,Kolkata,upi,32,148.51,0
0c3627f8-3fa6-46a7-b3eb-46a0775e44fd,633.81,2025-02-10T06:46:10,online,35,Hyderabad,wallet,24,784.68,0
1339fdac-08af-4442-a7ef-3a70f903a7f3,3664.13,2025-10-08T17:13:26,online,53,Mumbai,upi,31,4169.51,0
a1256872-8350-4d9b-8c7e-fcb43947902f,131.49,2025-05-17T09:55:49,dining,39,Bangalore,upi,19,34.92,0
b2077928-fad7-48d0-bbf8-ac48e2643df3,215.6,2025-01-24T15:41:41,electronics,51,Lucknow,upi,18,340.44,0
8b6774b4-4aa2-4414-8dd7-72a2b2eeb2ca,100.18,2025-10-18T23:44:40,electronics,38,Hyderabad,credit_card,33,106.1,0
98f7d4aa-2057-4cf9-8797-c2de8f187b46,196.96,2025-08-23T03:22:11,grocery,39,Lucknow,credit_card,33,124.44,0
9757cead-0bff-4e02-a47b-405f2202e2c5,594.77,2025-04-27T13:16:27,online,21,Bangalore,credit_card,30,376.96,0
25ee2653-c6af-4bbf-8268-da53ee1db4a8,174.96,2025-09-20T05:44:23,dining,25,Kolkata,upi,16,288.52,0
b42ff70b-c6f0-4422-b883-c87e6fe8bdf4,97.57,2025-06-04T17:56:44,other,52,Lucknow,debit_card,19,118.9,0
48830071-8124-473f-8683-d0d965479924,174.67,2025-10-07T00:58:47,dining,40,Pune,wallet,23,116.54,0
0ef727ed-24a7-4228-ad85-92eaf282b333,227.08,2025-03-12T22:56:42,grocery,40,Pune,credit_card,23,221.42,0
690a7d98-3423-4300-8dd0-d28765c3eb5a,585.13,2025-08-22T13:54:01,electronics,23,Delhi,wallet,27,109.69,0
db72a178-81a8-47f9-886e-28e2946c6a5c,906.39,2025-08-23T16:56:41,dining,41,Bangalore,debit_card,30,782.74,0
5ac431d4-0407-40ed-9676-3817945f4b38,1644.81,2025-10-23T21:32:16,online,40,Pune,debit_card,21,244.58,0
8076d1d3-94c9-44c3-809c-7eb2572682a4,210.65,2025-03-02T18:20:59,fuel,56,Delhi,netbanking,28,195.07,0
acdbac36-2423-475b-af66-daa7139d9315,113.23,2025-09-23T08:24:53,travel,37,Chennai,credit_card,24,101.77,0
2ed8e6ab-a761-4b33-babf-5c0a446cc071,2302.23,2025-01-14T10:22:29,entertainment,52,Jaipur,debit_card,30,1799.61,0
b371f1e4-3504-4e3b-9b62-4b7b5ff79ea6,146.96,2025-02-26T13:04:59,electronics,52,Bangalore,debit_card,26,48.49,0
f46833fa-52e7-444a-ad91-9eb8a4f0fe04,103.7,2025-02-13T19:56:55,grocery,56,Ahmedabad,wallet,28,95.58,0
74133bf5-b71b-456c-aeae-82bef7e33acb,123.4,2025-05-02T08:16:43,grocery,41,Pune,upi,22,27.31,0
25fa60e8-0234-4fd5-922f-83f1a326173b,1058.65,2025-07-12T20:52:27,dining,43,Kolkata,wallet,16,736.25,0
951a1a88-12d0-426c-9def-800641f8c4ec,557.68,2025-07-19T06:09:13,entertainment,48,Ahmedabad,debit_card,33,172.13,0
fc67e240-8e01-4972-9be7-bdd8af8ec73d,68.6,2025-01-10T08:30:07,travel,42,Ahmedabad,upi,29,137.58,0
922d0ba1-a5fc-4382-899d-c16c04bdc3fd,114.76,2025-08-10T00:39:55,online,44,Pune,debit_card,25,113.66,0
ab5303fc-a49a-4e16-86f2-00c9c3593121,300.81,2025-07-15T00:47:46,grocery,31,Mumbai,debit_card,18,319.11,0
afe1d18f-4837-4d62-b0e0-28bb30f3a55a,711.31,2025-03-25T10:12:01,other,29,Kolkata,credit_card,18,696.68,0
cbb31d96-b49c-4154-b6d3-0ddabf408536,21428.67,2025-04-19T15:12:27,entertainment,52,Ahmedabad,debit_card,28,20304.3,0
3bed43c9-cce9-4438-a82e-5e46b61c9681,1354.23,2025-10-19T12:58:22,online,34,Ahmedabad,credit_card,28,1361.58,0
e477a595-e30d-4e53-ae3f-515d5794c138,359.17,2025-07-07T19:07:52,online,34,Hyderabad,upi,22,600.19,0
7b33e4da-0e69-49e1-beeb-254828b08280,944.34,2025-04-25T09:10:59,travel,61,Delhi,wallet,41,649.35,0
a8da42c0-2a43-4734-9b8e-f6b627e74f09,136.24,2025-06-11T07:16:43,online,38,Pune,debit_card,14,154.74,0
0909062b-7ed8-489f-8213-b85000a97866,1111.94,2025-03-06T15:33:10,fuel,35,Ahmedabad,wallet,26,156.99,0
4af38436-d696-4001-8938-9f635ea2821d,349.06,2025-09-22T22:43:46,grocery,43,Hyderabad,upi,28,196.51,0
722b04c8-aae1-40c0-97e6-da11630b5f66,450.41,2025-06-24T00:07:17,electronics,47,Hyderabad,upi,21,414.15,0
69b594b1-4ca8-45e6-a0e9-192a3d949842,742.57,2025-09-12T03:57:03,travel,22,Kolkata,wallet,31,765.22,0
dd3bb607-7021-47da-9607-36110275d995,430.47,2025-10-07T00:31:47,entertainment,35,Jaipur,debit_card,25,386.46,0
ed7ffd7c-7115-40e2-977f-f184c2fa2a50,1424.02,2025-09-03T16:37:46,online,24,Lucknow,upi,28,1184.47,0
2b623d2a-dd6d-4fe7-bae0-ac8f1258e534,232.56,2025-03-13T00:54:08,other,43,Ahmedabad,debit_card,25,10.0,0
15f34fd9-ebfa-4314-bf6d-29203230fe62,557.98,2025-07-28T05:18:39,dining,42,Chennai,upi,22,336.6,0
48bdfe48-808f-4d50-ae7c-d94afe9f21f5,1667.66,2025-01-23T01:35:14,electronics,53,Mumbai,debit_card,24,1269.86,0
3d50dcc8-0b72-49f0-984e-d559b716a5aa,500.18,2025-04-22T21:14:47,travel,40,Chennai,credit_card,24,154.71,0
08f96ec4-4055-4890-b56e-20b106e66a8e,401.23,2025-09-16T01:43:28,entertainment,18,Pune,debit_card,26,168.8,0
d8d1ed4b-088a-4135-9edf-9c66f4466715,240.17,2025-03-23T19:21:39,electronics,39,Hyderabad,upi,28,58.19,0
f249dd4c-0388-4ce0-849e-761350651d49,1020.73,2025-04-25T06:52:36,travel,21,Kolkata,credit_card,25,641.92,0
5ad628a8-e296-4b89-b6cd-56f0319cbab8,169.95,2025-08-06T03:28:18,online,24,Pune,debit_card,21,182.17,0
eea84798-90d5-4f7b-a696-3dce2db563a3,155.13,2025-03-26T21:02:31,online,48,Bangalore,upi,27,222.25,0
fda9fb46-3a1f-4a64-b5e1-d6c01ddcf486,437.97,2025-07-06T00:49:15,dining,25,Delhi,netbanking,16,146.2,0
3bafa1cc-71f9-414c-b641-791111730367,672.12,2025-07-22T12:21:52,travel,31,Hyderabad,credit_card,30,443.26,0
dd67dc7f-903f-42ef-91ba-62bf2a480508,1273.74,2025-08-10T10:35:35,travel,36,Pune,debit_card,20,686.5,0
7c59a899-6956-4ec0-8b69-0f5ac78f10d3,363.14,2025-05-06T08:45:31,electronics,28,Jaipur,credit_card,29,67.44,0
7b6be5e8-4971-4495-8182-837779670746,547.64,2025-05-11T10:34:59,online,66,Jaipur,credit_card,34,839.53,0
a027bd8a-bed9-4c9f-9742-6a02549fae80,95.92,2025-04-26T04:11:05,other,34,Chennai,upi,25,99.86,0
4eb8c5e3-ac7b-479f-9f61-232a13dce1a2,1274.45,2025-07-30T04:46:56,grocery,43,Pune,credit_card,25,1672.06,0
15eb6103-343d-41a8-b154-0961c6201bba,209.88,2025-09-19T09:36:46,grocery,46,Bangalore,upi,22,296.29,0
ff3ba5b1-664c-499f-b90a-876e98f92617,490.5,2025-07-08T04:13:12,online,35,Mumbai,wallet,29,720.58,0
a46a7fb0-36e4-4125-9c29-41352ce04774,131.63,2025-10-17T11:51:03,dining,38,Lucknow,credit_card,24,185.18,0
f7d352df-eaeb-44a0-bc99-148f1596374c,2747.31,2025-08-23T12:50:50,fuel,50,Jaipur,wallet,32,2779.86,0
5bc69cd0-04f9-4c1e-9a59-bbf39077cf0c,689.19,2025-07-04T08:06:15,dining,44,Hyderabad,credit_card,32,454.19,0
207726b3-f153-4f1a-81b2-9033eb12c262,337.94,2025-04-24T18:02:05,other,26,Kolkata,upi,21,128.11,0
da24bf12-a5d8-42c8-a768-92c373a4f1ac,402.89,2025-08-01T12:05:56,online,27,Jaipur,debit_card,22,521.14,0
f248a2be-53eb-42cf-8bbe-20c89c903bdd,113.96,2025-01-20T15:31:37,online,55,Delhi,credit_card,20,134.26,0
898070ea-d20f-4c8f-b978-ae2138d00863,1515.8,2025-07-06T23:49:04,online,18,Chennai,upi,28,1063.98,0
4ff9f29f-f473-44fe-8cf9-1d9c5de40f6e,561.88,2025-03-06T19:42:59,dining,37,Kolkata,netbanking,25,736.55,0
3c83a584-e355-48b2-b955-0818b135bf96,756.19,2025-01-18T21:49:27,electronics,44,Jaipur,credit_card,19,383.23,0
ef3e2eab-a3ba-4008-ac1b-a001e84d4422,145.91,2025-05-30T01:25:11,grocery,49,Ahmedabad,upi,25,48.81,0
0217756b-4e07-4373-82aa-2a9a7a792d1f,88.78,2025-07-09T21:39:21,dining,33,Mumbai,wallet,25,28.08,0
079f30e8-f5e0-4285-a6ed-31321d89a544,2419.23,2025-03-16T21:39:57,fuel,31,Lucknow,netbanking,22,2058.75,0
f21c8dd1-fd43-48d9-97e2-b5ca57c9add3,465.52,2025-04-04T01:07:44,dining,42,Chennai,credit_card,29,686.25,0
b51d06a7-12ee-4d5c-be8d-528073eb6aeb,1358.89,2025-03-11T13:28:48,online,41,Pune,upi,21,622.48,0
2941364e-cdf2-43b4-a12c-a98fa41f3a1b,345.06,2025-02-24T23:55:33,travel,42,Hyderabad,wallet,32,526.63,0
50595820-d8e0-4a0c-a967-78d84388ffa0,1107.73,2025-04-18T13:05:01,dining,36,Ahmedabad,netbanking,29,1030.79,0
74d00bdc-4598-4cbf-8ad2-c008abc9b872,157.28,2025-09-19T02:21:13,entertainment,48,Lucknow,credit_card,24,172.66,0
c2d3140b-cb30-4234-9989-8a0281908734,321.4,2025-03-09T21:05:35,electronics,37,Mumbai,upi,22,35.49,0
079ffa2b-4676-451c-8e3d-0d19545d85f2,425.69,2025-06-26T16:22:51,online,26,Bangalore,netbanking,36,367.7,0
0cdf88a4-c05f-4196-97aa-56afbbe9c526,810.52,2025-03-27T07:17:05,fuel,22,Pune,wallet,18,409.02,0
ba218e6c-1647-4590-b969-678b2a970917,3121.02,2025-02-11T16:11:01,grocery,31,Jaipur,upi,25,4423.24,0
69e82444-5562-4bd6-9be8-6500556e838d,1991.52,2025-02-13T03:32:28,entertainment,28,Jaipur,credit_card,35,2132.47,0
6f9b5d4c-5ade-4bf4-b33e-a002c98d4b58,323.43,2025-04-14T19:35:32,dining,18,Hyderabad,upi,14,341.96,0
7a398edc-2e07-4abb-9752-fd5d83897f2f,534.77,2025-10-20T04:35:08,fuel,40,Chennai,credit_card,24,340.54,0
57ed4f9d-8964-4142-84d6-9653b143f19c,236.74,2025-03-27T06:44:04,online,18,Bangalore,upi,31,194.24,0
1bb8d93b-79c0-49f8-87f6-89dafecbc4a5,339.74,2025-01-09T14:12:48,grocery,40,Jaipur,netbanking,15,413.35,0
9e242e52-5fbf-486a-be57-25c43cdadfca,390.74,2025-09-27T19:56:59,entertainment,36,Lucknow,debit_card,27,359.13,0
714dd8e4-4afd-4d54-8094-b339917a3e7a,650.6,2025-04-14T02:39:38,electronics,41,Lucknow,credit_card,23,1234.51,0
920ba21b-7489-4194-8512-c7020a3f207d,133.1,2025-03-23T03:42:58,dining,38,Mumbai,upi,27,94.34,0
da9b9ab5-86db-4649-8301-4c43ec15a577,2196.47,2025-03-22T06:05:30,entertainment,53,Mumbai,debit_card,17,1132.27,0
053ef2fe-81b8-4812-af4a-9ff5696722b9,5437.4,2025-04-11T20:50:11,grocery,28,Bangalore,netbanking,16,5365.2,0
c0588e89-7d38-4dbb-8cc0-fdded7c9298e,392.42,2025-02-07T17:46:09,electronics,41,Kolkata,netbanking,21,297.13,0
a9232ef3-ea06-42d0-816b-15bd200a6a24,1008.78,2025-05-31T00:59:27,online,37,Jaipur,debit_card,28,463.26,0
4b20e049-9381-4c32-9364-ce0abff1b506,178.77,2025-07-06T00:59:15,dining,41,Pune,debit_card,18,138.93,0
fd6ee55b-9bb3-45e3-bcdd-6509a8180586,340.9,2025-03-10T16:29:27,online,24,Mumbai,upi,21,333.88,0
cdcce4ed-ed4b-4b36-a3f9-d31d9528be28,130.75,2025-04-12T07:07:16,online,33,Mumbai,netbanking,23,39.11,0
9840a235-189c-466c-b2be-b7dcbc7b85b7,128.58,2025-10-15T07:32:38,grocery,29,Pune,debit_card,28,156.57,0
42a9f31a-b90f-472c-b80c-6fbcb6d36d3a,205.23,2025-10-24T09:23:34,fuel,35,Lucknow,credit_card,23,11.68,0
85767539-387f-41e7-a8dc-10bab1652920,3409.36,2025-04-02T13:29:32,dining,38,Lucknow,upi,24,1446.86,0
ca40162f-043a-49ce-b911-b5e2c8971854,483.52,2025-06-09T19:34:38,electronics,43,Mumbai,credit_card,21,711.17,0
72d23f8c-dede-40eb-a923-19dc92e45cd2,10.75,2025-01-19T13:32:15,dining,51,Jaipur,credit_card,24,10.0,0
f978b775-1d52-4a74-9ac3-a5e90a7afb75,504.23,2025-07-21T08:14:36,online,42,Delhi,credit_card,22,410.47,0
99c7af01-e054-4bb3-8a7c-99f6e3e61e52,227.57,2025-01-20T18:54:30,grocery,52,Lucknow,upi,22,10.0,0
362678b0-2814-4b1a-9a13-8d947f34ecc7,859.67,2025-09-08T04:29:54,grocery,30,Ahmedabad,upi,21,442.48,0
77e98bc1-743d-4f51-8a53-52d55ff51999,244.57,2025-04-15T08:53:27,dining,51,Kolkata,credit_card,16,193.97,0
6c78b3a1-cf5b-49fa-9424-9fe3d93f19e9,749.48,2025-04-16T20:28:17,entertainment,62,Hyderabad,credit_card,24,939.81,0
2be7f5a6-7578-4e8f-a987-3ef4b36b1c70,674.95,2025-04-26T02:32:57,online,39,Jaipur,debit_card,29,613.52,0
c654c8fe-9699-4502-a4bc-0da8a9611504,443.41,2025-04-10T07:38:29,dining,33,Hyderabad,debit_card,22,329.03,0
8805a262-3ed0-445a-980a-151f07726d08,127.71,2025-01-21T08:10:13,electronics,32,Hyderabad,upi,24,289.68,0
8d4c9a39-175a-46a4-9eb0-f80daaf6f30f,240.96,2025-08-19T06:58:05,dining,28,Chennai,debit_card,26,165.46,0
a02554db-c6da-4d3d-9dbb-99b45e853b8f,2008.74,2025-03-09T10:40:55,fuel,30,Kolkata,credit_card,25,1337.59,0
bce0a6a5-9975-4e5f-b2d0-0a5657b07f00,27.32,2025-10-13T04:31:15,travel,36,Mumbai,credit_card,21,30.2,0
df0e7fb8-033f-40a4-9513-13beaf95a5a2,145.65,2025-02-04T18:28:40,fuel,45,Mumbai,upi,19,106.11,0
38b90ff4-d005-48f4-b6af-aad5d060e92b,162.37,2025-01-16T12:37:25,travel,34,Kolkata,debit_card,25,87.1,0
96c2e4d0-ee4d-4f71-81b4-6d71c67af189,1883.91,2025-08-31T15:13:37,online,43,Kolkata,netbanking,35,1787.17,0
682e872f-b1a0-48d4-8006-b084b60725f6,471.37,2025-07-20T18:30:17,travel,30,Chennai,upi,24,325.41,0
240224ac-0535-40bb-a793-3bbf087be6a6,94.8,2025-08-29T22:39:02,electronics,37,Chennai,netbanking,24,129.4,0
88216370-4f3a-40f9-8c19-58b2ddcec694,158.3,2025-05-02T00:20:47,entertainment,41,Hyderabad,netbanking,28,121.85,0
74aa7766-4add-451c-8f1d-f6b541864512,922.62,2025-08-31T05:34:56,fuel,42,Bangalore,upi,20,441.42,0
95c8e8d2-e310-45f3-9b97-becfcdc8d5a2,4618.53,2025-10-22T14:46:31,online,18,Ahmedabad,credit_card,18,1602.2,0
a915882c-f103-4e67-a143-73bf30877bc3,2262.12,2025-07-31T20:14:21,dining,34,Lucknow,debit_card,18,2173.37,0
122e4b36-4e5c-47b7-b798-2206ff3cb424,507.5,2025-09-18T10:52:03,online,29,Ahmedabad,upi,24,724.59,0
3b874a58-6781-4195-b94d-b259de9b85ee,4375.25,2025-07-28T16:37:10,entertainment,49,Hyderabad,credit_card,30,4714.21,0
6d6142a1-753f-4e97-8cfc-a6099b7fb662,411.56,2025-04-03T16:03:45,dining,55,Delhi,credit_card,29,563.55,0
c6502059-df17-4514-8cc2-b3f8a13b33f4,1291.85,2025-01-30T20:17:47,fuel,44,Ahmedabad,debit_card,24,622.03,0
71b73d4f-9833-41fe-a27c-ae1f2eeca465,104.35,2025-04-04T23:09:43,electronics,35,Bangalore,upi,16,39.94,0
6cd8b21e-0bb7-4089-8e2f-40e914c1f5cc,96.35,2025-09-08T03:16:33,online,40,Chennai,netbanking,20,184.84,0
eeda06c2-728b-4b59-9914-62cc9c244658,60.97,2025-08-31T01:49:30,dining,31,Mumbai,credit_card,31,55.78,0
e796c348-742b-49c7-9727-35d057725c8e,481.75,2025-01-06T03:17:48,fuel,28,Pune,upi,21,419.3,0
9be2ce1b-8115-4314-a536-b9a17199cfad,340.67,2025-06-24T02:19:33,online,31,Bangalore,wallet,24,69.59,0
9a698060-1630-4567-b645-35e10d5e7905,1910.05,2025-03-06T23:36:48,entertainment,35,Ahmedabad,debit_card,20,1937.21,0
1ab9448c-3b78-4ae1-9320-bd6fa17bd84e,294.72,2025-02-02T18:52:10,electronics,31,Ahmedabad,upi,28,147.85,0
a4c2e608-11d5-4e21-a614-4d96aa903c06,87.24,2025-07-09T16:52:47,dining,32,Jaipur,upi,34,147.7,0
093ecd5c-e1f4-4275-95e3-577d8e08d003,232.87,2025-10-21T14:07:24,grocery,33,Chennai,upi,23,127.1,0
fc7cebc5-7433-485c-858d-a27fb0133233,2638.05,2025-10-20T02:17:11,grocery,18,Hyderabad,credit_card,22,1681.38,0
7b4e2f6f-c9e4-4879-a93a-ee6579b41b7b,648.0,2025-04-19T07:04:01,online,20,Pune,credit_card,18,596.2,0
fa31d752-7efb-4d87-9a7a-2001ad3aad25,224.77,2025-01-01T11:12:43,online,57,Lucknow,debit_card,27,240.45,0
d19fae69-c4ca-4c33-a5f6-24f6a8c6ab29,88.11,2025-07-18T10:06:05,fuel,31,Jaipur,upi,32,50.1,0
d55e901a-e01e-4cb0-8fdb-70236126db81,1230.16,2025-03-17T15:15:23,other,18,Ahmedabad,netbanking,24,118.42,0
c1de0622-a925-491a-a2d1-fdb9d457e091,1141.93,2025-08-15T19:58:36,grocery,36,Chennai,upi,28,1442.61,0
927fbfaa-96ba-4e78-8d00-56aba3fcf171,199.51,2025-08-04T08:33:59,grocery,35,Delhi,debit_card,29,351.23,0
1592fc24-cce2-4942-8292-42eaae36b027,113.16,2025-07-28T04:42:56,grocery,44,Pune,debit_card,22,116.06,0
7fec19e0-b098-4762-9f65-dad683c7e8f0,28.28,2025-01-10T18:12:48,travel,32,Ahmedabad,credit_card,30,10.0,0
d7365d6a-4759-4e2f-9e32-688683ef2b91,473.87,2025-06-21T09:56:38,dining,21,Bangalore,debit_card,34,328.71,0
19d440b4-70a0-465d-a93a-e10d4493f546,668.87,2025-05-26T09:51:35,dining,58,Chennai,credit_card,18,707.93,0
fcd10ee2-23a9-47d1-8d8a-0165a19e70a6,54.44,2025-01-30T05:40:58,entertainment,44,Mumbai,upi,21,102.5,0
d2c101ee-4b85-4c9e-974f-df09db0047fd,1386.93,2025-01-08T11:18:25,grocery,35,Pune,upi,27,1358.73,0
a448bfa6-bac4-4599-bd5f-79e2e275d128,127.53,2025-06-06T02:16:55,grocery,40,Delhi,upi,26,35.35,1
47bed11f-07e4-47cf-9769-550d5dc39177,805.93,2025-10-27T09:10:15,dining,44,Lucknow,credit_card,23,996.09,0
2cfb43a8-ee03-490d-90cf-0d60d97ccdb3,558.37,2025-02-06T03:21:02,other,37,Bangalore,credit_card,41,564.66,0
a549e868-493e-4fb3-b91c-79d6a4520fd2,3130.11,2025-09-19T13:30:22,online,45,Ahmedabad,netbanking,39,2375.86,0
186783b8-a13c-4daf-a380-2043e8a128f1,400.25,2025-04-09T15:58:32,travel,29,Lucknow,debit_card,24,293.17,0
74d94251-4612-4c73-8bc7-f0ec9cda1763,1139.1,2025-03-01T18:26:15,dining,64,Delhi,upi,42,1724.77,0
a1d3fc9d-3600-4133-9c19-672b802e7b75,1341.88,2025-03-23T02:21:48,grocery,18,Bangalore,credit_card,22,542.91,0
adf429f9-a7cb-430a-9c41-704f0146caf6,296.28,2025-04-15T20:49:06,entertainment,18,Pune,debit_card,27,307.94,0
27dc8924-5963-4849-ab24-c482504b3f21,516.04,2025-07-21T18:04:31,dining,42,Bangalore,netbanking,22,523.43,0
76389b19-3985-4416-9af8-62e3e3606a43,1499.42,2025-10-09T07:32:08,dining,36,Hyderabad,wallet,32,1350.71,0
a1dbbe80-3dc8-4fa5-a350-d6d7d9df06d0,757.44,2025-07-26T19:02:00,fuel,47,Jaipur,netbanking,14,752.3,0
4ee96d25-80b5-4551-bba1-4a80e7aabc35,42.72,2025-04-08T03:52:07,travel,39,Delhi,netbanking,36,27.5,0
44711151-09e2-4357-8a46-642ac9abc79e,476.51,2025-07-18T07:48:55,online,39,Bangalore,netbanking,33,507.97,0
3b355808-658f-4bc7-b434-49f2374d13fe,376.07,2025-05-04T14:04:15,travel,39,Mumbai,upi,32,437.96,0
bce823d4-682f-4764-9c26-bdcae010052d,624.14,2025-01-27T07:41:38,dining,35,Chennai,upi,22,504.06,0
c7dcdd4c-c052-4afe-899e-b986ab84c025,223.24,2025-06-16T12:01:04,online,18,Ahmedabad,credit_card,21,121.67,0
faa68ae7-db96-4b06-ba5b-d17217e87cf5,359.29,2025-02-06T16:51:28,dining,25,Hyderabad,netbanking,28,207.38,0
32e7fb9e-2141-46b6-a27d-6dcedf61a4b3,149.12,2025-01-31T12:38:03,entertainment,33,Hyderabad,upi,23,91.57,0
1fd9b537-45e2-4d7e-895f-1607dca36ac0,53.67,2025-05-17T01:00:00,online,35,Chennai,netbanking,13,10.0,1
63b657a9-4091-4dba-aa6a-c3a327286dda,80.9,2025-01-28T08:59:08,dining,36,Chennai,netbanking,24,167.57,0
fc1825a9-6c8a-49e2-ae03-ab9b8947c300,181.64,2025-02-26T05:40:36,dining,31,Bangalore,credit_card,29,10.0,0
ba43a346-2578-491c-8906-fcaa543ca2ae,930.61,2025-01-11T11:07:13,grocery,35,Jaipur,debit_card,30,267.71,0
6c67ccce-05d6-4aa7-b1f9-501d493f7cc1,358.2,2025-07-11T11:09:13,online,40,Mumbai,debit_card,30,251.0,0
2c270514-5d14-4690-8931-ae2e85e07928,171.44,2025-07-22T06:08:57,fuel,48,Hyderabad,debit_card,35,50.17,0
6544a7cd-e077-4ab3-980c-1529309c0a34,1730.25,2025-02-26T12:55:19,online,31,Bangalore,upi,20,1155.3,0
8e87dc3b-72f7-4217-93aa-05288d24100e,43.54,2025-03-28T20:57:15,fuel,42,Mumbai,credit_card,27,37.61,0
35890739-ef71-408e-8c80-a41f3192791c,1899.03,2025-01-09T11:22:21,travel,22,Pune,credit_card,25,1243.86,0
8908d3bd-bf72-4b08-9821-a7ea40a726f3,95.14,2025-06-21T20:51:26,entertainment,29,Bangalore,upi,24,79.15,0
56d2517f-9bb5-401c-b7ac-c478e91c5045,40.71,2025-10-09T23:15:13,other,25,Chennai,wallet,16,48.4,0
a5220a09-40ab-4322-ada1-bfef7d08058d,1327.77,2025-03-04T03:40:25,fuel,47,Jaipur,credit_card,27,1090.06,0
f16a6c5d-a069-4bea-ad08-3d6311b69b4d,69.37,2025-04-18T22:02:45,grocery,18,Kolkata,debit_card,17,35.96,0
48fa4757-7cd6-4435-9738-bdb3f39d194a,75.84,2025-03-10T14:03:26,fuel,28,Jaipur,netbanking,27,41.16,0
478db53a-441e-4606-abd6-16ceaa574919,916.71,2025-03-13T14:06:24,electronics,38,Jaipur,upi,23,960.62,0
a0a3b1f1-98f6-420c-bb6c-1953b5050a35,94.73,2025-04-19T10:04:12,entertainment,36,Ahmedabad,debit_card,24,29.98,0
fa381766-170d-49fd-9e83-6a059bfb09c5,62.77,2025-09-02T11:15:11,grocery,44,Bangalore,debit_card,30,91.65,0
a4dd1a41-9b65-482f-94a8-2d706af765a0,290.87,2025-04-03T13:37:53,online,25,Mumbai,wallet,27,10.0,0
b80385be-968c-4a51-8da9-2b7e667dd172,2993.16,2025-08-19T12:15:00,travel,27,Ahmedabad,netbanking,25,2295.78,0
8cb02805-a9ef-45ee-927c-35f77b42dc1d,257.1,2025-01-05T07:13:05,online,18,Bangalore,upi,23,195.26,0
25c123d3-c89f-4eae-947b-53609049b53c,145.28,2025-07-10T01:19:45,online,32,Pune,upi,28,63.08,0
2217721a-d1ca-45af-ae41-695ff23609b3,697.86,2025-03-21T07:00:29,grocery,50,Ahmedabad,wallet,35,247.03,0
d2d206e8-2d4c-4310-a875-ba7d57625a2c,99.94,2025-04-10T19:52:47,electronics,38,Chennai,debit_card,22,175.18,0
a48c506d-9565-49ae-91a9-e4cf5e0f0ef5,1902.8,2025-05-20T15:49:35,grocery,27,Mumbai,credit_card,18,932.73,0
fa287dcb-5971-4674-b341-352afd22d43b,306.35,2025-03-21T18:53:16,other,41,Kolkata,netbanking,26,374.27,0
0dedb3bd-b25b-4e73-88e9-707f518f03f8,618.21,2025-06-16T08:50:13,entertainment,37,Lucknow,upi,23,279.77,0
6ab46c7b-0562-4c2d-bdfe-a2c21df895e3,1397.42,2025-05-29T08:45:40,travel,25,Mumbai,debit_card,30,1211.24,0
c5050d64-6e7a-49b4-b9b8-3359b6629bb0,384.73,2025-06-02T07:58:25,electronics,35,Bangalore,upi,28,357.06,0
97ca7a5a-ac1d-4feb-840f-bd467110cfe8,292.63,2025-04-20T07:07:25,grocery,27,Pune,debit_card,27,279.95,0
e0987976-c1b1-4ccd-9d11-76974d809aa3,525.78,2025-04-27T05:17:58,fuel,37,Delhi,credit_card,32,234.36,0
6fa7eaf8-93e3-431c-bc93-74a388985571,227.97,2025-09-12T20:10:11,other,50,Ahmedabad,upi,26,67.95,0
e5f040f5-19f8-448f-a010-e249fa6891fe,949.09,2025-05-21T22:25:53,online,47,Kolkata,netbanking,26,361.01,0
38367b9c-e4b4-4439-9796-b4bcda87a1e4,2450.44,2025-04-24T12:50:00,electronics,26,Pune,wallet,27,1765.44,0
21a8bf55-9fe3-4118-a78e-38124f4df022,734.73,2025-05-01T08:27:47,fuel,43,Kolkata,debit_card,19,266.22,0
8b7e2276-2daf-431e-9143-7eb7249b4a62,245.77,2025-04-04T22:48:43,grocery,45,Mumbai,netbanking,25,173.23,0
92d2090c-8f00-4f09-8eca-19c74564d526,652.95,2025-10-10T04:57:22,fuel,28,Lucknow,upi,23,479.18,0
7ad0de8c-3d4c-46f7-bec4-5fd0ee34c6f8,119.79,2025-06-02T02:58:28,entertainment,31,Ahmedabad,credit_card,21,238.0,0
cbbf6124-09fa-4153-8dda-78d25c1ce884,413.74,2025-08-04T15:34:15,entertainment,48,Lucknow,upi,28,531.51,0
13146473-8d6e-45cf-87d9-3c976a2ccd91,107.25,2025-07-06T22:55:02,dining,60,Jaipur,debit_card,22,10.0,0
2bc3d6cd-2b40-4c0c-bc1c-34db77b4593c,1219.89,2025-08-06T19:45:22,fuel,52,Kolkata,credit_card,26,929.57,0
6d8acd8a-8a39-46e1-9baf-166b424d0bdb,520.17,2025-08-24T14:39:49,grocery,41,Pune,credit_card,27,336.79,0
30da2415-7b40-47b5-a121-adacf69f41e2,418.08,2025-03-04T21:06:17,online,45,Mumbai,netbanking,20,228.74,0
33128d8b-bf13-403a-b0b5-04b0184f260c,60.28,2025-09-06T16:44:41,grocery,28,Bangalore,upi,21,181.59,0
9119522b-c95c-4686-b290-4a7ce4cc3ab7,889.66,2025-08-02T02:17:36,online,60,Chennai,credit_card,16,1478.45,0
3eed4d3f-c8fa-46bc-a831-f25abe903945,498.0,2025-03-08T00:38:51,fuel,57,Delhi,credit_card,25,602.91,0
3f9609f5-a443-4e57-acd6-90067da68766,1064.86,2025-04-01T19:32:44,online,37,Bangalore,netbanking,33,1295.07,0
e851a49f-f4cb-432a-87f2-8b396124f26a,1053.93,2025-09-10T06:22:40,grocery,32,Kolkata,credit_card,22,667.59,0
a23d722d-8d54-4921-b425-c2632b42eae1,368.43,2025-02-17T21:56:02,online,40,Pune,netbanking,28,354.35,0
73fc449e-ce0f-46d3-bdd1-67a1c65701ad,61.64,2025-10-09T17:12:54,electronics,28,Ahmedabad,wallet,33,10.56,0
58c04e7f-4014-41ca-a96f-6b57ee68fab8,312.58,2025-08-17T21:36:46,entertainment,27,Chennai,credit_card,29,155.72,0
b54394b1-b1e3-49fe-b258-2ef6ece76cba,126.92,2025-04-07T06:44:41,dining,36,Kolkata,debit_card,22,125.21,0
1a916bb0-0690-47aa-9bd7-3dde714a9328,205.3,2025-04-18T17:03:48,dining,32,Mumbai,upi,23,187.16,0
2ef62c65-7d42-45b3-ac61-5a94b3f80019,362.66,2025-08-28T02:15:57,travel,22,Ahmedabad,wallet,20,552.53,0
53e6e96d-a983-4481-a34a-d262002c1f3f,400.06,2025-04-11T09:45:11,fuel,28,Ahmedabad,debit_card,39,184.14,0
2833f931-1d4d-4365-9243-5f82dd7d4838,2951.52,2025-09-21T23:04:46,online,18,Jaipur,upi,23,2548.58,0
1aece2eb-245a-4199-8bb2-59eaa8bf6741,1297.93,2025-09-25T09:09:26,online,30,Mumbai,credit_card,34,973.76,0
e96d2e07-a26d-424b-a05f-78942197b2c8,966.33,2025-09-23T12:47:38,electronics,35,Pune,upi,21,726.87,0
d93924a0-7efc-4b4b-a9c8-82da882a96a2,1756.08,2025-10-04T07:21:26,online,27,Lucknow,debit_card,23,1917.93,0
97820a7b-5ef2-42a0-b321-b01ea819d333,752.57,2025-01-19T13:05:49,grocery,23,Bangalore,upi,27,814.18,0
7430c7d9-69a9-4fca-ba35-3330959b5690,1451.36,2025-03-18T10:54:47,other,34,Pune,wallet,22,1576.95,0
c4d44053-7844-4565-aa0a-8f8cac5a72d7,682.9,2025-04-18T23:26:15,dining,50,Ahmedabad,credit_card,24,932.93,0
0df514d0-8bdc-401f-a442-758f72f29cfb,78.46,2025-07-11T10:38:27,dining,30,Hyderabad,upi,19,20.07,0
24e5b309-8efb-4ff6-84c6-c90ee381dc51,2082.3,2025-07-25T14:00:09,grocery,47,Delhi,debit_card,30,1864.92,0
937ca0c0-8f46-4d51-83e4-73c74eb9dfc1,49.4,2025-07-23T10:10:20,online,18,Mumbai,credit_card,21,79.96,0
501bc71c-e1c7-4d19-abeb-6dd5000783bc,261.57,2025-02-17T01:18:45,grocery,48,Lucknow,upi,29,166.14,0
149c4b6e-196a-4a55-a688-e584f45d36ee,112.53,2025-07-09T05:07:25,dining,52,Lucknow,wallet,30,201.28,0
18079609-92cd-4ad5-8c49-855dfaff099f,268.87,2025-09-03T05:46:33,grocery,39,Hyderabad,upi,24,81.43,0
289180fe-12be-4d8e-848c-e8e45a8a2243,1248.7,2025-04-05T15:15:41,dining,22,Chennai,wallet,29,543.4,0
36532847-506f-41c3-a426-e03f49bf9a98,949.16,2025-03-21T18:05:16,online,51,Jaipur,wallet,26,794.35,0
4d312a50-9c80-4ee4-a6a8-11246e76047b,376.55,2025-05-25T01:01:09,fuel,25,Ahmedabad,credit_card,23,394.98,0
068c5bdc-ee8d-491c-84d8-7c0ff29d9b37,276.48,2025-04-28T22:09:38,grocery,33,Mumbai,upi,24,206.52,0
689ca6ff-7e53-4e0c-915e-9b25a9d0fada,912.81,2025-10-13T15:27:09,other,41,Kolkata,debit_card,33,727.86,0
aa5ffa9c-ba25-48d5-b505-1a99c5e543cb,163.93,2025-08-04T18:31:45,electronics,18,Mumbai,netbanking,31,142.89,0
a406e4f9-361f-4459-8aee-ff5ea9b6ee55,250.18,2025-08-13T22:57:31,electronics,36,Chennai,credit_card,24,277.78,0
075f94ab-2604-4f4c-8ec1-5497d15f4aa6,562.13,2025-04-03T16:58:11,entertainment,41,Ahmedabad,credit_card,27,162.34,0
ad955387-2ed4-4bd3-a4ec-7aa06100bb8a,249.56,2025-01-13T00:51:39,electronics,45,Kolkata,credit_card,27,178.15,0
83a390fd-cda3-48e1-a1ca-e4b449890b31,114.36,2025-07-09T12:55:42,entertainment,31,Hyderabad,netbanking,24,14.42,0
309dd8b8-ff3d-4ecc-b80c-1d3f333ad680,241.58,2025-01-04T09:55:19,fuel,45,Mumbai,credit_card,25,85.75,0
3e3e9733-58c3-436d-9bef-e178113ee978,863.53,2025-03-30T13:01:56,online,23,Ahmedabad,credit_card,21,1153.24,0
026e22ce-6460-4fc6-a8b8-9da7fccb4b07,1064.52,2025-08-01T08:04:54,entertainment,32,Bangalore,netbanking,15,245.35,0
5a5a0780-0acd-4c6e-bdfa-ff83cde7ad1f,425.63,2025-05-28T01:48:02,grocery,29,Pune,netbanking,22,306.36,0
e371af30-be98-48fd-a439-e94dad2ae945,1336.32,2025-07-02T18:07:23,fuel,40,Hyderabad,credit_card,34,1907.52,0
bd60643a-ae38-4c12-8ad1-28461a14bb37,143.35,2025-04-05T09:07:14,dining,27,Jaipur,debit_card,31,10.0,0
e4af9ac5-092e-4c89-a6d4-27de0f19ba87,163.95,2025-09-11T14:25:13,dining,25,Chennai,credit_card,23,144.13,0
bc3f9a3e-3d94-4f22-98ae-44047dc4667a,456.64,2025-01-28T01:06:16,electronics,31,Hyderabad,credit_card,20,262.58,0
debb3474-0db9-400e-8981-f022913990d6,87.16,2025-07-06T23:08:18,online,30,Lucknow,debit_card,19,147.59,0
3e5155f9-b2d7-4454-ad74-f6c3de0c4128,1930.18,2025-07-19T14:23:03,online,33,Delhi,wallet,19,654.68,0
ee4be3ed-8549-412b-980a-b07ec23314d8,88.19,2025-01-24T21:50:22,online,50,Hyderabad,upi,24,130.57,0
db6792dd-2eb4-4895-a4f8-0f138ddf2397,583.54,2025-06-08T23:55:26,online,18,Ahmedabad,upi,29,523.9,0
144b24e9-c61b-48b9-82d4-70b4b6bafb03,229.7,2025-08-02T23:39:22,grocery,44,Jaipur,credit_card,25,200.73,0
e58a630a-61e0-42c4-9e7e-546fff742333,2562.58,2025-06-13T09:52:51,travel,39,Lucknow,debit_card,28,1771.17,0
15976a51-d6e0-46ef-868f-dafbf1b5e5f5,140.07,2025-09-05T03:28:43,electronics,29,Lucknow,upi,32,199.37,0
e15e583e-0cd9-404a-9a21-6e4c8805c913,2817.79,2025-10-04T13:30:23,entertainment,52,Jaipur,netbanking,26,1105.12,0
8662accf-facf-44ec-b878-218275ca9663,1873.98,2025-01-10T05:01:47,entertainment,34,Pune,credit_card,27,1913.29,0
c9b0e319-4027-4c17-8652-640df6194818,532.41,2025-09-04T16:23:11,fuel,27,Lucknow,netbanking,25,407.0,0
92ad481f-ad0e-4abb-9982-80162961253c,930.12,2025-04-09T23:31:19,grocery,34,Kolkata,debit_card,34,913.66,0
8e529d2c-01ae-4355-ac45-2c060cbd551d,366.08,2025-08-03T13:27:55,fuel,56,Kolkata,debit_card,22,409.91,0
bf70263d-bd43-4c29-9663-d0464723b427,310.23,2025-05-31T15:49:04,online,35,Ahmedabad,upi,22,546.02,0
abc89ea3-48dc-4a5c-a15b-618ff8755917,138.64,2025-07-28T18:02:55,online,39,Hyderabad,upi,19,105.39,0
99ca9c1d-d39b-4425-b23a-6f797db1999a,6947.83,2025-08-03T00:32:17,online,23,Ahmedabad,credit_card,19,9111.25,0
a00d02c0-1eb0-4b3a-9cbd-afbd0a6aeb8d,268.51,2025-04-24T03:41:50,travel,57,Chennai,credit_card,19,340.38,0
1a23eb97-5ea0-4d72-929e-ef76f1ab09fa,83.14,2025-01-16T04:09:59,dining,34,Bangalore,upi,27,235.61,0
ab6b506d-03dc-4269-b2f5-f6880f47fdb2,286.78,2025-08-29T08:19:33,electronics,47,Delhi,debit_card,27,284.51,0
e1908af7-0af5-425e-a9ea-cefb369dad8f,310.45,2025-07-11T12:45:57,electronics,21,Kolkata,netbanking,26,473.5,0
f8a490dc-d581-42bd-99fe-18698a053ce6,99.17,2025-10-17T00:05:26,electronics,26,Mumbai,upi,29,216.95,0
8e529b40-b524-40f0-8b92-fec5810a6106,61.11,2025-02-01T02:12:49,dining,18,Hyderabad,credit_card,26,106.47,0
2c75ffb7-d0f8-48ee-8f7e-212be19392e6,160.47,2025-03-15T09:30:30,entertainment,39,Lucknow,netbanking,17,186.04,0
9e1f419a-54e0-4a69-98f3-ded8175064a3,388.67,2025-08-15T09:54:16,online,47,Ahmedabad,debit_card,28,319.14,0
09a25cc6-7a63-43fe-ae24-88e9ebbb7625,304.1,2025-07-01T06:52:01,entertainment,41,Chennai,wallet,30,268.93,0
03dc2d1e-f471-4a98-a8ad-b109bdec2e72,133.16,2025-10-01T05:34:28,electronics,35,Kolkata,debit_card,13,149.66,0
315bafbe-f188-48d4-8dcd-657e1f4921d3,591.44,2025-06-11T15:57:39,dining,40,Mumbai,upi,22,883.82,0
ceaec917-139e-4a1f-8fb9-53cd61bed00f,1062.17,2025-09-27T13:56:57,entertainment,63,Lucknow,upi,27,1318.52,0
bedea873-ee0a-40e4-a7e1-62631f1af95f,331.69,2025-01-29T06:25:29,fuel,29,Bangalore,debit_card,22,67.12,0
6593f0e2-2031-42d2-9c85-db091f374b99,775.02,2025-02-11T18:22:31,grocery,41,Bangalore,wallet,28,586.94,0
01cd50ad-0155-4951-91f8-3ca91fd9ad79,630.95,2025-07-11T06:48:46,other,35,Pune,credit_card,38,548.43,0
e6acc157-2a5e-488e-aace-f16582a48093,123.06,2025-02-17T14:56:35,dining,18,Chennai,netbanking,23,105.78,0
b3365e1f-ad6d-42e7-8196-35a12894ddcd,1367.51,2025-02-08T03:40:04,online,29,Jaipur,credit_card,27,1789.31,0
fae9b745-e9e7-423c-b5c9-d1ead2f8c491,82.76,2025-05-08T14:11:56,online,42,Kolkata,credit_card,21,43.69,0
2de5ec21-7566-48ba-9f94-149cb400add6,169.5,2025-10-03T14:09:42,entertainment,21,Delhi,upi,20,10.0,0
5f480a09-0800-44fd-873a-04e5ee357a54,357.79,2025-05-21T00:16:56,fuel,34,Mumbai,upi,21,136.27,0
1692f17e-ac1f-4f13-be11-d00cf7a322b3,811.84,2025-01-30T05:17:11,electronics,25,Bangalore,upi,31,679.61,1
4fa256a5-cf3b-4ce1-b78b-8567d42154c3,225.22,2025-07-15T03:14:18,online,50,Chennai,wallet,17,348.81,0
c2e364ea-987f-4499-88b9-d96335d1758c,696.67,2025-10-12T19:30:26,fuel,43,Chennai,upi,32,449.97,0
3c03bf3e-add0-44e6-ae83-260846a46e01,917.94,2025-04-13T14:55:43,fuel,37,Jaipur,netbanking,29,442.74,0
48c9312a-1adb-4703-bbd2-65f0ded8516d,46.02,2025-09-15T09:12:57,grocery,45,Lucknow,credit_card,27,10.0,0
229560fd-0466-4a76-aa95-240d261266e1,797.69,2025-07-16T03:55:00,other,39,Chennai,debit_card,21,493.1,0
83d1dfe3-5cea-4385-9630-789efb02a0e9,312.44,2025-06-22T16:18:55,grocery,43,Ahmedabad,credit_card,27,256.68,0
6400121a-a5d2-4f34-949b-d43c11bf5a5a,249.16,2025-01-13T18:03:38,electronics,60,Bangalore,debit_card,16,167.44,0
66528710-4c5f-4b48-bd87-52d8c8b76e75,79.15,2025-08-18T09:18:26,electronics,40,Lucknow,credit_card,25,78.44,0
8256ec9a-cf2e-4262-ba48-62adbdad590d,46.59,2025-01-29T15:21:52,fuel,44,Lucknow,netbanking,26,116.05,0
df929b8f-e90a-40ae-a107-b19c9c3c4982,935.56,2025-08-26T07:16:29,grocery,42,Pune,debit_card,31,723.28,0
fae27df4-0270-453f-9056-ea6cba90062c,134.31,2025-03-02T03:39:32,entertainment,40,Hyderabad,upi,27,24.37,0
4f635325-315c-449b-b2fc-537f80b707d0,122.57,2025-08-09T20:00:57,electronics,32,Ahmedabad,debit_card,27,393.31,0
5eab50f6-5d2e-4b2b-a588-8c176bc39219,11770.7,2025-10-14T01:30:19,entertainment,35,Hyderabad,credit_card,28,6363.19,0
2d55e3ea-b4ce-4836-a270-aaf83b79ff98,88.07,2025-06-22T13:49:02,electronics,30,Pune,upi,23,60.17,0
be910bd5-5d41-4dbb-84ae-f42066072a85,1760.84,2025-09-06T18:28:05,entertainment,51,Ahmedabad,credit_card,20,2003.45,0
7a43e9de-a049-41c1-98b9-656720153549,1046.95,2025-06-25T00:41:53,electronics,44,Lucknow,upi,28,587.31,0
a63319ae-c518-4fd4-8d48-3d630d36d01b,306.72,2025-02-06T20:36:28,grocery,32,Pune,upi,24,360.45,0
ef3ec4ad-e7a2-42e6-9a44-dd28f12a2c7b,146.64,2025-09-25T13:25:28,grocery,41,Hyderabad,debit_card,27,39.4,0
f82f973b-6dac-40db-a7b0-4d8ad832aeaf,28.6,2025-04-10T12:44:47,dining,45,Lucknow,credit_card,22,12.27,0
82aed589-800b-415b-89a9-634755aca00b,349.62,2025-07-09T09:53:36,entertainment,33,Bangalore,credit_card,33,250.57,0
8983f80b-55a6-4ea9-b15a-384e6ade5eb8,1960.54,2025-04-17T18:40:20,online,18,Jaipur,debit_card,23,1412.72,0
74fc6b91-d0bc-4f22-b048-f6ae8ca80fe9,461.54,2025-02-03T04:57:48,travel,19,Delhi,debit_card,22,423.04,0
97ddb01f-cd38-41ae-849c-e4b50694870c,3395.98,2025-10-11T10:19:01,other,19,Chennai,upi,23,2036.82,0
69afb250-6810-4348-b57c-2f3846e535b1,201.13,2025-08-05T09:09:42,dining,42,Bangalore,upi,23,188.34,0
f66a9f89-d221-4de0-b1b0-ea1e7e6310fd,1201.71,2025-07-11T06:35:17,online,56,Mumbai,netbanking,27,803.04,0
a04e7886-ce8b-4b0d-91f7-6f04d5ee8417,186.41,2025-04-14T09:34:32,online,40,Lucknow,wallet,26,145.59,0
567a6162-6dd9-4ba9-ad0a-260bbca44339,682.92,2025-06-27T13:49:30,online,33,Delhi,debit_card,17,693.76,0
8230fa9e-f51c-438b-a84e-a06e3a0ffe29,219.31,2025-07-26T18:47:34,electronics,51,Ahmedabad,upi,33,116.64,0
d4afc5ce-a38a-409b-84eb-dba1bbfd259a,201.55,2025-07-09T12:06:03,entertainment,41,Mumbai,upi,18,159.21,0
295fe76e-e014-464b-9b41-f91b01773d3b,415.35,2025-06-18T00:40:08,electronics,36,Chennai,upi,17,307.85,0
6a95c5b2-f7d6-4138-870e-5ee60340729f,1331.95,2025-04-02T05:05:47,online,49,Ahmedabad,upi,23,916.38,0
5fbe9d08-9727-4d58-a1d2-bc1229a3f3ad,238.15,2025-10-12T04:23:01,online,44,Chennai,credit_card,26,322.57,0
12acb912-7447-481c-974d-48e76369157f,71.53,2025-10-12T21:27:42,dining,54,Jaipur,upi,31,10.0,0
5aa4464c-298c-43ff-91ea-e5b5d1c13be8,826.62,2025-02-05T08:05:24,grocery,24,Bangalore,debit_card,26,246.4,0
7e544cf3-00df-4b36-ad32-beeebebc1549,146.22,2025-02-15T21:33:49,entertainment,38,Bangalore,debit_card,35,198.4,0
6bc96079-2399-436a-9a06-d651d5d35b0e,266.6,2025-04-01T03:11:40,travel,36,Ahmedabad,debit_card,27,378.31,0
becfc67e-4997-4d59-820f-70f98c69b1a1,243.81,2025-02-20T11:16:16,online,30,Jaipur,debit_card,36,169.83,0
e65270cf-ad10-4a65-9038-c4299108eb79,229.18,2025-09-23T12:38:38,electronics,41,Hyderabad,upi,20,14.39,0
c472deec-14e2-4faa-b09f-9a7766ebb2fd,109.37,2025-08-09T15:07:45,grocery,19,Ahmedabad,upi,19,202.15,0
820cc4d4-27d2-40b0-aa54-201d4b1910ec,899.0,2025-07-16T03:30:18,grocery,46,Delhi,netbanking,16,222.69,0
161b0400-9b21-4848-bd97-f3cfb4f0c307,1601.13,2025-04-22T11:09:20,dining,43,Chennai,debit_card,27,433.98,0
d7c65146-f1ff-432f-9dab-9eef9ed67c1b,1708.07,2025-01-23T19:04:07,grocery,46,Lucknow,credit_card,24,1503.37,0
981a83cf-6520-4179-8ce6-713aa558f8e6,142.01,2025-08-11T23:11:08,online,40,Hyderabad,netbanking,36,184.81,0
b90307c6-b142-41b1-9d6f-16265190d8e1,518.97,2025-10-25T21:56:26,online,45,Pune,netbanking,19,225.95,0
9d00dafb-3922-40d7-b198-c083b9fcaf7a,310.02,2025-05-31T05:54:39,entertainment,36,Delhi,upi,22,252.6,0
e79ec799-aa88-4c92-a517-f963236e483a,281.3,2025-06-04T15:00:07,entertainment,31,Ahmedabad,upi,15,114.24,0
59da64e9-4168-44ae-85d4-c4da862d8d96,1037.56,2025-05-04T05:47:19,other,40,Ahmedabad,debit_card,26,805.31,0
a9bae452-9085-41d2-a06c-e05999e98e1f,278.21,2025-01-29T22:32:04,grocery,53,Ahmedabad,upi,25,275.55,0
8d975765-e108-4163-9086-46751f25c2b1,2471.54,2025-10-26T06:10:08,electronics,33,Mumbai,credit_card,23,1985.7,0
4a28140d-85b1-4145-85cb-1d722db93c5c,1295.84,2025-05-30T13:26:12,electronics,38,Pune,credit_card,22,170.16,0
363f2df5-7d7a-4b30-aa5c-d58c14f269d4,465.64,2025-04-22T02:52:27,electronics,38,Mumbai,debit_card,19,357.54,0
928c96f7-53b0-4337-915f-6259a8293669,115.92,2025-09-26T13:34:23,grocery,25,Hyderabad,debit_card,29,97.76,0
2948dda6-100b-4672-953e-c2d7594b1817,237.1,2025-05-07T18:18:58,grocery,37,Bangalore,debit_card,26,350.22,0
b63fcfcd-8972-43fe-a842-d575f1c1ed20,120.71,2025-05-12T22:52:55,other,47,Mumbai,credit_card,29,10.0,0
2df56780-31b2-4dfd-9ed7-df1ee8ca62f3,87.65,2025-01-19T20:34:37,online,29,Chennai,credit_card,25,10.0,0
13440d8c-0685-4048-86fc-f8d5ad460a51,248.26,2025-10-19T02:21:07,online,36,Lucknow,debit_card,31,355.63,0
2c8cc75f-bff4-4ccb-a66f-1d4c040a4434,257.42,2025-09-02T07:33:30,grocery,37,Hyderabad,upi,28,175.12,0
f02de2b3-4ca2-40a9-9ca3-7fda641c0fc4,1324.34,2025-07-30T12:24:49,fuel,41,Pune,netbanking,30,10.0,0
a7466569-4751-41c2-be17-cf004e14a66c,48.05,2025-09-21T02:01:48,entertainment,45,Lucknow,wallet,26,99.75,1
01f1210d-c949-468f-bbfb-fcd0a7422375,895.64,2025-08-07T23:15:46,travel,37,Chennai,wallet,26,520.76,0
195c6aee-2eaa-4469-bd31-cb05d7e503f3,296.59,2025-02-01T03:16:04,dining,35,Jaipur,netbanking,28,425.89,1
e39d611f-4b7b-403f-9863-6fd0467505c5,1261.52,2025-07-15T22:24:36,online,40,Lucknow,upi,20,942.45,0
1aebafa1-c67d-4d17-b18a-cf706a7a6828,637.2,2025-02-20T17:57:33,grocery,50,Hyderabad,debit_card,33,203.97,0
211d03e1-434a-447f-b375-ebde29afe42d,79.59,2025-01-09T15:24:41,dining,34,Kolkata,credit_card,29,73.29,0
03921a2f-d1a6-4342-ad99-ac5fa30209b4,69.71,2025-06-09T15:25:47,online,51,Delhi,upi,30,10.0,0
2a190fe6-165a-4884-b260-0affc3dbd7db,768.61,2025-01-04T23:15:49,electronics,35,Chennai,credit_card,28,620.44,0
1ffc1392-014b-47bf-a433-21f3fc26d7cb,1414.94,2025-08-13T07:31:22,fuel,42,Chennai,debit_card,20,995.55,0
f8c8bc8d-d5d9-41b5-a431-ac3c955a0a7c,486.85,2025-02-12T15:20:35,entertainment,38,Chennai,credit_card,23,471.78,0
e53b95cb-734d-406c-b790-90cdaa63bc64,216.67,2025-01-03T03:19:04,dining,53,Jaipur,credit_card,25,127.44,0
d1b1e2a3-e98a-4ceb-be4d-f051565a2e59,44.01,2025-07-21T07:57:21,dining,55,Kolkata,credit_card,17,38.39,0
423e66e5-9e1d-4e82-b7b7-ebb82ed3db60,33.63,2025-04-12T21:09:58,travel,28,Lucknow,upi,26,83.62,0
83b22e5d-0c5e-4429-a33e-77b1064365a4,172.38,2025-08-20T14:12:39,travel,42,Delhi,credit_card,26,187.39,0
ed0cf7fe-d8b3-4b1d-bf6b-454ca9792f8d,386.11,2025-01-30T03:44:15,online,43,Chennai,credit_card,30,326.53,0
5c78a29f-2784-44dd-aa66-afcb184caece,389.01,2025-03-07T04:32:53,online,36,Kolkata,upi,30,512.37,0
73a57713-9f52-45ac-9a1b-48465ec1fb35,6978.75,2025-06-03T12:56:13,electronics,46,Jaipur,upi,19,7398.34,0
c8cdf69f-46a1-48d0-a77e-ad8298f4d1fc,197.12,2025-02-26T02:37:55,online,41,Mumbai,wallet,32,271.94,0
ad55de92-4ae9-4169-9537-f83fc33ffa87,916.11,2025-08-07T21:11:56,dining,38,Kolkata,netbanking,32,10.0,0
4a6e286d-cb15-40ff-b088-b35c106f16b8,5682.16,2025-05-20T22:18:42,entertainment,45,Delhi,debit_card,25,5773.65,0
c08030ba-92b3-48ac-9165-7533e8b2e41e,166.97,2025-03-20T21:52:25,fuel,44,Delhi,debit_card,28,284.5,0
bfc4efe7-7936-4c12-a87f-98587c2a795c,148.26,2025-03-24T02:04:41,fuel,44,Pune,debit_card,24,68.28,0
60e1ee43-49d6-46f2-b513-64ecdb6b29fb,239.27,2025-09-14T07:35:51,grocery,35,Jaipur,upi,16,276.76,0
6da15b4f-fec3-4006-b933-f945ee77c2eb,942.92,2025-03-02T20:04:11,entertainment,36,Delhi,credit_card,26,269.13,0
20ad8b99-d483-4687-8076-b138d2cfa68d,184.63,2025-03-11T02:19:25,electronics,35,Chennai,credit_card,33,181.67,1
64f88abe-c971-4d73-b6d2-b919e2517069,147.07,2025-10-17T07:13:22,entertainment,38,Chennai,credit_card,22,10.0,0
26ab529a-2146-4fce-ad60-1bca6a721bd4,3454.58,2025-02-11T08:08:04,electronics,48,Hyderabad,credit_card,27,1910.47,0
a99b3f6f-b77f-4bcc-a94c-3c7592806a44,2265.1,2025-01-27T00:12:28,fuel,24,Bangalore,debit_card,20,1203.26,0
489f7f3f-1e2b-4bd6-8b06-e3d9b06bb69c,115.14,2025-07-26T15:26:29,grocery,34,Chennai,netbanking,20,258.06,0
ee1cc317-264f-4bbd-8863-b90a6a2d9dc7,1296.42,2025-04-13T01:42:26,fuel,38,Ahmedabad,netbanking,27,1323.07,0
1c82dbe4-7370-4eac-b276-d9631c053f8b,48.22,2025-06-24T23:10:43,fuel,48,Ahmedabad,credit_card,24,10.0,0
125d5939-5a8c-4a59-b566-13cdb0516ece,180.86,2025-09-17T13:13:51,online,41,Mumbai,credit_card,22,50.7,0
244baf1d-bb46-4755-8b46-2adabeb022c9,463.4,2025-01-03T23:43:39,online,41,Pune,upi,31,567.37,0
c0f30395-bd83-4567-b8f4-2d6ed724ac05,440.57,2025-04-21T01:31:58,online,53,Bangalore,credit_card,24,24.69,0
527de3f4-77f8-4346-8ce5-8dcb6dbe633c,738.57,2025-03-24T05:57:04,travel,18,Chennai,upi,14,879.3,0
5d89b6b7-640c-4fb3-ad92-bdc174daa7b3,144.81,2025-02-17T10:21:16,fuel,44,Kolkata,credit_card,22,178.42,0
bcec5418-69bb-47ae-9957-34fd404646cf,443.16,2025-05-05T18:00:46,online,41,Kolkata,wallet,22,636.51,0
d9e98c50-5f8e-435f-b520-9136eff64a59,259.41,2025-10-17T00:59:57,entertainment,41,Mumbai,upi,20,289.02,0
79c0cad9-0598-438f-886e-e0ae4d30a44a,608.04,2025-05-07T08:01:45,grocery,40,Mumbai,credit_card,25,464.63,0
6820e5f2-36a6-420c-8ac4-ef00144f5956,509.04,2025-10-13T23:16:05,electronics,19,Mumbai,netbanking,30,329.25,0
46c105be-a9fa-44e2-b351-6debb9c9fcf1,186.55,2025-10-07T15:40:27,dining,51,Lucknow,upi,30,196.59,0
ad9d402f-0c82-4735-bb4c-522ae8a232c0,703.64,2025-02-24T23:01:23,grocery,64,Chennai,credit_card,26,420.96,0
d942c395-e520-476c-bbda-f4c6f0853b5c,96.92,2025-01-16T16:19:11,fuel,26,Delhi,debit_card,25,62.68,0
6d675562-d36c-476e-88fc-8aac48091acd,381.46,2025-01-04T08:20:55,online,20,Delhi,upi,30,55.66,0
60e9a6db-cd6a-4b36-be0d-3a20e444f897,85.11,2025-07-25T00:34:50,fuel,67,Bangalore,upi,30,120.24,0
87bba4d3-909d-4a92-be04-88756a43cf5c,199.97,2025-07-29T11:28:15,entertainment,45,Jaipur,debit_card,24,10.0,0
229b3f3d-67b7-46eb-8a34-5fb88b411ccb,374.46,2025-08-26T09:21:57,online,36,Jaipur,debit_card,30,191.34,0
cc66041d-2ffa-449c-a071-f55c9c9ac0e5,1158.0,2025-06-04T22:07:01,electronics,34,Kolkata,upi,20,1373.5,0
ecd1c8ae-4c31-43aa-a10b-1d3b14c560e3,1870.42,2025-05-09T10:15:57,entertainment,35,Kolkata,upi,24,2050.15,0
c662c120-426c-4871-9d8b-464c1f3c0766,339.04,2025-03-08T10:16:29,entertainment,40,Kolkata,netbanking,24,241.16,0
a305574d-8a9c-4d99-beea-aa665c799f11,226.87,2025-10-27T10:46:49,fuel,41,Delhi,upi,27,10.0,0
bde1f96d-3d66-4c1b-9638-4ba753e7c111,70.84,2025-07-21T14:34:48,grocery,21,Chennai,wallet,22,110.34,0
8dac24ed-24e3-4683-987b-4eb13de3fd00,581.6,2025-07-24T17:58:05,travel,30,Chennai,debit_card,27,321.44,0
5dfdde2d-b337-4fa8-b0dd-4168778eb0df,130.97,2025-01-27T04:53:12,online,37,Pune,upi,16,215.76,0
57961176-ec64-4a71-9f8d-6f36104d234e,193.66,2025-03-03T10:44:20,fuel,35,Delhi,credit_card,26,213.06,0
d2bf0e09-fa84-4303-ae39-1d280d5270b4,213.48,2025-06-27T23:42:12,dining,55,Pune,credit_card,25,22.51,0
e8392ef7-75e9-416a-a4a2-3730d12548b7,1406.06,2025-06-21T16:46:49,online,51,Jaipur,upi,24,1260.59,0
d3c09f49-07a6-41e6-86fe-3d89eac4713c,99.5,2025-05-28T13:23:16,dining,31,Mumbai,upi,33,74.64,0
48596c7a-0dec-4782-a6ab-82c31209cdc4,348.83,2025-03-30T11:04:45,entertainment,37,Kolkata,wallet,24,317.49,0
9a76ed17-d05d-4436-ba93-a21b3e470337,311.69,2025-01-25T10:40:28,grocery,61,Chennai,upi,33,10.0,0
343358b7-c3db-4b43-88c3-22db4f45f6d2,1718.74,2025-06-24T19:06:32,travel,26,Pune,credit_card,21,2884.57,0
11039079-f488-4633-906f-82ac4c2822bc,1810.87,2025-10-24T04:24:31,fuel,58,Delhi,debit_card,21,527.97,0
f6ef43d2-b6cf-4af3-aa59-3140af15d9cc,252.8,2025-07-26T16:51:14,dining,60,Delhi,debit_card,28,265.97,0
d1780b69-8d64-484c-8b94-696ab3247142,229.77,2025-01-08T16:53:52,electronics,44,Mumbai,netbanking,27,24.17,0
43663283-591b-4fd6-8f37-6bf75c19cf31,106.01,2025-07-26T14:31:42,electronics,23,Delhi,debit_card,18,98.3,0
e8133f8e-68bb-44f6-a14c-3e6fe99b44a7,158.62,2025-10-25T16:23:30,fuel,22,Kolkata,netbanking,27,214.09,0
d71a2b33-b8aa-4727-8cc7-ba2a5c2f87ac,225.4,2025-03-27T23:56:23,fuel,28,Pune,upi,16,159.73,0
d2ea2466-7f1c-4750-81ee-abaa12289300,255.89,2025-04-14T23:43:23,fuel,42,Bangalore,wallet,22,225.37,1
c4e2a4fc-7365-4521-8c53-bd3d920af4f6,51.42,2025-08-27T11:49:19,online,51,Chennai,upi,19,10.0,0
2586c43f-56a8-448e-952c-237521927041,820.58,2025-05-21T20:31:20,travel,32,Delhi,upi,25,714.92,0
d8ff27e1-51ed-454d-886b-c49e0d3e8b3f,929.37,2025-09-25T09:04:14,dining,29,Bangalore,credit_card,31,574.6,0
52ad1701-e654-4fd1-85a4-ebc7f515e4f9,34.77,2025-07-18T20:18:51,grocery,39,Lucknow,credit_card,24,10.0,0
400280e7-1161-4b72-a829-570479542657,184.24,2025-09-21T06:15:22,dining,26,Chennai,upi,29,174.5,0
e520e59b-96b3-405e-abd8-aa505a80c03e,2194.26,2025-01-27T22:11:03,dining,22,Mumbai,debit_card,33,1957.85,0
98c4d945-eedd-4ec2-a567-867eb4c73dea,663.84,2025-05-07T22:17:33,grocery,49,Bangalore,credit_card,28,648.05,0
ddb2ba5e-ac88-4424-ab01-4021bc9448fa,97.01,2025-01-29T23:40:26,online,60,Delhi,debit_card,16,10.0,0
cec0771d-5395-45eb-b759-10d55fb90417,293.36,2025-01-25T06:28:01,fuel,50,Delhi,upi,23,10.0,0
7d0aedd7-f65d-470e-96d1-82e9ea252748,123.91,2025-08-29T00:21:07,travel,33,Delhi,upi,34,99.99,0
2008b847-ff5c-40f2-9e28-8414c804a58b,202.5,2025-09-24T15:58:36,other,30,Kolkata,netbanking,28,238.32,0
d3d6df9e-6242-4b42-811a-13fc2268dffb,803.95,2025-02-04T03:29:26,online,36,Chennai,wallet,22,795.17,0
73b20ab1-e2d3-4da5-b368-7d7162527b49,550.95,2025-03-28T14:40:08,online,35,Mumbai,wallet,33,308.42,0
cc638a45-0f8c-439c-a337-f80ba3517d5c,55.64,2025-06-22T14:45:36,grocery,47,Pune,upi,25,94.91,0
0de4b1f5-1e05-46d2-afe2-936002098973,2007.0,2025-06-06T10:45:50,online,51,Kolkata,credit_card,23,3158.91,0
f8553132-a7b2-4516-9d4e-0169038782a8,1042.99,2025-10-01T06:23:35,travel,35,Lucknow,credit_card,16,442.15,0
f526d065-e44c-4b29-b441-3064fd1e0ef0,1436.25,2025-09-16T23:30:43,electronics,54,Ahmedabad,credit_card,26,906.87,0
e56650a5-bc4c-4b8a-87b9-7296a9578c50,892.27,2025-06-01T05:35:03,online,36,Hyderabad,credit_card,27,907.28,0
8cc7a82f-65c8-4546-ac8e-7c1e74336d46,63.17,2025-05-16T19:41:31,other,53,Delhi,netbanking,27,58.81,0
9f2ad39c-1c93-4f3f-8f25-4c2781b883b0,267.68,2025-08-14T15:04:32,travel,61,Jaipur,debit_card,36,152.48,0
69ff0771-82cd-48e6-a322-0a0411239ffb,157.34,2025-06-21T06:43:00,dining,27,Delhi,debit_card,32,81.37,0
6ecd0580-c3e5-4126-b4e4-4635ad6a9aee,144.1,2025-08-29T10:59:17,other,29,Chennai,upi,26,176.34,0
d0d35dc9-6659-4450-b708-ae4fff393dac,230.16,2025-05-19T08:26:27,electronics,45,Lucknow,debit_card,20,356.35,0
b435db6e-090c-4194-8b39-8b785ed7d756,483.15,2025-09-12T13:11:34,grocery,40,Mumbai,debit_card,24,127.87,0
fd53f017-2bc9-4562-a635-7a2ee0326541,1056.5,2025-08-15T17:20:00,grocery,36,Pune,netbanking,28,968.6,0
76aac967-d8c8-417a-ae68-9d003e3ae85d,689.31,2025-05-20T05:44:40,fuel,37,Ahmedabad,upi,28,61.69,0
f5082381-f78e-40ed-937a-22096e81d01a,611.53,2025-06-24T20:15:20,dining,39,Lucknow,credit_card,23,273.39,0
cdf72e4c-cae7-4dd5-9583-bcc7c7da1c07,1340.4,2025-02-24T17:58:51,travel,30,Kolkata,upi,27,813.79,0
ed6bcddd-1346-49f2-b3a7-d040511c553a,406.97,2025-01-13T18:30:34,grocery,38,Hyderabad,credit_card,34,444.62,0
cd6e9509-1457-48d2-83de-1058d85f69ff,538.83,2025-08-15T10:22:58,electronics,35,Delhi,debit_card,28,282.52,0
6b2a1555-b0ac-4cca-ad62-b3dd17f37d7f,963.65,2025-06-05T21:30:56,dining,41,Jaipur,upi,15,723.62,0
0a5b88b5-28d3-40f3-875c-82befcb7dee1,111.91,2025-07-16T06:38:09,electronics,19,Chennai,credit_card,18,101.6,0
fe0231d8-694d-4907-a1ae-d81c07e5a4ec,309.07,2025-07-20T02:51:09,online,34,Ahmedabad,upi,32,192.29,0
04f97a94-d14b-4117-acc6-ae2f745b6a1c,124.96,2025-07-20T02:30:26,entertainment,45,Bangalore,credit_card,31,264.41,0
b70fedcd-d88c-4745-95e7-c36402adb109,397.03,2025-09-26T18:39:22,fuel,34,Pune,credit_card,20,270.78,0
4d04ef49-bd5b-49df-93d7-14fc346ac226,788.48,2025-06-21T09:24:56,grocery,58,Kolkata,debit_card,17,488.77,0
23f3591a-7b34-4bf1-8b6d-c178d92937df,1217.25,2025-02-26T12:26:46,fuel,36,Kolkata,upi,24,1113.92,0
f6c85326-a37d-46c1-b355-6b2c8e1574d9,6298.71,2025-07-02T20:09:58,online,38,Ahmedabad,debit_card,37,5753.9,0
c0f22974-3aff-4d01-960c-57c48b73e0de,806.61,2025-10-16T23:22:59,electronics,36,Jaipur,upi,29,531.58,0
2fc51a78-4948-478d-94b2-5d303673bbd6,867.19,2025-09-30T11:01:40,online,39,Hyderabad,debit_card,20,267.11,0
1b734910-0818-41c3-9e2b-469de9ce7c84,916.42,2025-06-15T19:23:08,online,49,Hyderabad,netbanking,22,1190.63,0
0c64c840-aadd-4da2-a802-57af4c260b93,501.7,2025-08-25T19:15:56,dining,18,Mumbai,upi,32,386.12,0
7bacd3b0-6097-4df1-b982-249fde5b7093,35.74,2025-07-14T13:14:13,fuel,41,Pune,debit_card,27,45.47,0
83ce3e65-c059-4676-aa04-ba0924993ea1,1820.02,2025-05-05T12:38:45,fuel,57,Delhi,credit_card,25,632.09,0
6329e953-4261-4dcf-a588-9a6898429e0d,837.84,2025-10-14T12:00:19,grocery,18,Mumbai,upi,38,890.9,0
b3e7d9d2-77d1-4bbb-ae66-690297afe85a,186.57,2025-01-12T14:20:58,travel,28,Jaipur,upi,31,49.27,0
e85bf1bc-8c16-4af1-bc5d-f9e10fa1026c,397.55,2025-08-21T18:07:26,online,18,Pune,credit_card,22,10.0,0
acc3fdbd-2cda-4a05-9b24-117f771ba73e,1821.55,2025-03-26T11:20:16,dining,56,Kolkata,netbanking,33,1576.2,0
8ca9957c-4114-4439-8d33-a1a582011aec,83.67,2025-06-29T11:27:57,entertainment,29,Bangalore,debit_card,29,50.36,0
37ced96c-9a97-493d-9389-aaf2d6945402,501.02,2025-01-03T06:01:48,entertainment,37,Pune,debit_card,26,275.86,0
73b24274-b68b-41ae-83b4-c3dbd6d7af5b,428.67,2025-06-09T19:30:18,grocery,43,Chennai,debit_card,32,85.25,0
4398f3c8-b34b-4605-ac60-f8f2ece8da22,196.96,2025-10-14T00:55:42,fuel,35,Delhi,upi,17,175.1,0
44b03f6a-f8f0-43b7-9daa-8cef0c527a9a,991.21,2025-01-03T05:22:02,travel,21,Hyderabad,netbanking,18,298.22,0
6fbc78c1-2c74-4487-9fee-816258dc7382,34.03,2025-09-09T12:41:08,grocery,39,Chennai,wallet,22,10.0,0
7c7139c5-4201-4dfb-a940-6d1d4b0e6ca5,310.16,2025-04-08T00:32:14,fuel,44,Jaipur,credit_card,25,285.34,0
382ef88a-5f8d-4ebf-b10f-efaee140f37e,249.65,2025-01-10T20:19:23,other,32,Kolkata,upi,15,257.21,0
c0f0409c-91b0-483f-bc5d-598c984a3d0d,453.42,2025-01-30T01:58:42,fuel,26,Bangalore,upi,18,595.87,0
9256c581-b3f7-42c7-808e-5af5bc9594f8,502.1,2025-08-20T04:13:02,fuel,42,Delhi,debit_card,36,418.39,1
31b8e2fa-1a22-4ff4-ae74-da27d1246cfd,630.57,2025-09-26T04:07:52,online,32,Kolkata,debit_card,17,601.03,0
d739b4ca-b8b8-452c-8256-d14cb4417017,1102.46,2025-01-21T21:46:36,electronics,20,Lucknow,upi,28,732.47,0
236860fb-fb9d-4548-b8be-c2c4dfa6bdf1,164.02,2025-10-01T19:58:16,fuel,56,Jaipur,debit_card,18,263.06,0
ccaa138c-9c40-4763-8c54-4520e3f43008,293.72,2025-05-09T10:20:06,other,31,Jaipur,netbanking,22,115.57,0
6185f8ff-1930-4753-bc70-b5630605028a,1671.63,2025-07-17T05:54:12,electronics,26,Bangalore,wallet,31,1625.94,0
474810c2-cfbd-4c2e-ad8b-0091563db430,136.67,2025-02-03T11:23:28,online,50,Lucknow,wallet,20,144.76,0
373bde44-e443-4e18-9caa-4cb4abd2b163,592.22,2025-07-20T10:33:25,entertainment,35,Delhi,debit_card,28,679.99,0
3a0dabc3-701b-42a9-81fd-fa38fa4d2c0c,2267.99,2025-08-14T15:20:31,online,30,Pune,debit_card,43,2468.27,0
3a676e72-7908-465e-8cf7-0f6b2778cf8b,206.2,2025-06-25T10:28:25,other,34,Hyderabad,upi,12,203.51,0
43a28158-baf4-4dfa-9a3c-02fc4256e6c1,4480.27,2025-07-25T14:35:47,online,59,Kolkata,credit_card,19,2165.89,0
0ea3fc19-e78f-4c85-b8e2-f5c3c62d1764,117.77,2025-08-08T20:11:13,electronics,43,Jaipur,netbanking,18,230.55,0
021679f4-0b0f-49d0-acde-6fdbbb853984,230.38,2025-09-05T07:16:43,entertainment,40,Delhi,wallet,20,257.01,0
207ce290-a52b-4c20-a482-a260289deef3,1361.7,2025-06-10T04:53:46,dining,41,Ahmedabad,wallet,21,984.89,0
7b83ff60-69d8-47f4-bd63-069f133597c7,170.04,2025-10-04T17:58:47,online,42,Lucknow,netbanking,30,271.19,0
71b6ff93-afc2-4717-903e-c5abf9593ae3,229.05,2025-09-11T06:05:06,entertainment,26,Ahmedabad,credit_card,19,210.53,0
0df2836b-a33c-4bb9-9f35-0ed0933cdc28,39.66,2025-09-06T07:32:35,fuel,44,Jaipur,wallet,32,13.55,0
42550d08-47e0-4852-83c8-c4b8ad517bb4,1216.65,2025-07-28T13:07:55,electronics,18,Hyderabad,upi,27,1610.32,0
e617716e-4421-48f1-9c9a-081785a77c14,439.8,2025-07-24T16:21:00,entertainment,44,Delhi,debit_card,30,265.58,0
957dc169-6c35-49b4-9c9e-00e92ea4252f,2212.54,2025-05-12T12:02:49,grocery,50,Lucknow,netbanking,31,1534.23,0
9758df0a-ffc2-4c32-8088-93506d2e5547,259.01,2025-06-21T19:10:09,entertainment,31,Ahmedabad,credit_card,21,418.58,0
3c2d67ee-def6-4d99-b0e5-ac26e0602366,225.78,2025-04-29T06:27:53,entertainment,24,Lucknow,debit_card,25,124.09,0
6f086516-e5ce-442d-b9a9-68b9c4325423,1615.13,2025-04-14T04:17:28,dining,30,Chennai,wallet,17,2030.19,0
5bacd7d3-cabf-4440-a8c4-a8c9d75eb235,627.11,2025-07-28T14:04:56,dining,18,Pune,debit_card,28,635.67,0
d43cd43d-697a-4d5a-89e1-cd61b186c818,2644.29,2025-10-20T14:40:07,fuel,34,Lucknow,credit_card,25,2453.42,0
9cf54c40-d6ba-4005-a5e3-e4838572e34e,4453.75,2025-03-18T00:43:49,electronics,41,Kolkata,debit_card,23,4147.7,0
e4e86d5a-131b-44bc-96f0-dcc373e31bbb,69.88,2025-08-18T08:45:29,grocery,41,Ahmedabad,credit_card,25,29.41,0
5a92f699-b572-44cc-9794-af5d70a447ce,1391.78,2025-02-14T01:13:00,travel,40,Delhi,upi,26,1212.85,1
976bfe39-a096-406d-a448-78169793f8e4,205.99,2025-07-24T07:43:16,fuel,57,Bangalore,credit_card,21,172.5,0
328b6da8-e91a-42bb-a3ef-2a43d3b7f7bd,72.64,2025-02-03T10:51:04,grocery,41,Jaipur,credit_card,19,36.62,0
0c03f7f8-d292-43b4-b678-ca298285ea4b,45.52,2025-08-21T03:51:27,electronics,27,Pune,netbanking,21,10.0,1
e903c1dd-7c55-4b56-bf28-daeac4a8532d,396.24,2025-06-09T19:44:31,electronics,41,Hyderabad,upi,36,409.84,0
1276b7ae-ddf0-4dc0-9562-1494c24f70d0,103.77,2025-08-25T17:15:29,grocery,30,Pune,credit_card,30,186.05,0
6a3b13de-800d-4acf-808b-ac527b5716cc,266.15,2025-02-27T14:05:29,online,24,Lucknow,upi,28,119.56,0
73e8e945-e8c0-45c9-acca-06a033285211,2739.14,2025-07-27T10:00:58,online,30,Lucknow,credit_card,26,1577.82,0
427cd7b1-6b52-4e0e-a3b1-6047401af677,782.13,2025-09-18T01:41:10,travel,25,Lucknow,credit_card,18,394.08,1
912fe84e-c30c-4cd0-af9b-11ce49a88d63,69.51,2025-06-04T21:51:20,dining,35,Jaipur,credit_card,29,89.89,0
16a8ad60-80c0-4645-ad6c-cdfa8dc19067,47.01,2025-06-20T21:40:17,fuel,40,Mumbai,upi,26,13.67,0
96a804d9-2807-4cae-ad9a-4a61d6be3158,693.23,2025-08-29T00:16:39,other,30,Chennai,upi,29,402.98,0
f6a8bb94-b18a-4a9e-8cb7-7ff332379cb3,2288.56,2025-06-15T12:04:51,dining,19,Kolkata,upi,28,2496.18,0
77ca06a9-72b2-4bd7-bbf3-16de380b31a7,689.78,2025-10-12T16:28:45,travel,26,Jaipur,wallet,25,406.83,0
6e451cfd-c62d-4ab1-b641-ded9f29f0649,150.04,2025-04-04T11:06:13,dining,33,Chennai,debit_card,23,61.42,0
59b2215e-8d24-43b3-8f91-7b63994726ed,166.68,2025-01-03T00:30:03,grocery,53,Hyderabad,credit_card,15,38.53,0
90fb7ac3-e030-45db-a564-88391223d49a,395.46,2025-08-08T21:52:30,grocery,28,Lucknow,credit_card,30,432.89,0
f9b6f7dc-5121-4262-b273-a79855e996a5,3597.49,2025-06-12T21:31:06,other,56,Bangalore,debit_card,25,5167.69,0
c2e640b8-8b4a-4e84-acd5-286da7be03a2,316.53,2025-06-03T12:36:05,grocery,26,Lucknow,upi,16,338.13,0
5c36d23f-63a3-4aeb-907c-6be548d6fd25,1507.16,2025-02-02T18:49:34,electronics,51,Mumbai,upi,18,1224.55,0
059554bc-1d8b-49a0-8cec-1a4a78b7ed1a,482.98,2025-09-17T02:45:29,electronics,27,Delhi,upi,31,174.43,0
47d59755-090d-4e93-8e94-ead1ff0767f9,386.25,2025-09-27T08:39:44,electronics,41,Hyderabad,debit_card,28,21.04,0
32c0f2d0-192f-46ee-8e8d-5b4880a84821,253.59,2025-08-26T12:27:41,fuel,38,Delhi,debit_card,20,167.64,0
391847ba-8e17-425d-a1ad-0ef7e4f8e169,1066.57,2025-09-15T08:09:14,online,18,Chennai,credit_card,20,1565.09,0
6b01e337-e9ba-493c-a438-ce2bba92ce55,1214.89,2025-02-28T09:32:51,fuel,31,Jaipur,upi,21,340.5,0
1f1c8e1e-8a29-42a9-9a27-43fb42d37c14,2304.1,2025-08-06T03:44:53,dining,23,Lucknow,debit_card,28,2122.83,0
57a65ece-0f73-4060-9957-840db04eb4a4,897.93,2025-04-04T01:01:05,online,42,Pune,credit_card,26,1256.92,0
243e5fcc-ad80-43fc-a7bf-717c4840bab2,190.05,2025-10-11T17:21:03,dining,49,Delhi,upi,26,84.44,0
e554e382-0363-4b10-96f8-840ed60be9aa,247.31,2025-08-30T08:39:32,electronics,32,Kolkata,debit_card,21,130.16,0
1856e20e-f36c-42cc-bdf4-9efacff61418,191.34,2025-02-19T05:35:35,travel,18,Kolkata,credit_card,30,79.77,0
42fa25aa-0602-479c-b6ae-0e218a48821d,32.58,2025-06-29T11:10:12,online,18,Kolkata,credit_card,26,69.28,0
15c7e022-2fdf-440e-9434-86c5536395dc,536.05,2025-01-14T10:41:17,dining,27,Lucknow,debit_card,28,258.39,0
21b35c18-1165-4aa6-bd0c-f99e5ee39ab5,4789.87,2025-08-16T21:59:23,online,62,Chennai,credit_card,26,4068.25,0
7e2e6feb-6174-4bf7-8632-c288598f9e40,531.95,2025-03-01T09:50:39,grocery,38,Pune,upi,31,205.69,0
46260490-a26c-4c06-8541-0e4f32f316ab,481.19,2025-07-31T18:21:06,entertainment,36,Kolkata,credit_card,24,207.1,0
db9701e6-1ef6-42eb-8eb0-0adfcf142f79,929.3,2025-04-23T07:28:01,grocery,45,Hyderabad,wallet,33,918.37,0
889f36fd-a611-47b1-ad27-26ad93074fe7,352.38,2025-02-14T19:13:08,online,41,Jaipur,wallet,32,395.16,0
9f2b0a33-daa4-47d4-888a-b7d09c84e6df,183.96,2025-03-16T19:28:37,fuel,53,Kolkata,credit_card,23,479.45,0
ac2bc5f8-49bb-4909-905f-96e52f410dae,1181.6,2025-04-07T10:06:57,online,40,Jaipur,debit_card,19,410.34,0
9ecd028e-9f29-40f7-a5a4-a8b8074777c6,280.91,2025-10-09T19:59:16,online,42,Lucknow,credit_card,31,259.05,0
1e1be6e8-9e77-43a6-ad71-2a44f7777246,387.28,2025-03-12T03:15:57,travel,35,Chennai,upi,38,126.88,0
f5af67e7-993f-45bc-8a47-bbe8ae4858e9,212.08,2025-03-09T14:53:56,online,43,Jaipur,credit_card,23,29.75,0
dc9ebdf2-b2cd-4603-90f8-b57397f57ae9,56.2,2025-05-15T00:23:57,electronics,26,Jaipur,netbanking,32,59.13,0
da6e8779-87c8-4d95-ba9c-24f17d62bed9,3554.56,2025-01-19T16:13:45,fuel,49,Jaipur,debit_card,20,3388.51,0
d2dabf0c-b22b-4958-8016-7e3610c68fac,464.21,2025-08-21T01:37:15,electronics,30,Lucknow,debit_card,28,159.52,0
d9e60097-4fb5-4114-a791-edbeeb07ab50,170.82,2025-07-23T00:25:02,electronics,51,Ahmedabad,credit_card,26,122.38,0
16152016-1627-4414-9544-5fff9ccd1485,1156.64,2025-09-19T16:35:40,grocery,53,Lucknow,credit_card,23,881.98,0
f6289f0f-1e39-460d-8d3a-2e686bb7e4ec,312.03,2025-08-28T22:02:51,grocery,33,Kolkata,upi,21,186.43,0
26295f46-44f0-478d-896b-8b4b8f5dc605,1091.43,2025-03-14T06:25:37,grocery,49,Lucknow,upi,28,466.02,0
b8387367-cb27-43bb-b7b0-412165036cc5,310.21,2025-03-07T02:31:05,grocery,53,Lucknow,wallet,33,36.52,1
98d94fb6-1e18-4d84-bc75-c316763182fe,88.68,2025-05-29T18:27:21,grocery,52,Mumbai,upi,33,28.91,0
9fcd1855-d97c-4120-8dcf-ccdda5ee25ec,123.79,2025-04-22T21:18:15,dining,18,Ahmedabad,credit_card,25,95.9,0
47dea1d7-d782-4094-a14f-551d6bc0787b,482.21,2025-02-10T21:39:11,online,43,Delhi,debit_card,23,102.36,0
efbe0adb-9b91-49ac-85b4-2260d571a990,310.51,2025-08-15T12:08:17,fuel,36,Lucknow,netbanking,31,113.02,0
55e57866-ce76-4ae9-87e7-9856a6fa9cf7,207.23,2025-07-31T14:33:04,fuel,48,Hyderabad,debit_card,30,228.39,0
d162b580-6ac9-471e-9391-e95a56c2edb6,494.35,2025-01-09T03:54:01,fuel,28,Mumbai,upi,26,142.15,0
53c66973-6cf2-46ef-8a1d-fa05200869ff,211.05,2025-10-06T15:41:11,online,20,Lucknow,upi,27,413.47,0
9ee9f892-50ce-4174-99ee-5f94bb6a9087,109.31,2025-09-30T22:17:46,other,59,Kolkata,credit_card,27,227.73,0
a8aa756a-b825-4ef6-a857-1c07fc868e0e,501.67,2025-03-12T02:12:05,dining,60,Ahmedabad,upi,27,371.58,0
91b56c78-0620-4607-81f9-39f0e94f7442,225.02,2025-08-29T20:18:19,online,35,Mumbai,debit_card,25,381.62,0
9e56adde-0fea-46d0-b481-a8204f861b3e,238.88,2025-04-22T07:36:51,online,21,Lucknow,credit_card,17,60.82,0
09421277-fbe3-4f91-ad61-66974a2864f9,118.77,2025-03-18T03:23:54,grocery,30,Kolkata,debit_card,31,88.98,0
120a5466-1e9b-48ca-849b-08c79a826a29,2054.58,2025-04-27T19:08:29,online,35,Chennai,credit_card,16,1095.85,0
45e96059-ca62-4321-83d8-d5ec2e99b8d5,350.4,2025-07-07T23:26:28,fuel,36,Bangalore,upi,29,304.59,0
c5eb817c-3986-47d6-85da-48bc9712146f,878.75,2025-07-02T21:01:25,electronics,46,Chennai,upi,29,707.92,0
2fd1f250-ef9f-4d75-95f0-c1f0c24fa021,615.64,2025-05-23T19:04:39,online,27,Hyderabad,credit_card,27,314.39,0
dd0d7b3c-3446-402d-8654-440e61bdd025,288.09,2025-03-25T23:54:50,grocery,42,Ahmedabad,upi,18,389.47,0
2d1a0e89-7d94-470f-9f28-4251eea4010d,407.94,2025-03-23T21:58:48,online,51,Ahmedabad,upi,22,456.73,0
bfd1450f-438d-4731-83b1-9c6a0cfb14bd,658.15,2025-03-03T19:18:05,grocery,38,Lucknow,credit_card,22,424.02,0
0ad0bf42-665b-4983-b8ee-f0b2c603c88f,79.18,2025-04-13T10:08:58,fuel,37,Delhi,debit_card,24,166.06,0
e7d0e01e-e7d7-445f-9b1a-ab556272be14,128.18,2025-06-28T17:34:33,fuel,24,Pune,upi,27,117.79,0
9ef4dbfe-6ffc-454b-9c5d-4476a55ff9c3,96.48,2025-07-24T05:15:43,online,38,Chennai,netbanking,31,150.99,0
d341ed02-178d-40d4-85e9-852d7d330d9a,116.46,2025-03-27T10:55:57,entertainment,43,Ahmedabad,wallet,23,89.16,0
3e7eec9c-8e9e-433f-b462-f84159d83f8b,225.35,2025-03-16T01:42:48,grocery,53,Jaipur,credit_card,28,90.68,0
09d1cc24-eeed-4e3c-bc36-4622387b0892,762.39,2025-08-13T00:29:34,fuel,42,Hyderabad,debit_card,20,674.74,0
11048b4d-ba6f-4f1c-9fb9-a1e8b95258ef,83.52,2025-02-14T07:44:01,fuel,25,Ahmedabad,debit_card,31,12.38,0
5d160a53-87dd-4d52-bb4f-7d35d842f405,1237.93,2025-09-14T17:52:48,online,40,Lucknow,credit_card,27,1115.46,0
4f9c288b-227f-4419-9ffd-7d2200aef848,355.28,2025-09-21T08:02:19,online,43,Delhi,credit_card,28,284.75,0
8df20ef9-5564-41d3-95d4-3f76c861c0ca,2629.77,2025-04-04T00:05:58,online,49,Delhi,debit_card,24,2013.95,0
763182e7-8b5a-4a83-9c70-607208b6fbf5,235.94,2025-05-22T15:34:52,entertainment,46,Bangalore,credit_card,21,206.24,0
15779b3b-a961-4aa0-9415-48cf586a00c3,2014.81,2025-10-11T04:04:17,electronics,40,Hyderabad,debit_card,27,940.6,0
89ce10d2-aa11-48b2-a5b6-ab31d834fa4b,124.85,2025-10-14T07:00:48,entertainment,27,Bangalore,netbanking,26,89.67,0
53261a55-423f-4413-a250-17d2a8616a3d,69.47,2025-08-07T16:01:12,fuel,23,Jaipur,credit_card,15,10.0,0
0b1060f7-5feb-49a8-b324-7758f371a507,290.85,2025-01-26T01:31:46,dining,37,Delhi,upi,21,139.77,0
81953f9e-a9ea-4351-bfa4-02b0ec52bdb0,109.08,2025-08-29T02:47:03,entertainment,24,Kolkata,credit_card,27,216.72,0
b09636bd-5a31-4107-b9ef-b3cda0a41e02,112.01,2025-01-23T09:05:53,dining,49,Kolkata,debit_card,26,70.4,0
4eb7beed-b761-406b-8afa-fc5509ec8609,125.67,2025-05-05T09:34:44,online,36,Kolkata,credit_card,26,78.41,0
b4bcd074-61da-46c0-9bad-72a241d9d8b9,508.7,2025-03-13T22:43:40,grocery,23,Kolkata,debit_card,26,539.17,0
c253febb-b2f1-4b54-8712-39adef8e5f37,1247.33,2025-05-24T06:36:53,travel,68,Ahmedabad,credit_card,26,196.79,0
5a213785-aef9-4eb7-bf23-4fa2310499fc,242.92,2025-03-24T08:48:39,electronics,21,Jaipur,credit_card,27,15.45,1
cb37272b-7406-45bc-8f6b-70d774b59e70,247.39,2025-04-25T19:05:28,grocery,21,Hyderabad,debit_card,22,155.37,0
8789ddb6-c34b-4564-a3e9-26adb8f93312,272.27,2025-06-26T16:18:29,dining,35,Lucknow,wallet,18,73.23,0
ac0214d7-56ac-48b0-b4b1-01accff9570c,52.43,2025-10-19T16:35:37,dining,18,Chennai,credit_card,19,136.33,0
4d5fb1c9-9fb5-4b45-8ab0-bd78180ef581,430.7,2025-09-29T09:46:08,grocery,18,Ahmedabad,upi,25,371.93,0
92bb4775-c5ff-4cc4-a80f-71bfe0aa4291,404.42,2025-06-06T12:11:12,dining,63,Jaipur,credit_card,27,355.64,0
7fcefb4b-b895-4ae2-a4d4-5858109a3962,129.32,2025-04-21T01:21:47,dining,40,Lucknow,credit_card,24,69.55,0
1fb553c3-19b4-4f3e-94b0-8f28d5441b96,4464.38,2025-08-31T18:17:01,electronics,46,Ahmedabad,upi,20,5949.04,0
4a72c6aa-334b-4f67-88ca-0e80f77c9097,847.4,2025-06-14T16:34:56,dining,61,Bangalore,credit_card,36,817.54,0
a28c71c1-f6a6-4d6a-9af9-665ba5156d76,10.6,2025-09-06T18:10:50,grocery,30,Ahmedabad,debit_card,18,10.0,0
caac7237-00a0-479c-8c46-5c0392a09e9f,3171.68,2025-07-25T06:43:15,dining,39,Pune,debit_card,29,3971.53,0
939c6433-df24-49b8-b211-353cc5103c8a,879.95,2025-07-10T11:20:17,grocery,33,Bangalore,debit_card,28,901.95,0
1fb040fb-968a-4c71-aa65-6f2bec449a4c,155.32,2025-05-06T16:31:33,dining,18,Hyderabad,upi,22,68.41,0
66bb52ef-3f31-4371-bfe1-b3beb0343a9d,3538.08,2025-02-07T13:37:36,travel,41,Pune,debit_card,27,3555.23,0
24eb83f8-e1f5-4002-9974-d33dbad2b9ad,147.75,2025-10-18T10:44:14,entertainment,50,Kolkata,upi,28,157.03,0
fff7f121-7780-4ccd-b70c-4dfc75136097,84.65,2025-08-09T02:21:35,fuel,18,Hyderabad,debit_card,18,174.19,0
11f3536d-09f5-4f06-ac21-1b8df1ab36bf,175.41,2025-02-20T15:49:51,entertainment,32,Pune,wallet,36,226.42,0
ef1d878f-8ca3-42d5-80d0-fd85012e855a,38.75,2025-05-19T03:20:38,fuel,21,Pune,credit_card,22,100.56,1
978699a7-0566-4aac-9157-fa98a5cbab0b,566.0,2025-02-28T17:28:16,dining,37,Ahmedabad,debit_card,20,211.18,0
f880efa3-c348-4f91-9a9e-600aae5d6a1c,3417.34,2025-10-18T06:29:29,entertainment,18,Jaipur,debit_card,28,3995.42,0
83483828-34b0-4f2f-86cd-7c4d20463b71,479.98,2025-01-13T16:09:11,other,18,Ahmedabad,debit_card,29,318.71,0
cb948c6b-4c25-4ebf-ae61-4d496d158c12,279.15,2025-06-09T13:07:27,electronics,59,Chennai,credit_card,22,238.38,0
e162af57-1d43-4974-a264-d609e69d20de,104.33,2025-07-27T19:32:56,online,37,Pune,debit_card,28,24.89,0
e1e93c43-3b2f-475b-9eba-4264dd497c54,219.67,2025-03-13T09:55:43,other,23,Pune,netbanking,34,238.33,0
f5370b7f-0ff2-423b-bb6e-66655e5f288a,683.99,2025-03-25T15:39:00,grocery,41,Bangalore,upi,23,540.02,0
99430356-ac27-43fd-8c24-9a02ed7fbcfd,532.37,2025-01-11T00:05:50,electronics,25,Chennai,wallet,22,10.0,0
b73d9605-f779-449d-99fe-bc397d68a60d,95.86,2025-02-20T14:24:07,online,29,Mumbai,credit_card,31,10.0,0
84466eed-c574-4b85-9999-7fd523c7c628,210.7,2025-05-20T02:04:41,online,33,Ahmedabad,credit_card,22,60.8,0
953b63be-f9ac-440e-a68c-e33efa8cb9fc,476.09,2025-07-02T11:55:48,travel,50,Ahmedabad,upi,26,472.88,0
d06fcea8-2c90-41b3-ad01-ea2d8ad07053,437.92,2025-04-04T00:03:52,grocery,38,Chennai,netbanking,33,607.7,0
776132c5-9ad0-4d3c-a47a-5ee22ac14922,538.38,2025-08-19T22:52:57,grocery,43,Mumbai,upi,25,543.98,0
f49f91de-8f37-414d-9b4f-d0976a90119c,1222.74,2025-03-11T16:42:15,dining,42,Kolkata,wallet,21,1253.89,0
a12928e5-18ec-4efc-8976-8c8971c9d6b0,738.69,2025-07-09T14:43:46,electronics,33,Ahmedabad,upi,22,384.04,0
c0c75c6c-9d71-440c-bdda-ad0f0abb09c9,304.58,2025-02-21T21:39:11,online,18,Mumbai,upi,26,309.58,0
f880febc-02d4-4a3f-b50f-992d623f62e8,328.23,2025-08-16T11:59:27,dining,63,Ahmedabad,credit_card,27,556.87,0
475f3a7b-4454-4c56-ae8c-87f8fec3484a,1692.17,2025-10-25T15:44:36,fuel,38,Mumbai,upi,19,1162.48,0
ec26b8b2-dcff-4d84-9e77-dac356004fa6,615.64,2025-02-22T23:22:06,online,51,Mumbai,debit_card,17,622.67,0
01828894-2eb5-4658-a17c-b15cb5d1a7c9,1414.94,2025-01-09T00:48:46,grocery,34,Jaipur,credit_card,19,1176.76,0
44c592ab-8fcb-4b3a-ae84-53d042a37212,159.0,2025-10-27T10:41:36,online,36,Mumbai,upi,25,153.86,0
b6bd06bd-3581-4969-8125-91758427f7fd,975.4,2025-10-02T06:45:26,grocery,39,Jaipur,upi,22,90.65,0
555dcf58-90c6-473c-8bb6-a3c9ae2141bc,95.95,2025-05-02T02:06:03,fuel,32,Jaipur,wallet,25,10.0,0
2a201178-fbbc-41ee-aa14-fc073b9ff183,226.18,2025-06-26T12:39:19,grocery,40,Ahmedabad,debit_card,29,240.39,0
48a3cd0b-01c4-4bda-8892-d46de6396225,1253.0,2025-07-20T14:29:33,online,45,Kolkata,credit_card,28,1251.22,0
f407005a-5fb4-4487-afbc-fd8403c4c09e,712.47,2025-01-13T22:19:25,other,24,Jaipur,credit_card,22,518.74,0
e7096fd3-9101-4232-9815-073224f950f3,102.96,2025-07-28T06:37:58,online,43,Pune,credit_card,24,49.47,0
55e0eeee-d6db-4170-8dfe-123d8a2cc8e8,1527.33,2025-05-29T18:04:29,grocery,35,Lucknow,credit_card,25,1167.81,0
5f144075-b716-4ffc-a802-dc7cef99b923,1457.29,2025-05-21T20:08:42,fuel,67,Ahmedabad,upi,29,1053.8,0
04a6a4d7-4f38-4fc0-b67b-9aade520cfc8,6001.57,2025-09-24T09:37:53,online,24,Hyderabad,wallet,21,4124.15,0
5ac41b5f-17af-44de-add1-59599e8e6e1a,269.71,2025-02-22T23:21:21,dining,41,Hyderabad,credit_card,23,381.0,0
267a66ca-bae2-402f-9161-e536b0754fcb,3716.77,2025-06-03T06:56:58,travel,60,Chennai,upi,27,3445.59,0
65a73d19-56ef-4fd4-91f2-bd268d80548c,541.95,2025-04-25T13:12:57,electronics,44,Jaipur,credit_card,33,544.04,0
ce5075eb-8350-40de-bf10-25dfe1c609da,461.34,2025-07-15T15:43:02,electronics,39,Mumbai,wallet,25,701.71,0
a49d9827-981f-4de8-865c-48151b74b59c,2824.17,2025-04-02T19:06:47,grocery,54,Chennai,debit_card,30,1908.76,0
aafc830f-274d-4e41-947b-32ba96676f48,1095.14,2025-09-07T17:37:08,entertainment,31,Delhi,upi,24,1042.71,0
df549203-6ff3-4e16-a1fa-3346f17d6938,505.87,2025-02-04T07:00:51,grocery,44,Chennai,credit_card,27,797.1,0
9323629d-9037-4d3e-9368-e5d502ff1ec1,388.55,2025-03-17T14:49:53,fuel,47,Mumbai,wallet,24,360.46,0
879db60d-33ec-426f-a3af-bd37a5cb0e93,648.18,2025-09-04T12:06:41,grocery,28,Ahmedabad,credit_card,26,847.9,0
dea5e3ba-3b60-4bf0-95de-7b0497d3692c,2031.54,2025-05-03T04:59:40,dining,37,Jaipur,debit_card,25,1223.17,0
412873db-cae0-485a-a503-0a60df42ba78,607.31,2025-07-08T06:31:16,dining,33,Lucknow,wallet,24,600.44,0
28af485c-d8c0-43a2-bcfe-16e7c4a8453e,105.54,2025-08-23T16:31:20,entertainment,56,Jaipur,debit_card,23,10.0,0
12869e19-f1c1-4c90-a652-b6d7fc7068d9,198.63,2025-01-12T08:40:16,online,47,Mumbai,upi,24,40.56,0
02ec8489-3f59-4954-bc34-f65aa5ca93cf,279.22,2025-10-21T00:15:53,dining,21,Pune,credit_card,29,244.84,0
75b1d643-d115-4647-b4f4-35dc9da8ab10,1429.52,2025-05-15T19:57:07,entertainment,18,Lucknow,debit_card,19,1519.31,0
08a52144-b82e-44ff-8e57-3ca946cde382,1012.64,2025-01-28T07:22:59,online,38,Bangalore,credit_card,23,450.45,0
cd6f1d05-dad5-47af-85b0-58d7fa38cff1,261.56,2025-06-02T07:11:40,grocery,37,Mumbai,debit_card,16,10.0,0
848cef22-2282-4d0f-b11c-33acee210511,1873.38,2025-06-22T23:01:14,other,48,Mumbai,credit_card,23,1448.25,0
2c4e58b3-01a1-466f-aa59-db657ca5c5e3,151.03,2025-08-31T06:43:05,grocery,27,Lucknow,debit_card,25,49.23,0
f1b94153-6d58-4291-b3e7-2922edd62369,331.58,2025-01-14T00:19:31,fuel,42,Pune,debit_card,24,536.7,0
513f217c-fa11-4c7d-90f8-7e489d1800f1,693.21,2025-01-01T23:06:53,electronics,18,Pune,credit_card,30,558.06,0
7dc1a06a-18e0-4e6c-805e-a25e2fa78165,75.2,2025-05-08T13:25:12,online,45,Pune,wallet,22,71.02,0
b3130a66-8a93-4160-b999-1e896f830545,151.88,2025-04-11T03:24:19,dining,42,Delhi,credit_card,26,10.0,0
a3c58d7f-435b-45a1-8097-d9cb5c9d16d0,293.05,2025-07-06T06:55:50,entertainment,37,Jaipur,upi,34,201.62,0
9b56484b-2706-42c0-a745-f7565a6c7b99,1146.62,2025-08-04T05:15:16,fuel,36,Kolkata,credit_card,22,985.56,0
0413dc57-3e4e-42ed-921f-1965b1e76705,372.56,2025-04-04T16:54:24,fuel,33,Kolkata,credit_card,30,376.19,0
b6a7dbc1-b4e5-46f7-a190-73c3db68c5a7,1330.43,2025-05-20T11:08:35,grocery,31,Ahmedabad,credit_card,18,941.29,0
f3f7d9ed-ae29-4e49-a564-2c9be2b52b1d,258.74,2025-02-07T05:11:09,dining,23,Chennai,upi,28,32.39,0
8524f7cf-16ee-4163-9a69-eae740c6e7cf,183.52,2025-10-18T05:40:10,online,42,Delhi,credit_card,28,228.22,0
e3b40fdf-d8d2-4199-9f92-49710b170543,515.23,2025-08-20T03:50:36,dining,56,Lucknow,upi,25,593.21,0
8655e221-e73e-4d09-90d3-4bf7f69e3780,67.07,2025-08-20T15:45:37,grocery,27,Ahmedabad,netbanking,33,104.1,0
4f365ea4-7b8e-48f3-8108-0dfbe28542e3,1193.78,2025-01-21T04:11:11,grocery,42,Hyderabad,credit_card,27,1003.97,0
48af9d85-9255-4867-a89d-3720d3614ee4,214.68,2025-09-23T19:02:46,travel,47,Kolkata,debit_card,21,81.59,0
0a65a711-af0e-4e39-afb9-e3cdbb61be2e,112.11,2025-01-01T21:39:26,online,29,Chennai,upi,29,10.0,0
b48b03b3-bc9a-4f12-ade3-47e4f45305b5,480.79,2025-04-28T02:00:35,grocery,27,Delhi,debit_card,15,199.44,0
0ac05e3c-070f-484e-8cc2-725a0931e263,158.97,2025-07-04T02:00:17,electronics,52,Ahmedabad,upi,19,192.0,0
573b503a-90eb-4592-b5fe-85ec3c151791,201.58,2025-09-04T13:15:28,online,43,Jaipur,credit_card,29,333.97,0
67187097-e4eb-41a8-a03c-1e8fd2be394e,56.52,2025-09-30T04:24:08,entertainment,18,Kolkata,upi,28,31.03,0
5888a0a8-0eda-46f8-bfbe-f2f07a08fd9e,472.89,2025-01-13T05:42:30,dining,38,Ahmedabad,debit_card,23,342.66,0
5ce28800-677e-4b95-ba27-9d800b5d8be5,329.2,2025-06-04T07:30:31,other,29,Chennai,wallet,31,337.39,0
839fee7c-08e8-44f4-89bc-269584415fba,137.32,2025-02-15T20:21:00,fuel,35,Jaipur,credit_card,21,109.83,0
f6a82e87-4b6d-4e33-b032-ebc0844ecba7,1302.91,2025-04-04T17:43:05,grocery,42,Pune,netbanking,28,1656.61,0
c2e5b7a6-5dcd-40d8-b163-740b7b426588,1227.53,2025-06-07T05:00:47,grocery,25,Mumbai,credit_card,16,627.69,0
4f99224a-0e58-4b4b-a5c7-57df24c9d048,235.11,2025-05-19T15:08:30,fuel,29,Ahmedabad,upi,23,140.18,0
e8617042-9326-4916-b4ec-d477bf7b538e,1115.03,2025-02-26T01:01:25,dining,33,Jaipur,credit_card,35,1688.59,0
1a76c399-e467-49a4-a2ea-77476343a467,364.67,2025-07-11T09:00:19,other,57,Mumbai,debit_card,30,86.36,0
4ada6614-4f8c-414d-98db-2e858f918cae,480.71,2025-09-02T05:53:10,fuel,26,Lucknow,wallet,36,560.2,0
fa8295b9-6ed4-4bd5-b51b-0d5166730426,329.03,2025-04-18T16:40:37,dining,51,Kolkata,wallet,22,469.56,0
5610fc39-2fd8-47c2-90c5-cf8802cca517,369.1,2025-02-05T14:45:11,other,56,Chennai,upi,32,473.6,0
6669e85a-c74d-47cf-93ed-12af20d34b24,1041.85,2025-06-03T03:07:51,grocery,25,Lucknow,debit_card,22,843.64,0
5f567df5-e972-4a75-bb4f-62ef39e73c6b,440.07,2025-04-03T08:22:32,grocery,23,Pune,debit_card,25,378.63,0
a5a29076-26fe-41c2-bf9f-b14fb3aef316,150.86,2025-07-22T13:26:15,fuel,55,Delhi,netbanking,18,109.54,0
becc0370-4de5-4dd4-b481-dcda6cf3d8cc,558.35,2025-02-16T16:41:40,fuel,20,Jaipur,upi,27,393.23,0
a29d2ab6-f94f-4c4a-91d9-969a328632ec,626.17,2025-03-07T15:21:15,dining,25,Jaipur,credit_card,31,487.52,0
af14ce14-df9d-40c4-8be5-f6aa0670637d,147.73,2025-06-10T15:15:38,other,51,Hyderabad,wallet,28,57.8,0
1432a2db-2b17-4a62-86a4-4d123d5f0ec4,615.25,2025-08-31T18:54:21,electronics,39,Kolkata,upi,28,285.01,0
82007e8f-2a01-4644-9c80-d98ad280dbb2,848.07,2025-01-28T08:02:42,grocery,36,Bangalore,credit_card,22,680.21,0
47e15a0c-cfeb-4053-8415-f29ee13d1d7d,3341.18,2025-01-07T22:17:57,online,28,Kolkata,credit_card,37,2076.71,0
fc341440-d735-4665-9f3b-039365a268cd,23406.92,2025-03-09T11:37:20,dining,39,Chennai,credit_card,32,20404.71,0
aa4afcdb-e46d-470d-9f22-7ecaed6a3f9d,25.66,2025-03-05T15:17:52,travel,36,Bangalore,upi,22,56.13,0
d8750e48-2018-4e98-abdf-575972d4cebe,278.18,2025-06-07T05:41:31,online,58,Chennai,wallet,30,238.63,0
9e1aad8c-a4cb-4c15-abcb-56e3d30cb06f,138.09,2025-04-28T21:13:08,electronics,45,Chennai,upi,37,74.91,0
13fae77f-ab39-4fb3-b2ed-7565583ce15a,331.2,2025-04-17T16:52:01,grocery,30,Hyderabad,debit_card,21,254.15,0
b0301f84-210a-45f6-a1ee-64e1e93938eb,60.35,2025-01-13T13:46:40,dining,51,Lucknow,wallet,33,55.12,0
0431ea3e-44f1-4c9c-b671-aa6855423950,418.22,2025-04-12T06:28:34,travel,24,Mumbai,debit_card,29,195.39,0
c5ad4dd6-9252-4fcf-aaf6-f12c063f7736,553.68,2025-04-02T07:06:41,fuel,49,Jaipur,credit_card,28,539.79,0
2461b943-3e05-40fd-9ac7-7b2ad94adada,630.06,2025-06-17T03:52:57,online,58,Mumbai,debit_card,30,724.3,0
edf03731-6eab-4e38-9191-8392c3741c40,575.45,2025-03-16T17:51:51,grocery,24,Kolkata,credit_card,28,250.33,0
2d420f53-e6ba-45e7-8589-758a893ddcea,848.84,2025-04-09T20:44:35,fuel,37,Jaipur,upi,22,598.47,0
44844839-e991-4d2c-871c-198bd8623dea,945.43,2025-07-15T23:33:30,dining,46,Pune,credit_card,34,1141.85,0
146a3e2c-488b-4838-96f3-979a9162c726,970.74,2025-10-09T14:38:35,entertainment,30,Hyderabad,wallet,25,10.0,0
01762158-bdaf-403c-9330-771ebca7e0f1,105.07,2025-01-07T21:55:42,fuel,18,Ahmedabad,debit_card,23,85.05,0
d22f555c-f288-43f7-b91b-1a85abaf4bb7,354.15,2025-01-30T07:09:27,electronics,35,Hyderabad,upi,22,303.54,0
7da8dbb6-1d78-4278-b8af-ae0c77eabadc,244.37,2025-02-02T17:21:14,fuel,32,Delhi,upi,23,60.0,0
6255aec9-4c8d-42d4-b01b-089d79f1d5e4,549.88,2025-03-17T12:24:32,dining,20,Chennai,upi,25,420.59,0
df80a7f0-d508-4f77-be31-cd3d6e37653e,251.17,2025-01-25T13:51:38,grocery,61,Pune,debit_card,25,233.27,0
d2ab4a6b-ac1e-4a55-89ad-ca389370cc26,116.73,2025-05-07T02:41:03,electronics,35,Pune,credit_card,18,10.0,0
675267c9-7067-40b8-a210-2b05288a380f,856.09,2025-07-04T12:58:37,online,26,Lucknow,wallet,27,731.29,0
543276c6-ea6c-485c-b408-31ce24fef58a,384.64,2025-02-23T14:17:30,entertainment,34,Chennai,credit_card,26,10.0,0
39b6a541-a56c-40cc-892a-f8a981d3f77b,1585.38,2025-06-04T05:18:41,electronics,41,Hyderabad,debit_card,24,843.04,0
7fa92a1d-9a28-45ba-b8bc-38b7b15cadcb,947.53,2025-04-09T03:11:10,electronics,44,Kolkata,upi,22,1088.71,0
4af150f2-a97d-4ffc-b638-a60f29198646,322.73,2025-06-12T02:03:51,dining,43,Chennai,credit_card,22,504.97,0
6a159e98-d154-4344-8be1-758a52b6dcac,193.54,2025-08-10T14:28:01,dining,34,Bangalore,upi,20,100.87,0
d8219c28-016a-4e7a-bdb9-6ab4bf60dbcb,84.1,2025-03-12T18:56:17,other,24,Chennai,wallet,25,146.26,0
19f45767-61c4-40d8-b410-9bf1d96f3574,48.78,2025-04-21T09:43:14,grocery,43,Ahmedabad,wallet,29,55.6,0
8af5b74c-3e21-4d57-9220-9ba1028ef00d,835.33,2025-07-22T13:36:34,fuel,36,Hyderabad,credit_card,31,781.49,0
33d9d79d-e704-4c5e-a80c-aea56ad63df4,46.79,2025-03-09T16:08:34,other,41,Chennai,debit_card,22,144.67,0
83390eb2-b8fc-4e1c-90a4-8e08751b1d17,2975.13,2025-07-01T09:01:21,other,46,Lucknow,wallet,29,3187.48,0
95143e3e-225a-4e2d-ac0b-640ebcef0cb6,47.45,2025-04-18T00:32:27,dining,33,Mumbai,netbanking,27,36.23,0
d8e22c6f-f98a-4276-8b7c-ef8e3942d518,361.77,2025-09-26T11:06:53,online,32,Chennai,credit_card,30,280.84,0
66ea004c-59a2-4f67-bbda-94bede993132,1010.54,2025-08-22T12:06:04,grocery,52,Jaipur,debit_card,35,936.09,0
b5c896f7-4dee-4fdb-8f18-c54776d956ac,513.48,2025-04-15T06:01:40,grocery,19,Hyderabad,credit_card,32,359.94,0
a00b3c1e-8472-487b-b8b2-a69072f91b8c,664.93,2025-07-30T03:41:10,grocery,31,Hyderabad,debit_card,28,636.59,0
772b43ec-b060-4779-b7b8-9c22abfaf729,275.65,2025-09-01T16:47:22,travel,46,Kolkata,credit_card,20,156.57,0
a98b044b-8974-4e21-a488-483b04d5f20a,488.89,2025-04-06T13:46:19,dining,19,Chennai,credit_card,20,293.43,0
398b29ad-ada6-4fd7-9584-7ab82481d546,822.51,2025-06-12T13:02:55,fuel,49,Ahmedabad,credit_card,26,556.81,0
24a0a274-2078-4b88-8804-e854ed3db31d,641.29,2025-05-16T02:20:13,electronics,27,Hyderabad,debit_card,22,196.25,0
6b616ea0-79ba-4769-92e3-6b3538c23341,53.29,2025-06-29T00:56:27,online,57,Kolkata,credit_card,21,10.0,1
d6baa9fe-32da-461c-8765-180fb9b956ee,95.7,2025-03-05T08:34:45,travel,36,Ahmedabad,debit_card,22,83.02,0
09f51243-f607-4b23-a347-d21d112e04dd,7107.08,2025-10-26T10:57:16,grocery,50,Chennai,netbanking,24,7425.95,0
2795179d-04fb-4be7-8ef4-8b707e8ec88f,101.45,2025-02-12T05:57:39,fuel,41,Lucknow,netbanking,21,63.31,0
53701f85-187a-4276-9768-7efeaa63fb89,1398.83,2025-03-08T10:27:22,electronics,26,Jaipur,upi,23,957.69,0
38f3b2f5-573c-4e75-8fd1-c254c226781b,182.43,2025-01-21T11:54:21,dining,47,Hyderabad,credit_card,16,118.3,0
40062207-4a3c-422e-a891-916fa9a2746a,1191.57,2025-09-07T04:04:50,electronics,46,Chennai,credit_card,25,813.99,0
928dd393-ef6a-4c64-a087-dd92657d5c66,184.88,2025-02-01T19:02:34,electronics,44,Hyderabad,upi,32,128.41,0
2dedff36-b0a9-426a-87b7-2d2138b990ba,348.63,2025-02-27T21:19:14,fuel,60,Mumbai,upi,25,286.58,0
805fc6a3-a738-4573-9138-71e82a73a24e,344.02,2025-05-11T08:46:22,fuel,27,Chennai,credit_card,26,166.03,0
17256276-f390-40e2-b1cd-b9c3da6b2d2b,31.94,2025-04-24T11:47:08,dining,23,Mumbai,credit_card,15,10.0,0
6d6ab3a3-a7db-4806-8707-ab9826ed9e34,241.79,2025-04-30T06:05:27,online,28,Ahmedabad,debit_card,27,102.02,0
a986853c-a02c-49cf-8503-2efd2f8b4894,30.49,2025-02-20T11:33:44,dining,31,Chennai,credit_card,30,10.0,0
d3e9dc91-7885-4816-a80b-99e935970de7,1284.96,2025-02-08T16:43:00,grocery,18,Ahmedabad,upi,26,1214.47,0
367ce24b-227e-420e-b727-61c5e5f5f780,366.18,2025-05-14T13:04:20,online,49,Jaipur,netbanking,27,190.27,1
86b3386e-2872-4dff-b2ca-9a06e557c8d5,160.58,2025-05-03T06:42:59,fuel,39,Mumbai,debit_card,24,204.31,0
78e541bc-a8af-472c-a157-9a805893a5d7,231.46,2025-01-29T20:06:08,online,35,Bangalore,upi,27,72.25,0
edd54170-88d3-4365-8ce0-c30827277d20,2180.33,2025-03-19T08:32:09,online,40,Kolkata,debit_card,27,2206.57,0
cd9d5b21-58d0-4201-9826-7599af30411d,389.29,2025-06-19T22:51:03,travel,49,Mumbai,wallet,28,150.5,0
060d3128-5c41-4c21-878e-4c15c06ae580,167.4,2025-01-03T05:47:33,fuel,32,Kolkata,upi,18,198.67,0
48ef3e2e-4e34-4cce-be80-253014af1bbf,636.67,2025-06-25T12:00:01,electronics,56,Delhi,credit_card,20,10.0,0
9350bba2-e124-4268-be9c-edf5936141d8,463.98,2025-07-31T12:47:12,dining,62,Delhi,debit_card,22,975.37,0
d116405c-e778-41f6-9609-1fae549e47a9,545.28,2025-01-07T12:14:53,entertainment,48,Delhi,credit_card,18,414.5,0
bed4e953-a6a5-4207-8f9f-32c13af9c615,808.8,2025-01-14T04:38:35,online,25,Lucknow,credit_card,20,1056.93,1
e86b31a5-7f4d-4f32-ac15-76aa0432e6c5,1591.77,2025-06-05T07:06:49,travel,55,Kolkata,debit_card,21,516.91,0
e5f9e350-f04a-4322-92fd-ea1a637d8712,107.46,2025-08-28T01:27:18,online,63,Bangalore,upi,29,19.29,1
fa5df4b2-6c31-450c-9581-5b86965a3b8a,370.36,2025-09-17T13:57:25,travel,22,Jaipur,upi,31,257.3,0
feae0b16-1135-4f09-b5d7-48fa61d0f1ee,571.93,2025-02-10T20:25:49,grocery,31,Bangalore,credit_card,21,335.09,0
dc1b9d7a-ee03-47c4-b0dc-7dbdf87db21b,181.82,2025-10-26T11:14:15,electronics,35,Ahmedabad,upi,19,239.77,0
bd8e4ae1-0302-44ea-9405-d67bcbf9238d,9398.31,2025-02-03T07:40:45,online,29,Lucknow,upi,14,5886.85,0
4d67d567-f35b-4d15-9e74-34186f5ac08f,396.16,2025-06-03T12:42:03,grocery,40,Lucknow,debit_card,24,526.97,0
bd6afac9-b8d7-4bbe-b5ce-c97b0427c19d,308.66,2025-01-06T02:52:15,entertainment,44,Kolkata,credit_card,22,312.58,0
0c94ef7d-afb0-4c17-87d6-5ec4264d9e46,1345.21,2025-08-02T05:22:26,entertainment,20,Ahmedabad,credit_card,25,1007.66,0
d81de3f4-9818-46d4-8eb6-ba9786711019,2020.3,2025-03-22T06:57:41,travel,38,Kolkata,upi,26,1224.18,0
2782f5a7-0e1c-4f28-bfe8-0ee0ef31f9a7,424.98,2025-10-10T21:07:54,travel,49,Lucknow,upi,24,444.1,0
f5e6e6ed-3da7-4145-8785-8db984655277,1206.06,2025-08-16T23:53:24,online,30,Jaipur,credit_card,23,1534.52,0
5410c64d-b854-44a4-8561-49f1e4649b31,372.39,2025-06-11T14:30:46,electronics,38,Hyderabad,upi,25,232.94,0
499b7efa-c296-4f3d-8168-49b4464dae03,320.23,2025-01-16T13:28:01,fuel,51,Jaipur,credit_card,21,147.85,0
c85e6970-5516-4d93-af25-c4feeb3e9d85,59.08,2025-04-15T03:35:38,grocery,24,Hyderabad,upi,27,84.59,0
8120d09e-745c-4107-9878-9708586beb00,350.11,2025-09-09T23:07:18,grocery,31,Hyderabad,wallet,33,220.35,0
8bb77902-1e4f-48b7-8b7a-efca513f12af,124.99,2025-06-10T20:24:12,electronics,39,Mumbai,debit_card,31,10.0,0
c9a9ffc9-75c3-4687-99e2-0286c69973c7,474.06,2025-05-02T21:12:52,fuel,27,Lucknow,wallet,30,471.45,0
9a2352f4-247a-4eb8-953a-2e43943058a6,94.89,2025-07-13T00:44:04,fuel,25,Lucknow,upi,25,10.0,0
b580fd4a-6275-48c4-9790-478f813d7eac,352.94,2025-04-30T16:52:47,electronics,31,Kolkata,debit_card,37,359.84,0
0ef15a65-899b-44ad-a3fe-4aabace75cdc,372.92,2025-07-21T15:05:10,online,47,Hyderabad,credit_card,26,160.37,0
7f453ddc-4304-42ac-9e75-434c65842faf,571.7,2025-09-15T00:24:34,grocery,46,Pune,debit_card,24,769.92,0
5b915fce-7b91-411c-92fa-3056eecaebe6,522.69,2025-07-28T17:40:40,other,34,Lucknow,upi,19,706.75,0
c33eae9a-5ff8-4d8a-901b-1a48f9fc6e35,82.31,2025-08-23T23:13:03,dining,50,Hyderabad,credit_card,30,125.2,0
a89d132c-dd37-4949-949e-260ad92c92a9,668.58,2025-02-06T08:02:34,fuel,47,Pune,upi,25,742.47,0
2a05c308-336f-4c95-8cc4-1da09fc5a71e,375.55,2025-07-28T13:41:03,online,20,Pune,debit_card,20,631.53,0
350e84cf-0fcb-430b-a2bd-dc99e1d1088b,584.44,2025-01-28T03:10:48,fuel,33,Kolkata,wallet,24,624.67,0
da5b787f-8856-45a1-aac5-cd6e80fcab2d,217.08,2025-05-08T21:37:50,electronics,48,Kolkata,upi,23,152.08,0
e487328a-05f3-45ac-8247-32c900d804a8,1777.96,2025-02-26T03:03:13,grocery,32,Pune,upi,23,1701.31,0
21ccbb09-7f36-4b11-8ddd-6c7fa1dd31cb,456.32,2025-04-06T11:11:21,electronics,32,Chennai,upi,23,10.0,0
726e19d5-f267-4135-8fcd-ae6f308c62ce,120.37,2025-10-01T04:23:19,online,34,Pune,credit_card,19,10.0,0
4fdb7484-a50b-4cd2-a90b-8c7d3a54541f,1395.48,2025-06-03T00:43:00,other,27,Kolkata,credit_card,25,223.35,0
92aecdb4-e3c6-4228-b21d-111e4cf4ccaf,296.17,2025-02-12T12:53:43,online,33,Pune,debit_card,30,131.27,0
dc199f9a-95b7-4c59-871c-0e1451d846b2,521.28,2025-08-16T09:48:12,entertainment,40,Pune,debit_card,35,10.0,0
b905c6f0-a106-4d95-8580-a0bfe67d7cbf,628.97,2025-01-13T18:52:37,travel,25,Delhi,debit_card,18,273.61,0
16d67ef7-0aa2-4c8c-ba9e-db98df535894,182.88,2025-03-28T04:28:11,travel,47,Lucknow,upi,29,29.12,1
afea8437-b2cc-489e-92b2-3643c7c5609a,474.52,2025-07-03T17:47:09,grocery,38,Chennai,credit_card,23,382.79,0
c97529b3-4eaf-42b9-996b-bcb2b22feb0f,67.74,2025-03-20T07:09:19,online,41,Kolkata,upi,22,67.0,0
aab823c7-068d-45b9-aac7-58b1168597be,231.84,2025-10-17T10:42:44,online,42,Lucknow,debit_card,30,119.75,0
4b4389b7-ff41-4087-906b-0117da786f58,96.79,2025-09-05T22:13:07,electronics,22,Ahmedabad,credit_card,23,157.13,0
a4515f05-868c-4ba8-a3e2-b6997b03a6eb,654.66,2025-06-18T11:09:16,grocery,55,Chennai,upi,28,489.41,0
acdc887d-5a2b-471d-93be-865c4bc6c45f,2846.7,2025-02-23T13:10:59,electronics,21,Jaipur,upi,31,669.78,0
f208aa28-e55f-45eb-8f58-117991c0e030,334.3,2025-04-05T10:39:09,dining,39,Kolkata,debit_card,28,210.29,0
0b7eb58d-0c84-42ee-8f33-a7e2c2117d59,595.39,2025-07-14T05:37:37,travel,18,Bangalore,netbanking,24,521.68,0
bc9a3efb-daf2-4d07-8eca-8b2e7d2918ab,182.27,2025-05-22T16:28:07,online,51,Lucknow,netbanking,30,226.97,0
ec14893c-99db-48f7-873a-e589cf63d113,4215.14,2025-07-02T13:29:54,electronics,33,Pune,credit_card,19,3690.17,0
32a95db9-c1c4-4945-b8d6-2eddcec46ade,1358.02,2025-01-16T16:48:48,dining,33,Lucknow,credit_card,20,936.75,0
27155c16-5f5a-42e1-9518-2ee9770d3f5d,79.87,2025-07-19T18:40:39,dining,33,Bangalore,upi,20,114.89,0
c7c6bcc7-e782-42fd-b1d6-c4acbef04b52,394.01,2025-08-08T08:32:15,fuel,37,Bangalore,debit_card,29,386.62,0
06e4e41b-420d-4e29-af32-0502617729af,602.83,2025-10-24T20:17:55,grocery,27,Delhi,upi,29,499.77,0
3145503f-1747-4ad4-9997-1c1c94bd0d96,436.81,2025-06-19T00:12:51,other,44,Delhi,debit_card,25,426.52,0
4bc7fc48-69a7-4c1b-93ab-31e1be223710,210.82,2025-04-03T03:44:33,online,37,Lucknow,netbanking,20,343.32,0
3adfd64b-379a-450b-aa8a-39de20453086,4208.67,2025-07-29T23:30:42,dining,42,Hyderabad,debit_card,25,2072.82,0
9a7aff6c-0e99-4f74-9850-1ca094dc75e3,396.67,2025-05-08T10:48:07,dining,32,Ahmedabad,debit_card,23,414.15,0
778ee5f9-7f16-4066-a63b-beec6f7e6182,568.73,2025-04-07T12:33:03,grocery,42,Pune,debit_card,32,242.83,0
113c47a0-6b4d-411b-af53-c35575f6d4e2,202.73,2025-07-28T01:57:04,dining,47,Lucknow,wallet,24,10.0,0
62fb3abc-b865-41e4-ab61-5269ca4941fd,117.67,2025-01-25T07:30:53,online,30,Ahmedabad,debit_card,39,91.3,0
130d668e-212f-4a30-a369-375f38475251,63.57,2025-04-19T17:38:10,entertainment,27,Kolkata,netbanking,28,10.0,0
268bf090-edd5-4326-bf9d-6335a043ffc3,914.34,2025-03-24T21:24:27,electronics,45,Mumbai,netbanking,31,736.53,0
25dcb4dd-9886-466c-a407-38183b3a970b,139.73,2025-01-02T22:05:24,online,18,Delhi,credit_card,24,172.02,0
1265b550-2045-4890-867c-1f78175faa0a,315.18,2025-05-19T14:09:14,dining,37,Kolkata,credit_card,28,54.47,0
a879c064-9d97-43eb-9ee9-492cd5200429,1565.46,2025-03-15T09:23:38,electronics,42,Chennai,credit_card,22,377.37,0
92582ddd-fbfb-47a1-ba92-1c051ae18c42,330.8,2025-08-04T10:43:41,grocery,51,Lucknow,upi,26,352.38,0
bfa88b2c-082f-4c54-9813-94b6d0e26208,343.83,2025-08-09T04:03:50,other,39,Chennai,debit_card,17,190.25,0
5dbac140-782e-4684-8031-7bb9969f78c2,450.17,2025-05-16T18:34:34,entertainment,48,Pune,upi,27,230.59,0
b64ac2b6-b36c-4ad7-b218-4e9872d57ccc,287.66,2025-03-13T09:31:53,grocery,18,Kolkata,credit_card,25,441.21,0
73930c52-5fbf-4511-b034-1d86aa0f09e1,440.37,2025-06-30T22:20:44,dining,41,Hyderabad,upi,24,303.05,0
d7af5c04-ea88-484c-8406-d6e441b61471,223.72,2025-06-25T10:25:54,dining,36,Lucknow,debit_card,22,167.42,0
6b419ce1-cc74-4b92-beb5-97830507196a,1002.17,2025-02-09T00:48:54,other,43,Delhi,netbanking,32,1301.61,0
238387c7-ec81-40c0-ab2d-a0131f032a29,149.47,2025-08-12T23:03:48,grocery,32,Pune,credit_card,32,63.56,0
b81d19b7-de0f-4885-be0f-412cadfcb5d8,177.43,2025-01-18T04:54:50,dining,42,Kolkata,upi,32,168.76,0
c65d424e-5a25-4a60-9133-9d3c02ebcc3b,327.09,2025-06-09T03:38:56,other,25,Pune,wallet,20,361.31,0
6029a4b0-4917-4d89-9cec-0a138632a303,1140.44,2025-05-18T16:15:36,dining,54,Bangalore,upi,24,263.78,0
57d4828a-d7e4-44ce-ae75-c577018d7102,548.85,2025-08-16T17:34:58,grocery,33,Lucknow,credit_card,24,451.92,0
fc44c331-205b-4b07-9bb4-a45d56dee189,637.68,2025-02-13T22:16:38,dining,33,Pune,upi,31,694.39,0
0bc63ce9-9bef-4a43-a566-13c664f6495f,1183.87,2025-06-12T08:19:37,entertainment,43,Chennai,debit_card,19,1839.99,0
457a676a-ef1c-457a-984f-81710527991a,766.64,2025-08-20T15:53:11,grocery,48,Jaipur,wallet,25,465.05,0
6fde6842-f049-4d7c-affe-2ce408a6863c,246.17,2025-03-13T20:56:53,entertainment,55,Ahmedabad,upi,26,10.0,0
e1ac0f67-1976-4c2c-a8e2-507b80f29447,114.51,2025-01-28T04:50:39,grocery,44,Ahmedabad,credit_card,24,22.65,1
fe50414c-a796-4862-a35d-7a7b8d92fa0e,1207.89,2025-06-02T16:15:18,electronics,23,Pune,credit_card,23,1250.78,0
a3e059d2-2a64-485a-a3b4-4a78f111f9df,219.83,2025-09-20T09:01:19,fuel,58,Bangalore,credit_card,15,135.95,0
565770ba-9ae9-4a4c-9650-58c9f46582df,3619.1,2025-02-27T02:22:19,dining,37,Pune,upi,31,3214.28,0
86f213b8-a328-4696-9aaf-a1726ae2766c,851.83,2025-04-08T02:08:48,fuel,37,Kolkata,debit_card,22,424.14,0
22d939e9-5d2a-4555-8f19-41dfbeb8f55a,741.94,2025-04-12T06:16:23,online,53,Jaipur,credit_card,16,10.0,0
a0306a24-1d1a-4edb-9ba8-b3b9ead93e84,708.79,2025-06-18T00:01:05,electronics,43,Hyderabad,upi,25,647.33,0
5ecff576-6a6a-4915-a62a-b6ec20d89d4a,895.05,2025-03-29T14:00:33,grocery,30,Delhi,upi,30,1092.29,0
49c5d327-dfd5-4ff5-ab87-aa58d80f8490,393.5,2025-03-19T07:55:22,travel,48,Ahmedabad,netbanking,29,191.85,0
46fb1bb0-04c3-4bac-8668-9a5439769b7a,2615.65,2025-07-20T06:21:52,online,32,Kolkata,upi,33,1484.36,0
2b6fd0d8-01f0-4d3b-8744-c6ff525e6424,695.86,2025-09-29T09:16:00,electronics,28,Hyderabad,wallet,20,647.38,0
85fe7b3f-9b03-4629-97fe-6a5874488f35,467.74,2025-06-09T07:41:06,fuel,18,Delhi,wallet,25,560.16,0
4e3f6c2e-2109-4eaa-bac0-b972cae8e7fa,98.12,2025-01-23T19:08:06,online,54,Mumbai,debit_card,25,10.0,0
6c98a715-70b8-413d-8cb9-62ca2a7dfcde,337.8,2025-03-10T06:43:51,online,30,Hyderabad,debit_card,22,86.03,0
b7912fd2-73e1-4f3a-8b4b-6d44afb46c38,158.45,2025-02-15T18:13:50,grocery,55,Kolkata,credit_card,29,126.19,0
e6121ad6-7962-4487-89a4-ac17e7f3bda5,74.65,2025-06-19T08:08:27,other,47,Ahmedabad,debit_card,21,10.0,0
10a8052b-3073-4ca4-9a8e-65366a5aed96,21.71,2025-10-04T11:01:30,other,37,Ahmedabad,credit_card,25,10.0,0
13e4df73-7c34-430b-9080-2b936f70b01d,259.0,2025-05-22T01:35:55,dining,47,Kolkata,debit_card,31,163.63,0
fca14c85-7341-4adf-9212-01674141e042,465.38,2025-09-10T00:18:40,entertainment,27,Mumbai,debit_card,31,338.94,0
2fd2f5cf-9b19-4d0e-89ee-ec8c8c462f2f,548.38,2025-09-24T12:47:50,dining,53,Jaipur,netbanking,24,631.83,0
da4d611c-7cc0-4cda-ad70-291cb6932986,513.76,2025-07-20T05:06:28,grocery,47,Jaipur,credit_card,31,548.81,0
eebe1e30-2073-477c-8885-81afbc92f147,127.47,2025-10-13T21:17:26,entertainment,50,Delhi,upi,27,10.0,0
e77ffdca-68e6-4558-8b40-8bbee0edc727,850.06,2025-05-02T13:56:52,online,30,Delhi,credit_card,35,1156.45,0
f7a94f1f-3ad3-4e5b-9552-9a422d6ba8cf,325.48,2025-08-27T09:58:56,grocery,42,Chennai,upi,22,74.27,0
9d9706c0-9a82-462e-aacd-bd93a5a9119d,415.64,2025-01-27T18:16:54,travel,42,Ahmedabad,debit_card,25,321.04,1
f7aa04a8-68dd-47c3-b16a-e3b3d62e1c67,210.29,2025-01-12T18:36:41,online,35,Delhi,debit_card,31,233.93,0
4d94bed0-78ea-4b8f-a08f-4314d45890c0,160.02,2025-01-02T14:25:23,dining,61,Hyderabad,credit_card,26,141.9,0
218fbf89-d0e4-4f43-9e00-c4beec35dbe2,438.06,2025-05-21T11:21:09,entertainment,23,Lucknow,upi,13,335.49,0
c3e79c7c-fe23-4046-ac89-f2bc8254a337,666.16,2025-01-16T10:24:40,electronics,18,Bangalore,credit_card,17,529.6,0
44d949d3-2317-45c2-93cd-d327e0399ecf,544.55,2025-04-15T20:38:03,fuel,21,Kolkata,upi,21,398.62,0
b0a63a39-d006-4824-a3d4-c4ceccdf1860,1960.19,2025-10-10T23:20:05,dining,49,Bangalore,netbanking,26,1634.5,0
f7cc44c3-baf6-4318-a2bb-1ff866d6f738,1004.28,2025-10-04T22:52:25,entertainment,25,Kolkata,upi,26,512.08,0
89f0771f-43c7-4af8-8e9b-edcc67d2cd44,89.34,2025-02-04T23:44:22,grocery,18,Kolkata,wallet,21,103.11,0
c8df3261-9fc3-4bb1-9b8a-74eed9d46067,2099.22,2025-08-29T07:53:17,online,28,Lucknow,credit_card,27,1750.65,0
435d5b33-2ea0-4c13-b48f-877af4bf7d8d,301.76,2025-07-16T19:46:19,electronics,32,Chennai,debit_card,25,160.49,0
bf570e2d-6e00-49d9-8182-460a54253f39,388.3,2025-01-05T17:44:10,dining,39,Hyderabad,debit_card,22,221.5,0
150f7662-f572-438c-97f7-3c3c12bcc888,119.98,2025-07-22T09:40:44,electronics,39,Chennai,debit_card,22,265.86,0
5a90e325-499f-46d7-b595-c8e7fd791e41,1429.64,2025-02-18T12:30:35,online,37,Jaipur,upi,24,1271.67,0
36e02418-86a9-4311-9ad9-5c95654f205e,775.72,2025-05-22T05:04:22,dining,35,Pune,credit_card,16,474.35,0
6a7689e0-6302-4a28-9a22-d86b47e72e33,594.9,2025-06-06T13:45:57,fuel,26,Bangalore,wallet,25,10.0,0
72c07717-acfe-41c8-b097-c2ec5f08d8d0,3033.57,2025-06-18T13:42:05,entertainment,29,Mumbai,wallet,28,2854.06,0
05d66ec0-7702-4423-82ed-72797913da0c,1361.32,2025-04-02T13:13:04,dining,48,Ahmedabad,credit_card,15,1417.84,0
1e504ec9-5769-4739-9759-46de16efd23c,2661.44,2025-01-05T09:28:31,dining,36,Jaipur,debit_card,25,826.45,0
70be368d-df80-42d2-a3c3-9b9416a6dbb5,205.51,2025-06-04T02:27:37,dining,54,Mumbai,credit_card,25,311.42,0
94ec64aa-a99b-4708-9c19-c072ec236946,13015.3,2025-07-22T17:58:05,online,45,Hyderabad,debit_card,30,12473.88,0
2c0580f7-d5bd-480b-a135-54babf622db2,1628.29,2025-03-07T02:09:23,fuel,45,Hyderabad,upi,22,1621.56,0
4ca1da79-f28c-4d61-9dc8-34e0b2eecd15,131.46,2025-09-19T03:05:53,online,55,Ahmedabad,credit_card,21,167.44,0
984093b3-01df-4d34-9957-d40216d4bee3,428.5,2025-04-02T13:37:50,electronics,47,Kolkata,wallet,21,685.73,0
d10a17e0-c3ee-4ae0-9790-ddbfe4c4fef5,254.31,2025-07-15T18:14:44,dining,57,Mumbai,wallet,27,349.86,0
6b7af995-5cf6-4a5e-8b59-ebab0eea32bd,23.47,2025-06-22T07:28:55,entertainment,42,Kolkata,credit_card,37,52.0,0
bb535a2e-2b1f-4b2f-b458-db21075f4a34,2886.71,2025-05-13T07:59:44,travel,41,Kolkata,upi,32,2420.85,0
df26feb3-38da-4e6b-bbaf-21e5a9316eb9,649.11,2025-07-09T06:28:53,dining,38,Jaipur,debit_card,25,229.55,0
0390c25d-e27a-4d86-bebb-05fcd40005b8,447.63,2025-07-17T02:43:37,fuel,57,Ahmedabad,upi,31,222.62,0
64c87684-a77f-4bf8-9d5a-5f61f8588c3b,272.48,2025-02-28T05:23:22,entertainment,31,Mumbai,netbanking,24,242.09,0
90f6539d-20f0-42c2-ad76-a41f4136229a,852.02,2025-08-21T22:36:40,electronics,64,Kolkata,debit_card,21,887.97,0
232cd995-c1d2-4e8c-a326-6725cd742409,133.23,2025-04-05T08:03:03,travel,33,Bangalore,credit_card,22,163.65,0
d0fa9f69-1d8c-40d5-b629-025372be0f08,142.68,2025-02-22T14:08:05,entertainment,49,Pune,upi,25,348.27,0
706f3059-9205-4514-a09c-0b8a71429437,62.37,2025-09-15T01:59:58,fuel,38,Jaipur,upi,20,173.72,0
cf510388-1ddc-4be2-8d4f-fe4e380e8149,368.12,2025-09-01T01:45:29,online,30,Bangalore,debit_card,22,467.92,0
5d989aed-2075-4d3e-a0c9-182799b8b01b,3513.69,2025-04-15T00:14:42,dining,36,Delhi,debit_card,23,5042.05,0
22b5f410-1392-4a3e-90af-f55e821e3f7f,178.4,2025-10-14T14:29:01,travel,42,Chennai,credit_card,17,166.14,0
aa33e5bc-3999-428b-aee9-c55071142254,2038.57,2025-01-16T09:15:55,grocery,39,Chennai,credit_card,31,1504.11,0
7e13da32-a085-477f-b7df-cda90c463fe0,304.03,2025-03-28T19:01:34,online,27,Ahmedabad,upi,23,203.91,0
e820ab3d-623d-4a04-a2a6-593f08a5cd95,281.19,2025-07-22T00:04:14,dining,69,Delhi,credit_card,27,192.71,0
429c976c-bf66-47bc-bc2f-177f736b5377,95.55,2025-03-18T20:34:03,online,29,Pune,debit_card,23,36.85,0
e1f2682e-fb59-46fd-903e-a98195dc303f,225.65,2025-08-27T21:14:49,fuel,61,Mumbai,credit_card,25,82.57,0
c6a3a43b-7d5b-4141-b61f-53bb56cc0a0c,510.19,2025-03-25T05:33:38,travel,33,Lucknow,upi,29,389.92,0
530aa3d6-c223-46b9-abd5-8823d4fdd6d7,135.28,2025-01-27T03:59:43,other,26,Ahmedabad,credit_card,19,90.27,0
33aeed30-501d-4efd-a9b0-b58c10908d7b,1069.94,2025-03-28T06:49:23,electronics,29,Ahmedabad,netbanking,23,592.47,0
34c53133-da37-40a9-a4da-a6d4766757c1,1727.97,2025-01-14T23:44:52,electronics,38,Chennai,wallet,18,2252.54,0
6292161a-a8f7-4167-9463-3959741d9adc,893.52,2025-07-06T05:45:15,dining,30,Delhi,wallet,29,611.96,0
133d6a5a-8a4c-4263-a0e0-1a12c2e38f0a,158.29,2025-09-16T21:51:45,entertainment,35,Chennai,upi,25,179.95,0
52a5e1b9-9898-4274-b554-a52e2b5ceb0d,254.56,2025-08-25T04:24:53,dining,42,Kolkata,netbanking,27,193.02,0
bee40d11-ca7f-4246-b086-d46c5daf3d97,41.86,2025-07-07T18:12:26,grocery,21,Kolkata,netbanking,15,10.0,0
558c2fd1-65c5-4728-9bc9-82d96c29e2ae,485.24,2025-10-02T00:15:54,dining,31,Delhi,debit_card,22,184.37,0
900e85aa-e475-4a2c-b33b-e872d6f8df95,148.24,2025-06-26T17:16:13,electronics,38,Jaipur,upi,11,201.78,0
6fbd1153-bdda-435e-8c89-1d4324391bf1,450.37,2025-07-06T06:07:02,dining,48,Bangalore,credit_card,32,236.55,0
e48ccd15-d3e2-450a-82b5-0f4e833d7095,1164.93,2025-05-09T09:28:22,fuel,26,Kolkata,netbanking,16,114.23,0
01b070dd-f6da-4bf5-a955-8dcc224ea214,493.39,2025-03-03T01:15:28,travel,34,Lucknow,credit_card,32,441.37,0
633fa72d-7f67-4270-9071-8447501410d1,189.08,2025-08-22T12:49:58,travel,43,Mumbai,credit_card,22,145.66,0
5c79ecd3-8629-43b3-9571-48c30732f2f1,583.33,2025-06-28T01:46:59,online,30,Ahmedabad,credit_card,34,149.6,0
246f4f82-3f7c-41f1-ab73-526e245a3b47,162.45,2025-07-29T09:44:28,electronics,29,Jaipur,upi,25,136.27,0
4b204195-f1ee-4e94-bed5-2f3bf27fa1ef,40.7,2025-07-01T04:06:36,travel,50,Hyderabad,wallet,16,68.75,0
29c73572-099a-4fd1-abdd-f12dd27a26f7,70.99,2025-03-28T13:23:07,electronics,22,Hyderabad,debit_card,31,59.44,0
1104d3c9-7528-455f-9f41-e1c18f5f26b3,7144.51,2025-08-12T18:03:58,electronics,32,Lucknow,upi,18,3511.11,0
a1638aa2-414f-4bec-ad8d-22edd4c79b01,1345.89,2025-05-05T11:56:57,fuel,19,Lucknow,netbanking,25,1383.4,0
081619a1-a023-489c-a6a3-05208e72e4d9,795.3,2025-08-05T15:47:40,grocery,57,Bangalore,upi,23,413.64,0
15248448-a75a-49e5-bcc4-af1538eee2c9,565.53,2025-03-02T03:21:47,electronics,21,Chennai,credit_card,25,111.08,0
50057cd4-452c-4ac8-9018-8f9d625e5fb6,1676.12,2025-09-17T07:43:47,grocery,19,Lucknow,credit_card,26,563.05,0
a3bfd53b-4fd7-4a53-9fe3-46b07faaeebd,518.83,2025-05-27T13:19:44,online,31,Jaipur,credit_card,35,109.65,0
864fed39-2749-4a77-8bca-1035d927da0c,1522.0,2025-08-02T21:47:51,grocery,37,Hyderabad,credit_card,24,1219.87,0
cc585980-2674-46de-ab1c-120cd6dc4403,41.82,2025-02-21T09:39:42,grocery,52,Pune,debit_card,27,27.2,0
7eceb01f-e723-4313-9ce0-57558720c51e,744.06,2025-01-25T19:36:11,grocery,41,Pune,debit_card,25,584.5,0
7c693839-e4dc-4954-be5f-9e6c558e2307,213.37,2025-02-15T00:04:27,online,26,Bangalore,debit_card,29,198.42,0
aff80b7f-c991-4842-b132-d1c73b9f9c17,79.79,2025-05-03T03:20:56,electronics,23,Kolkata,credit_card,27,114.17,0
1f674c74-56c6-4897-b8e3-272674bdfb15,354.69,2025-08-08T15:28:45,online,18,Ahmedabad,upi,27,259.73,0
0ab80c34-d2b3-442a-b1c4-e59f5e8ff351,1887.84,2025-04-11T09:40:16,travel,30,Lucknow,debit_card,19,2054.06,0
4beee371-107e-4e19-bb17-df4287e39b10,1502.97,2025-06-18T22:09:18,fuel,37,Chennai,debit_card,21,457.46,0
2a18dcb8-f631-4f30-992d-28b7310d3122,144.47,2025-07-10T04:33:45,grocery,22,Hyderabad,wallet,21,10.0,0
ee36b8d1-a3a8-418c-8b23-23a84ea644c7,77.83,2025-04-04T08:07:22,travel,55,Lucknow,upi,25,149.34,0
07f98d02-183b-44dc-ada4-1d94d78f5f89,68.72,2025-10-09T23:59:16,fuel,42,Mumbai,debit_card,31,49.97,0
fb3530d9-0911-468e-8666-1e25f4ecfbe6,48.73,2025-06-15T19:25:32,fuel,35,Chennai,credit_card,23,10.0,0
681d15a4-5f3b-447c-8a96-856f401485b0,377.11,2025-02-07T06:23:45,grocery,35,Ahmedabad,credit_card,23,482.58,0
83bfe69e-dbea-4640-a5cc-cd9bb9e7dabb,345.12,2025-10-19T14:59:36,electronics,20,Jaipur,debit_card,25,442.12,0
00b56848-e477-4a71-b9f2-fafb69da7c45,39.83,2025-09-04T22:33:50,entertainment,27,Chennai,upi,28,34.11,0
6bbf6524-729f-4922-86f7-68b670260926,214.82,2025-03-21T04:47:26,dining,33,Delhi,netbanking,19,54.95,0
b1b1f8b5-cf59-4bc2-bb19-6b17a31f336d,377.28,2025-04-30T05:26:38,grocery,43,Hyderabad,upi,18,366.5,0
79934dee-34d6-400d-80c7-d9b8fe1600d9,1365.59,2025-07-31T13:01:32,fuel,34,Bangalore,credit_card,30,1489.08,0
3f10118c-7103-45a5-84cd-454040dd0ac6,767.24,2025-03-21T13:32:16,travel,68,Delhi,debit_card,31,515.13,0
b9836206-6b44-421d-b670-d07e7ead9faf,644.46,2025-05-29T04:57:23,online,27,Hyderabad,credit_card,29,453.81,0
bede6cc8-b6dc-4f7f-91bc-34910a51f3d2,486.08,2025-10-16T05:36:23,fuel,31,Delhi,upi,18,392.89,0
314193fd-826d-4b10-a407-41d0b8915f08,59.02,2025-06-04T20:10:30,fuel,27,Chennai,credit_card,15,10.0,0
87684d07-c045-4001-8e33-8d28112be614,88.97,2025-06-18T22:35:41,dining,27,Chennai,credit_card,25,100.18,0
54870550-8955-4d88-8063-61cbeccdca48,583.62,2025-04-18T00:33:55,electronics,19,Jaipur,credit_card,18,855.84,0
8968e46d-09fb-4669-bc5d-85c1e54f8a42,832.77,2025-08-16T23:33:52,electronics,57,Mumbai,netbanking,21,1212.78,0
82923d16-9d5e-4656-8be4-9bccad120617,245.19,2025-05-18T22:11:02,fuel,45,Kolkata,upi,32,309.07,0
1902c4ef-c3b6-4f63-b0ec-fdb0a8509845,245.38,2025-04-02T17:56:29,fuel,42,Jaipur,wallet,37,412.15,0
f212ddaf-f986-4041-b510-bb7ea4f95b92,1030.03,2025-03-15T11:51:50,online,48,Ahmedabad,wallet,21,809.37,0
4fa25157-09c8-4862-89e9-160dc863620a,887.57,2025-07-07T23:16:47,travel,51,Hyderabad,credit_card,23,494.66,0
a90bfcbc-988b-4184-a0f7-deea3e976a0b,193.44,2025-02-28T22:24:13,online,59,Jaipur,netbanking,18,89.78,0
24b26b49-e423-4917-815b-e9df52e8f5fd,324.79,2025-07-29T09:14:38,grocery,18,Ahmedabad,credit_card,25,189.96,0
92cd2e7e-3a09-4e62-915c-f8d107c3721c,802.92,2025-03-16T08:46:53,entertainment,40,Mumbai,upi,39,324.79,0
9a7fd9dd-3116-4a17-a4b1-91f6b3115855,174.23,2025-06-04T23:44:34,online,25,Lucknow,credit_card,28,96.7,0
27acac3e-a9d5-4c29-a106-1db0e7bdc873,913.62,2025-07-30T10:06:38,online,41,Mumbai,upi,27,730.71,0
873327c0-c16d-4979-8cc0-b95fd94455e3,192.99,2025-01-15T19:42:19,grocery,50,Jaipur,netbanking,23,61.95,0
562ecd58-50f0-4b9a-a837-18cb35cfdde9,1251.85,2025-09-25T12:23:25,fuel,19,Chennai,wallet,20,554.65,0
614b8d67-a152-43d5-844f-04e3acac8ad0,277.91,2025-04-20T05:53:55,fuel,34,Kolkata,netbanking,27,191.51,0
9fb0f669-f56b-4b7c-87b8-282533740d73,1446.02,2025-04-13T09:12:28,online,77,Jaipur,netbanking,20,1408.15,0
b73370fd-389c-4f64-a39f-a4a306080614,24.16,2025-09-14T13:11:30,grocery,28,Hyderabad,credit_card,31,10.0,0
eec07782-aa0f-4ba5-924f-75fe8391cde4,391.62,2025-09-04T12:58:13,electronics,29,Mumbai,upi,18,384.16,0
ed881f02-e1f6-45f9-b6c1-b7440dc4133b,206.03,2025-02-15T23:49:12,travel,39,Lucknow,netbanking,20,10.0,0
75bb33c2-39ed-4203-9c3c-57b5883b623b,416.73,2025-01-26T21:23:42,fuel,56,Chennai,upi,26,108.7,0
f66fa1fd-f350-4d14-9a9c-a15683ec7664,261.53,2025-08-20T09:31:37,fuel,31,Pune,credit_card,22,117.54,0
4b6d5f6f-d1d0-457e-b4f2-1939e76446e6,279.35,2025-04-04T02:18:49,dining,18,Bangalore,wallet,27,206.88,1
9f0895e6-43c4-47b1-8160-062592d5bf7a,299.64,2025-01-09T13:14:04,other,44,Bangalore,credit_card,30,298.21,0
05495c94-c57e-4587-a956-6749476138b9,59.11,2025-06-22T11:30:42,grocery,37,Hyderabad,debit_card,25,54.95,0
78320f27-7820-4e82-b77e-370eea3b40fe,601.08,2025-09-12T11:00:40,electronics,56,Mumbai,debit_card,24,279.92,0
92d98930-5f7d-4b2e-9110-e05731d2da75,599.11,2025-05-08T06:35:30,electronics,33,Lucknow,credit_card,18,688.56,0
9352d9bf-5af3-4f82-833c-fb7e0ae5a470,199.7,2025-04-16T18:48:09,online,41,Chennai,debit_card,13,223.02,0
274f0f52-21be-4a43-bb52-6ac0fd5d9975,492.66,2025-01-06T22:59:55,travel,44,Ahmedabad,wallet,20,715.89,0
58953489-4777-42dd-b9e6-3b0845f2a29e,190.26,2025-07-16T22:08:44,grocery,45,Hyderabad,debit_card,35,184.17,0
1d797d75-57e0-4d54-bf56-326ce243846e,130.61,2025-03-08T23:04:55,travel,25,Lucknow,upi,21,20.45,0
3124c069-1a07-4c59-9f80-8b50240e35bf,2218.9,2025-02-15T08:19:52,grocery,37,Pune,netbanking,24,1040.78,0
8fd46987-1108-4eeb-b454-1db0eacf0f56,3769.71,2025-08-12T19:51:59,electronics,45,Pune,credit_card,20,1311.08,0
ad630824-889d-4781-bee3-b0bfc44fae52,550.14,2025-08-15T12:26:36,other,30,Hyderabad,credit_card,31,407.1,0
5cd1d580-0c3d-4df0-880d-391506b5ae93,1458.56,2025-04-18T06:34:56,grocery,22,Ahmedabad,netbanking,39,715.01,0
5169b731-6634-4f49-a9b9-4cd977508a55,318.82,2025-10-15T09:53:27,other,32,Pune,debit_card,25,10.0,0
4e4c915b-7510-4d4e-b03e-76e41df968c6,268.52,2025-04-25T19:40:23,grocery,39,Chennai,credit_card,20,109.76,0
6d474a94-9916-4add-9cd7-65b2dc143265,770.54,2025-06-15T22:36:21,online,34,Hyderabad,credit_card,24,295.23,0
4e3c283e-15c0-47af-824c-912c4d1449ef,873.63,2025-04-25T04:38:23,dining,31,Delhi,credit_card,26,1079.6,0
6b899431-117c-4288-8809-216a574096f4,474.04,2025-08-05T22:29:34,online,18,Jaipur,upi,25,78.86,0
5594ca87-5e96-4094-92b7-f22bb99dd58e,515.23,2025-02-27T00:33:12,grocery,55,Pune,wallet,23,191.21,0
7254ad91-e994-4898-8505-b7640dfd7d9e,876.83,2025-02-07T14:51:32,online,18,Chennai,debit_card,19,717.58,0
23a9de98-a798-427b-a5af-b5cb55b89b23,517.74,2025-02-14T03:29:44,online,46,Pune,debit_card,24,307.39,0
f0d862cd-5ad3-41f3-a94a-2d9fe20b973d,215.58,2025-01-05T07:25:15,dining,24,Delhi,credit_card,31,346.79,0
46813422-418f-4b07-b988-18a32cab4da3,695.11,2025-04-20T16:35:32,electronics,55,Lucknow,credit_card,32,504.71,0
ecb9ce5c-98a5-4808-a201-18e7a64c84e3,364.3,2025-03-05T16:42:10,electronics,36,Pune,credit_card,22,202.56,0
4c3c749a-32e6-424b-ac6f-f3071f25792b,992.61,2025-10-11T02:29:14,other,36,Kolkata,credit_card,25,303.66,0
600e38cd-242b-4fa8-acd1-6c5047dfbc51,720.97,2025-04-07T06:30:23,entertainment,40,Chennai,upi,28,318.26,0
ca2b8e7c-4275-42e3-8080-a596185bd860,50.25,2025-03-13T02:46:51,entertainment,38,Bangalore,credit_card,17,92.97,0
a52e2386-cee7-4be3-b4a5-03ec5fe77119,159.7,2025-04-02T03:38:34,fuel,27,Kolkata,credit_card,31,93.27,0
8026c499-f397-460d-9b46-9bc906a89409,233.96,2025-04-07T18:19:19,dining,42,Bangalore,netbanking,28,23.35,0
bb723313-8e2f-4fa6-a874-077863161699,319.66,2025-07-12T14:14:23,online,44,Mumbai,credit_card,26,10.0,0
a0c93dc0-cc29-44eb-9724-22df672c8f1a,491.77,2025-07-31T22:57:55,entertainment,34,Jaipur,credit_card,24,310.58,0
e7711215-ab70-4568-99d8-489df7ddb2c8,407.34,2025-03-13T16:28:55,entertainment,38,Lucknow,wallet,34,415.76,0
e10c25fe-50ab-40e7-b267-1a5c979b2698,340.79,2025-02-03T15:48:10,entertainment,52,Kolkata,upi,21,402.94,0
b7656787-e3e2-422b-8e76-f6580202d9be,138.65,2025-06-18T23:42:31,fuel,56,Bangalore,netbanking,22,67.34,0
0ed64bd5-1b88-4914-b0a0-502998c17fb5,158.91,2025-07-24T04:16:58,online,39,Lucknow,netbanking,23,293.47,0
39a824ac-2a25-49aa-b158-8f9b3d74b31c,854.62,2025-06-09T23:38:56,fuel,33,Jaipur,upi,24,335.04,0
c714c3c0-403b-44c6-ba4c-af4253e67ce1,182.05,2025-02-09T05:27:58,electronics,47,Pune,upi,21,217.29,0
4174b0f6-2226-4377-844f-ccc9f662dbb1,185.07,2025-01-27T22:47:39,online,41,Mumbai,debit_card,22,321.44,0
d65ddbee-0474-4eca-af8e-02743db7012d,442.97,2025-06-17T01:57:02,electronics,18,Chennai,credit_card,30,10.0,0
1123bf30-2e32-455f-bd27-2e9ff3fff2cb,911.02,2025-08-06T06:45:16,electronics,36,Mumbai,upi,18,1117.04,0
99c9af54-5f67-48e9-b9fa-9769b85fc6b7,3590.23,2025-04-17T03:51:18,fuel,19,Pune,debit_card,17,3018.52,0
75fa8cdc-6110-41a0-b014-b8cbde61ddc4,403.66,2025-06-29T16:14:55,electronics,35,Mumbai,debit_card,27,339.23,0
3c207f39-dfdb-450c-8df9-9a02482fefe7,1999.01,2025-05-02T19:57:29,travel,44,Pune,credit_card,27,2122.79,0
db73fd5e-8ba6-4129-b5b0-c18045bd0ddd,1052.75,2025-03-11T02:32:57,fuel,23,Chennai,upi,19,1118.51,0
7cd306f2-b709-4370-9986-8e02164817c5,58.58,2025-08-10T23:08:21,online,36,Bangalore,upi,21,152.01,0
04343a1d-ddb3-4445-915e-a17b5db25f64,147.88,2025-02-02T03:16:27,grocery,35,Pune,netbanking,20,161.23,0
124c3c0c-5429-41b7-83b7-8519008691a8,50.08,2025-07-23T23:17:12,grocery,37,Lucknow,debit_card,27,10.0,0
e734ef88-9d3e-4ae0-8c2c-4193016ddaa6,46.19,2025-09-30T03:07:21,grocery,25,Kolkata,debit_card,27,16.35,0
51857d00-c5aa-49cd-9b71-596152e8892b,1057.41,2025-09-17T15:17:37,electronics,36,Jaipur,upi,34,1007.94,0
65ef4cdc-717d-4370-9549-cb6e1d503d78,411.22,2025-07-16T12:40:02,grocery,47,Kolkata,credit_card,23,528.02,0
5068ffe5-0b53-40f5-877d-edb43a07bf11,273.95,2025-04-07T22:31:28,entertainment,29,Mumbai,debit_card,36,126.63,0
84c77b3b-85dd-4b80-885a-9054db53f3f5,216.22,2025-09-27T11:57:24,grocery,18,Jaipur,debit_card,24,171.17,0
71c6bacf-e1bf-4947-9dd8-b41487a2f434,1086.23,2025-07-20T01:04:22,grocery,18,Jaipur,debit_card,28,1046.63,0
7968d46c-945b-4223-a8f6-1791e5c3a942,328.6,2025-09-23T04:49:49,fuel,41,Pune,debit_card,14,98.62,0
3a13431a-c552-4a41-89f6-f9bb5e9e7567,272.5,2025-04-03T18:05:03,electronics,46,Pune,debit_card,24,163.31,0
c732da03-0c93-4cbf-aeee-6510d6b06ba9,641.58,2025-05-12T08:51:22,electronics,29,Ahmedabad,credit_card,17,350.07,0
36d7d042-82ca-49be-b8b6-3a46888e60b5,52.94,2025-01-22T11:08:32,online,44,Hyderabad,credit_card,19,10.0,0
e2eb2c1b-be0a-412e-8b62-3414805896d1,159.3,2025-09-12T05:38:32,online,47,Pune,credit_card,22,61.3,0
0db9f6d7-739a-4392-86eb-0b853ef73512,45.64,2025-06-05T01:35:08,travel,35,Pune,credit_card,26,10.0,0
5401301d-1a0c-4cba-95c4-dce9250fe367,2771.11,2025-05-24T19:03:37,grocery,41,Kolkata,credit_card,28,2429.99,0
39a9723f-a53b-49e2-b6db-f7d5878477d5,307.05,2025-10-14T00:07:30,grocery,46,Hyderabad,credit_card,18,382.39,0
a6fcece4-8d18-46a7-a0fd-1bc4b3d31497,195.91,2025-04-19T02:00:57,electronics,41,Ahmedabad,wallet,28,271.81,0
078d4cb3-105c-4e76-beb1-35a3863c76b3,125.98,2025-05-24T02:44:49,electronics,28,Hyderabad,wallet,27,10.0,0
6cf251fd-ff85-4232-981e-2d7052787c4a,912.17,2025-04-21T06:29:49,dining,35,Hyderabad,upi,26,924.25,0
143c65c1-79a5-4042-b58d-ad5b848a922e,167.59,2025-10-26T05:52:11,grocery,35,Hyderabad,credit_card,22,223.78,0
251a3f74-6d47-4ccc-ae03-e22febf9840e,258.28,2025-09-26T10:08:13,fuel,18,Mumbai,netbanking,29,220.36,0
63ac7de7-e4b2-4d00-b261-ec340671e1e4,176.55,2025-02-25T16:50:04,grocery,30,Ahmedabad,credit_card,19,144.06,0
6551eb58-1a05-454d-ab5e-f73da60394e4,2020.65,2025-06-22T06:29:35,other,40,Kolkata,upi,27,1695.71,0
0d4d4bb7-e661-4462-9342-fcf54fa23314,586.16,2025-06-11T01:54:33,fuel,35,Chennai,credit_card,17,459.44,0
5659f74d-9b44-4142-b58c-86f747151da6,65.64,2025-09-04T18:45:26,online,26,Lucknow,upi,30,18.51,0
b482bbd6-bebf-4dd6-9153-86d49f488925,722.84,2025-01-15T06:58:00,electronics,40,Delhi,upi,23,620.85,0
0e62115c-6f4b-458d-ab86-f67b15e6b4e7,751.07,2025-01-18T22:53:29,dining,44,Kolkata,netbanking,23,245.13,0
2ae14c07-473d-46d9-a396-5c5cbe933d22,438.0,2025-05-17T18:54:37,online,46,Hyderabad,debit_card,34,430.73,0
e5dffc5e-d823-4817-ace2-210b94e71cb5,137.44,2025-04-13T06:00:33,grocery,33,Chennai,credit_card,25,161.09,0
c6c60a0d-d06e-4330-95e6-0da610c541f2,117.71,2025-01-13T20:09:13,online,30,Lucknow,credit_card,22,70.99,0
6ed0f389-11fb-453b-93c7-5299ac48b826,46.53,2025-08-04T17:32:04,online,27,Chennai,credit_card,22,71.86,0
1ea5192f-ab13-435b-9866-3034a4b069d8,4579.06,2025-06-27T04:00:01,grocery,51,Jaipur,wallet,28,3277.4,0
adb20d7c-e50c-4675-acff-e1cfec77165b,63.54,2025-09-30T04:03:52,electronics,34,Mumbai,netbanking,29,94.47,0
ee865d2c-1a4f-45ff-9221-e3b4e164d22a,141.33,2025-03-17T11:26:37,other,29,Pune,netbanking,20,112.04,0
3fa55f44-d43f-411d-a51f-08f943d7b8ef,338.13,2025-02-16T14:40:03,online,47,Pune,upi,22,602.06,0
b0000a91-9c30-408b-90d4-33c4e60feabf,45.87,2025-05-18T21:53:06,fuel,34,Delhi,upi,24,18.91,1
5aada306-82ca-4c86-9aa6-2dede9f1e7f4,359.39,2025-04-28T23:56:06,travel,22,Bangalore,debit_card,24,391.11,0
63bcf119-4e83-4c37-9ebe-cf07ba44497b,280.18,2025-09-10T16:06:25,grocery,37,Delhi,netbanking,24,177.48,0
ff662468-ddc1-47ec-91cf-24d59319070f,82.63,2025-07-10T06:52:24,electronics,45,Jaipur,upi,30,117.1,0
a30b94f5-b1ec-4a0b-b194-a105d9980a0a,136.56,2025-03-04T10:56:43,online,47,Pune,debit_card,28,270.25,0
73ab9258-4117-4fab-99e4-cb9dcbceccb4,687.96,2025-06-29T12:19:33,fuel,50,Pune,netbanking,17,810.53,0
011fc737-4df5-4cf2-8524-3efa2713b3d1,387.88,2025-02-27T19:52:07,dining,31,Kolkata,credit_card,31,10.0,0
a1abcf82-e84c-4969-965d-3b05fac50e35,66.53,2025-09-21T01:09:01,other,41,Kolkata,debit_card,21,72.98,0
22997eab-830d-4f15-88f4-20b5ebb4af40,505.03,2025-09-11T04:47:52,entertainment,34,Kolkata,upi,29,538.66,0
888af75a-b2f9-42b7-8f9e-cbab23ceee67,197.45,2025-08-18T12:15:58,electronics,34,Kolkata,netbanking,26,338.49,0
598b98c6-8016-46a9-87ff-545f1040be53,1007.2,2025-04-23T10:35:30,online,44,Lucknow,upi,21,714.15,0
7e8a285d-a069-4231-83fb-d11b78d3db54,328.49,2025-07-19T08:55:54,online,52,Bangalore,credit_card,37,251.12,0
f9a636b2-6bc3-4abb-ba18-f23ebcb3f182,205.7,2025-09-13T16:32:19,dining,69,Bangalore,credit_card,23,86.67,0
ff938ce4-3a24-43a8-91f7-0241373c0cee,448.42,2025-06-17T07:28:55,fuel,18,Pune,wallet,21,98.83,0
4489ac95-87af-4643-ba2f-bf409ce547cc,166.79,2025-01-08T21:35:24,electronics,35,Chennai,upi,29,272.64,0
f984db74-3160-4c29-a61d-bf4c42614257,4955.87,2025-06-08T17:33:33,entertainment,18,Bangalore,credit_card,20,3978.98,0
beb7faea-4a96-4e13-90ed-a52456e9b9a1,400.03,2025-08-28T10:30:31,electronics,38,Kolkata,upi,17,623.9,0
8815d581-2628-4922-aca7-2dd314d764aa,172.54,2025-04-24T15:54:14,grocery,41,Kolkata,upi,25,269.31,0
a4e29b14-0571-45ff-b8c6-e020d56f73ae,894.44,2025-01-20T19:56:32,fuel,30,Jaipur,upi,29,484.89,0
995eeb26-f69c-41b3-8914-d299bc14776b,188.68,2025-03-16T05:02:39,entertainment,45,Chennai,upi,22,171.18,0
d7d9f212-70b9-4545-9484-5b58a6a7190d,463.34,2025-01-30T02:57:43,online,47,Mumbai,credit_card,24,167.35,0
43e7d64f-85da-4ba8-8f1f-49d408f1c385,232.1,2025-03-28T02:54:59,grocery,37,Delhi,upi,19,310.2,0
7c2921b8-db00-43d7-b097-04139a4ce526,377.06,2025-07-08T15:51:02,online,30,Kolkata,credit_card,23,171.53,0
fa4fdafb-14a9-44e6-8d05-a389ab3c5acc,313.54,2025-07-03T12:48:50,grocery,60,Delhi,debit_card,18,288.63,0
7444a940-704c-4243-af7a-f8eefab992db,110.96,2025-10-23T09:11:59,entertainment,44,Bangalore,upi,28,90.33,0
d9ef8eb5-f390-4a12-a521-5045af5c82b6,100.99,2025-04-22T23:41:02,grocery,45,Mumbai,netbanking,23,202.52,0
87b78eeb-ce8f-4caa-b7ce-cc3307d06695,1333.87,2025-07-20T14:48:42,online,26,Hyderabad,debit_card,23,1295.36,0
2ae86167-0072-4f93-bda0-a3572ed8e992,138.77,2025-07-20T04:27:55,online,58,Hyderabad,wallet,25,183.95,0
24ba9d85-da51-40b4-96f9-1bfa7d78172c,509.63,2025-08-14T22:44:16,grocery,38,Ahmedabad,netbanking,15,136.76,0
3d630c47-87f2-46d3-9bd2-c1088fc0e9a5,478.35,2025-08-16T22:54:15,travel,41,Kolkata,netbanking,21,444.72,0
ec454f89-f182-4bcf-afb3-c12930879c12,741.29,2025-03-14T22:34:36,entertainment,52,Pune,upi,18,187.11,0
3a44844d-2170-4449-9c11-d71bb647006c,418.4,2025-07-22T05:43:49,grocery,18,Delhi,netbanking,27,227.0,0
b9908fc0-e73f-46bc-bc76-169442369541,158.81,2025-06-11T23:34:08,grocery,41,Delhi,netbanking,19,45.9,0
51664733-fada-449c-9008-3dd1aee727a8,850.63,2025-08-15T11:34:55,online,41,Kolkata,wallet,19,699.32,0
f21d9f15-41d5-442b-a0f6-10e90ddde336,1092.03,2025-01-23T21:15:59,dining,24,Mumbai,wallet,22,176.57,0
365acac9-8e05-4ab2-8f46-01009d4ac082,1212.5,2025-05-12T15:18:16,electronics,29,Lucknow,upi,22,806.37,0
adb4e6ad-8f99-403c-a477-56dc1f2a26af,949.96,2025-01-04T11:15:41,travel,37,Delhi,debit_card,30,664.79,0
c752c0cc-140a-4237-9154-a06c2e5c36b2,1938.87,2025-01-19T04:13:03,electronics,26,Lucknow,credit_card,23,1649.25,0
ab8f693a-2065-4e5f-8f59-851878ca1a5c,1329.18,2025-09-29T12:49:31,dining,38,Chennai,debit_card,26,1119.89,0
bd5044a1-fd2c-4240-860a-ecc9ea8f7af8,876.99,2025-02-19T03:34:24,electronics,41,Mumbai,upi,21,665.95,0
aca14c9d-e83b-4281-93c4-796cafc237bf,167.07,2025-02-01T04:04:27,online,20,Lucknow,upi,25,62.67,0
572a7c5c-9a9f-44c9-9487-2864d5dd8cb7,304.39,2025-04-21T09:24:06,entertainment,46,Kolkata,netbanking,26,202.42,0
3f7a234b-a744-432d-8f94-3afacfd54186,233.19,2025-05-19T08:01:45,fuel,39,Kolkata,netbanking,35,10.0,0
0d44e6df-efe5-4fc6-b201-c404005377bc,292.84,2025-01-09T21:50:03,dining,18,Pune,upi,21,343.15,0
6559c817-d4e9-47f2-b91d-215e32e1d93e,139.8,2025-06-19T15:07:10,online,38,Bangalore,credit_card,26,307.59,0
f6803fa6-3c46-4e9b-88f7-39d9a2aa94d3,627.52,2025-01-05T09:01:30,online,61,Lucknow,netbanking,37,146.56,0
78a174c0-dc52-4a19-a442-8192507795b1,1377.36,2025-09-24T07:15:45,dining,21,Mumbai,netbanking,19,1570.08,0
11d7b51b-e8d4-4933-9849-5aaccff55637,140.11,2025-04-08T08:31:44,dining,27,Lucknow,debit_card,24,163.53,0
ece27939-c524-4212-9476-7ff8156b7f6d,171.21,2025-03-15T04:31:56,grocery,20,Delhi,upi,27,360.3,0
abe29018-3d23-44f8-abba-9da19a4d58b1,1365.91,2025-10-02T19:34:18,online,20,Pune,netbanking,17,1206.63,0
f4f01f5e-d521-4c36-a394-12fac70a0e77,224.46,2025-02-07T14:08:23,online,55,Delhi,debit_card,26,127.44,0
f7203a28-0018-4092-86c2-7157d2f4ceb1,349.95,2025-05-20T07:24:25,online,21,Pune,credit_card,21,352.82,0
1b1ef910-7c45-484f-840e-ed4890ead117,655.8,2025-04-12T10:38:15,grocery,40,Pune,wallet,25,163.7,0
e911d0ad-799f-49fb-bf3b-95f8814ce728,466.21,2025-09-21T16:29:10,other,48,Ahmedabad,credit_card,23,202.7,0
a115aeee-da83-43eb-9688-23d3a5b5dd1f,520.75,2025-02-25T00:38:14,online,64,Kolkata,credit_card,28,337.39,0
adab9e78-cbd8-4260-b922-58f75cb7a2de,61.57,2025-01-13T19:43:38,grocery,43,Hyderabad,credit_card,22,130.39,0
00fdbdb9-4eda-4022-bdf4-c1dd46ab4a4a,91.21,2025-02-13T08:39:38,online,32,Mumbai,debit_card,27,37.59,0
0f17321f-278e-4d6e-b6ea-b58e2941b728,2657.29,2025-07-08T00:01:27,electronics,39,Lucknow,netbanking,25,1999.32,0
c6782a17-5f9a-4492-8199-d47ef1c95465,2234.95,2025-02-10T09:46:01,dining,45,Pune,debit_card,29,1205.12,0
a61345af-8649-4f4a-892d-0955b5c31d6d,623.95,2025-07-21T07:09:39,electronics,43,Kolkata,credit_card,23,532.16,0
94fa1df0-8f66-41ef-bc2f-72187a8671ed,106.97,2025-04-04T14:11:35,grocery,30,Mumbai,credit_card,26,157.46,0
139f979c-a51b-44aa-946c-24ad4fbeaa60,448.15,2025-03-06T20:10:49,online,18,Delhi,credit_card,27,292.2,0
e6127221-0ddb-4338-a096-32f69e167a33,309.2,2025-04-25T01:20:16,grocery,38,Bangalore,wallet,19,425.3,0
5402b7fe-fcd8-4091-bd8a-509024a11b49,863.45,2025-10-10T13:38:45,grocery,18,Lucknow,credit_card,35,300.6,0
f2c1ffca-b74e-46ee-ac53-eff62deb89bc,1889.34,2025-10-07T05:05:10,grocery,32,Hyderabad,upi,20,1559.92,0
2a6bba27-13f3-45f8-a002-87a25cff1c31,120.93,2025-05-20T04:32:34,dining,52,Bangalore,credit_card,17,160.65,1
1dec2c85-6443-41a6-a2fd-e0352424d64a,272.6,2025-09-07T17:56:42,dining,29,Chennai,credit_card,26,156.33,0
2d0bfa8d-6806-402b-bad2-bc8d0c114584,615.47,2025-05-31T05:30:45,entertainment,48,Ahmedabad,credit_card,35,208.27,0
3abde5e8-b334-4edb-9fa5-2be6f7f77601,41.21,2025-04-04T12:31:02,travel,48,Kolkata,netbanking,29,91.88,0
2f470261-fcdd-4608-aae7-98c00e6287e9,455.88,2025-04-13T09:44:11,online,38,Hyderabad,debit_card,17,646.25,0
c85258f4-07bd-413b-90d9-318e84c2df34,965.68,2025-09-28T10:01:20,electronics,34,Pune,debit_card,25,379.64,0
fae0294a-f01b-42ca-bb4f-28f42657cfd5,4852.38,2025-09-08T22:59:06,grocery,49,Delhi,credit_card,22,4180.37,0
dd765a4e-f0ed-4e69-957a-19b141c5cf72,376.81,2025-01-22T16:25:22,fuel,20,Lucknow,upi,21,405.64,0
db4a4cad-1e7e-4df5-9b23-de4c703ff25b,463.1,2025-08-20T20:40:12,dining,35,Lucknow,upi,27,564.39,0
fcd092a2-63a0-417a-b9a7-105d958e6687,1451.21,2025-04-05T14:30:04,dining,34,Mumbai,debit_card,20,1160.31,0
6186bdd7-c7a4-4a68-8c5f-66b598e11f58,341.73,2025-09-11T10:16:28,entertainment,23,Ahmedabad,upi,31,215.9,0
70f94e91-dd20-48f9-8b7c-7207e291693a,595.62,2025-01-01T13:16:44,entertainment,43,Pune,netbanking,24,599.38,0
476e5cfe-d443-4ae2-809c-adea8e248eb1,862.27,2025-09-17T23:15:37,fuel,46,Bangalore,upi,23,513.83,0
ed33f385-fc33-4281-bc65-34f888a7050d,38.7,2025-05-04T16:59:11,fuel,39,Kolkata,upi,22,35.01,0
71616e75-3658-4262-a6d1-98323a127987,1888.43,2025-10-15T23:06:51,entertainment,27,Chennai,netbanking,29,488.05,0
3961852c-ee01-40cd-b520-5086f0d9d457,710.34,2025-02-25T09:19:31,other,28,Jaipur,debit_card,18,274.92,0
a4bc3ce1-e6fe-405f-9670-f4ba6ff75625,115.54,2025-02-08T15:57:24,dining,44,Hyderabad,upi,28,156.72,0
3d8dff3a-5ccc-44f3-a3a3-59b04787a95b,1651.24,2025-10-12T00:13:47,entertainment,61,Pune,upi,23,1397.44,1
cd17dfc1-be2d-49b2-88eb-7c032bd70500,470.39,2025-02-01T00:41:52,fuel,41,Chennai,wallet,16,242.95,0
b84ebeef-fe00-45a9-9448-73cc0b526c0d,374.89,2025-07-02T15:59:59,online,24,Bangalore,upi,29,320.97,0
b4731c85-a4c3-4145-8d1a-5eaaf634c6c2,240.03,2025-07-25T02:29:07,electronics,38,Pune,debit_card,19,228.94,0
a09c65d0-83c3-4381-aecb-c042e4772041,391.82,2025-10-05T02:26:43,online,48,Ahmedabad,debit_card,20,291.26,0
1e7eb209-63b3-4be6-8d89-c9c2d20480f1,65.49,2025-06-21T10:05:45,dining,49,Pune,upi,28,39.31,0
789f1085-5bb0-4bbf-aac5-d0c0370e5bb5,256.34,2025-04-20T12:42:18,dining,46,Chennai,credit_card,30,128.04,0
fdbf74ed-77af-4f11-9bea-d055e3c4ed9a,340.7,2025-09-04T18:26:49,entertainment,49,Hyderabad,wallet,31,255.19,0
631a17cd-2bd8-4f34-8653-82f10d1d1ee7,1035.55,2025-08-03T22:58:32,entertainment,46,Ahmedabad,credit_card,19,338.34,0
125d81b1-785c-447b-9458-dd8c8980daa2,940.02,2025-01-21T20:54:47,online,56,Chennai,netbanking,30,460.28,0
f50bd14c-013b-49db-b75d-c28a838c182d,413.41,2025-10-20T11:38:39,electronics,65,Lucknow,credit_card,22,146.29,0
027874e3-9ed8-47d0-949f-96f202163347,394.87,2025-10-27T17:35:30,travel,40,Bangalore,wallet,22,333.19,0
cefe70e2-8998-4410-8863-95ec2cbafb72,1034.4,2025-05-12T13:36:25,electronics,51,Kolkata,upi,28,341.05,0
e4a9a735-625b-4968-8ffe-086ba4188d55,242.15,2025-03-09T13:58:00,dining,34,Chennai,wallet,31,331.89,0
9647dd00-f53a-4604-8362-68277c66587d,312.99,2025-07-13T02:42:30,dining,34,Lucknow,debit_card,27,222.99,0
e3676003-7734-49bc-aa2c-c8563c7e5e02,789.52,2025-01-23T00:06:55,online,44,Chennai,credit_card,19,1174.79,0
73c4c041-d77e-4a13-90c8-926ef0fa9179,1659.11,2025-10-24T13:06:02,online,25,Pune,wallet,24,1443.19,0
486e1388-9e0a-4273-ae30-265b622cea12,2216.16,2025-10-14T04:04:03,entertainment,45,Hyderabad,debit_card,19,2221.03,0
145c551f-7468-47a0-87b8-ab822295842f,155.8,2025-09-04T13:45:37,online,34,Jaipur,credit_card,29,48.91,0
e8be9c42-d144-4649-8bd8-4e3f82680b8a,633.36,2025-04-03T03:11:22,online,27,Ahmedabad,netbanking,29,592.74,0
8065ae3a-691c-437e-acbc-49a1f53aec95,509.86,2025-08-24T21:19:53,grocery,41,Jaipur,debit_card,33,419.86,0
47c6a125-8640-426c-be73-6676c7d96f2d,1072.45,2025-08-28T22:39:10,grocery,30,Bangalore,upi,24,1310.81,0
e4234640-0720-4a5b-a765-9cbeb89bee6f,403.95,2025-01-07T18:14:22,electronics,29,Delhi,upi,27,277.84,0
2cc63f6f-43c9-4804-9f97-0674fa6a999d,174.86,2025-04-23T01:23:20,travel,51,Bangalore,debit_card,27,269.02,0
55bfe6dd-ef8a-4952-9986-ebc678f635be,441.55,2025-01-26T21:57:05,other,37,Pune,credit_card,23,736.07,0
61a51306-f9d5-4856-8950-029c87277bc5,251.66,2025-03-02T05:08:07,online,30,Delhi,upi,22,135.59,0
a7d6984c-0752-49b7-af92-e25bd0e29985,24358.03,2025-09-09T02:27:06,entertainment,47,Chennai,debit_card,23,25594.26,0
c961464e-0044-4c2a-9b63-dcf3454e3cf6,139.31,2025-05-07T04:12:24,dining,25,Ahmedabad,netbanking,30,10.0,0
ca6782d7-02d9-43bf-80f8-72166a3bb7e1,2452.25,2025-09-03T11:45:18,electronics,21,Bangalore,upi,23,1330.97,1
b63362ed-5bcc-4761-a3b1-3fa0eb5df9f4,3472.38,2025-01-22T01:38:15,dining,25,Ahmedabad,upi,21,3335.82,0
98318c39-65d5-4912-86ac-4c8b128b53bd,1429.96,2025-06-10T01:35:04,grocery,20,Mumbai,credit_card,30,1208.56,0
f7ebb916-0999-4c6b-b35b-84f92f11ee76,931.72,2025-02-08T00:49:23,online,42,Kolkata,upi,19,1269.4,0
aed3ed74-3274-410e-bf76-0fc6c5a378cf,475.4,2025-04-05T16:18:47,entertainment,45,Delhi,upi,33,205.68,0
e344414f-0933-4b42-9059-b5865dad5346,206.73,2025-02-08T04:33:42,grocery,36,Jaipur,debit_card,17,204.02,0
923f285c-d002-4038-8db8-b41f31462a05,239.73,2025-04-21T23:50:56,fuel,36,Pune,credit_card,21,377.68,0
2fa9aa9f-dbbb-42d4-a2cf-c331f97ceef3,388.69,2025-05-13T11:21:26,online,38,Delhi,netbanking,18,202.22,0
c8e267ee-5e91-4fea-b836-8cf42ac54504,246.84,2025-04-29T06:50:17,other,34,Chennai,credit_card,34,258.52,0
4dac529b-9781-4659-8238-f17f8ab03dda,306.28,2025-05-02T12:39:01,online,31,Pune,upi,29,286.22,0
224f06f0-27d9-4046-8cfe-8d9a74fcdfb7,132.62,2025-07-07T09:30:55,travel,49,Kolkata,debit_card,21,78.03,0
3c0cf9d5-81ed-4812-8917-2a6a9ae5e8af,357.69,2025-03-24T15:46:39,grocery,39,Mumbai,wallet,24,163.61,0
7ca65b8c-12a0-45a8-80e0-f7add8e95162,302.92,2025-07-30T02:48:53,travel,40,Pune,upi,25,10.0,0
74c3129c-4957-4334-907a-a12e920268da,579.93,2025-07-30T20:59:08,other,33,Chennai,credit_card,23,458.7,0
513fdb35-816a-4885-8474-3013cf5f0d86,1787.99,2025-09-29T10:30:54,dining,27,Hyderabad,wallet,27,2154.06,0
428a39e1-7024-4645-816d-dbc7433eea8c,537.88,2025-08-02T17:01:07,other,44,Mumbai,netbanking,29,319.22,0
a4333710-34cd-426b-80fd-67686211de78,95.31,2025-09-14T15:04:29,online,25,Hyderabad,credit_card,27,93.27,0
2e8fda97-53d2-4b86-bb3a-ae0fe3b57040,276.05,2025-09-11T07:43:58,dining,53,Ahmedabad,upi,25,380.35,0
5d44d481-543e-4f52-a7b7-7f7ddaf5355d,455.78,2025-01-03T07:08:05,electronics,44,Kolkata,upi,21,357.5,0
8db27cc0-a37c-46ce-a82b-1ade63d3d0ae,1258.17,2025-04-08T06:56:24,entertainment,40,Bangalore,credit_card,30,902.5,0
144b3663-07e0-4340-8b79-fb4bd5ec2812,304.63,2025-02-11T05:13:59,travel,48,Lucknow,upi,27,147.66,0
3c711734-15f0-4d57-a4da-104f6b8d8900,1640.32,2025-03-04T10:28:19,grocery,56,Kolkata,upi,25,1573.63,0
34e4721e-ed6b-44b0-bbbb-4eaac9d4bc03,208.19,2025-08-04T11:49:57,electronics,38,Ahmedabad,credit_card,25,257.46,0
5110dc19-a708-4da8-acfb-fdbb692ecd94,19.9,2025-10-17T15:25:15,online,37,Delhi,credit_card,21,10.0,0
248d4a7e-1497-4018-9b82-f02e12b6758c,176.19,2025-02-07T16:13:10,electronics,25,Jaipur,debit_card,17,178.12,0
214bc49e-1ded-4cfc-bbfa-4f091f270b77,19.97,2025-04-08T10:48:46,entertainment,37,Lucknow,upi,36,10.0,0
b52b1d96-fbeb-4336-86bd-d4b6aa7ceae5,4533.78,2025-01-31T23:41:56,entertainment,49,Delhi,debit_card,23,2046.0,0
db0607c9-8408-4ba5-8b45-bc67504939e0,163.09,2025-01-27T18:54:21,online,44,Bangalore,debit_card,23,183.82,0
6dab6206-1100-4c70-aafd-aec71eda1e4b,848.97,2025-07-07T16:37:36,electronics,44,Ahmedabad,upi,25,694.09,0
b7c3ae95-f54c-4fba-9a99-5803f914826f,371.28,2025-03-14T22:01:00,electronics,50,Lucknow,debit_card,25,422.2,0
d673b220-1dda-47c0-b374-ed1299e1e0a3,1863.41,2025-09-15T13:47:40,online,51,Pune,debit_card,28,1770.28,0
a415f331-b227-4015-be1e-3823bb603423,45.21,2025-09-05T21:56:12,fuel,35,Hyderabad,netbanking,22,10.0,0
3d6110c2-531c-4ab3-a169-3263931b48fd,119.98,2025-01-26T18:20:11,electronics,45,Jaipur,upi,21,52.91,0
ea12755b-62a0-477a-afe3-ddee363c57c3,506.63,2025-09-16T12:07:01,travel,63,Ahmedabad,upi,20,242.44,0
7a7fafbf-1463-45b0-a326-82f48caf64ce,384.41,2025-08-18T10:24:25,fuel,23,Delhi,upi,15,103.39,0
abb2e9d0-c4bf-40c3-9513-3d8d1bdafce5,55.9,2025-07-13T21:08:46,grocery,57,Lucknow,credit_card,31,90.9,0
faf1dbb9-15d6-438b-a5a8-b9ff2a628f35,310.31,2025-06-23T17:06:03,fuel,18,Ahmedabad,netbanking,14,75.21,0
fa4e9829-65cf-482d-b28c-59973022c4a4,1851.66,2025-04-06T19:24:02,travel,39,Lucknow,credit_card,21,1003.07,0
46500576-adf8-4da1-85bf-b50bc67fbf40,1575.51,2025-04-30T11:04:26,dining,18,Lucknow,upi,23,1499.78,0
f08c8120-562d-45b6-8f74-d5ff6e989e8b,178.81,2025-01-10T06:54:34,online,39,Lucknow,credit_card,30,248.57,0
f7e8c39e-a7c8-4f34-a2f1-f89029ea7d82,272.74,2025-04-22T19:16:37,fuel,40,Ahmedabad,upi,22,77.93,0
b8a68a1d-4550-4cb3-96cf-2f05cd25da69,74.13,2025-03-08T16:35:38,electronics,27,Delhi,upi,17,142.84,0
e8b3177e-d625-4f69-bee3-1ff56bc7453a,1130.79,2025-04-30T17:50:43,dining,31,Jaipur,upi,25,681.88,0
46107514-1406-4df5-b85c-2ccaebf572a0,928.12,2025-04-17T09:29:05,online,19,Kolkata,upi,26,403.39,0
fe0d5772-8ea4-49d5-a423-0e5bec2f0403,799.04,2025-04-27T03:18:16,electronics,40,Bangalore,upi,28,308.64,0
31236a26-725a-4644-8491-bbdb43e91ebf,868.25,2025-01-25T18:50:43,travel,43,Mumbai,upi,20,422.24,0
a9a5d6e8-4f15-4aaf-bb7d-38ad3e63ecd9,176.87,2025-03-09T15:01:38,online,51,Delhi,credit_card,24,10.0,0
b15167ac-13bc-4658-bd1c-933eb7fa0af5,1509.12,2025-06-27T17:04:57,grocery,40,Ahmedabad,credit_card,32,511.87,0
18cf3488-58b9-47b2-933e-f55e260af535,439.85,2025-02-20T06:08:32,electronics,33,Hyderabad,upi,31,345.32,0
8166e7ee-e154-421d-b667-e2188a4d7076,738.73,2025-03-24T12:42:07,dining,18,Hyderabad,wallet,28,301.5,0
22c90312-f21a-4e9e-b051-1152dd808f1b,662.8,2025-03-09T01:25:59,online,47,Pune,upi,22,583.72,0
a820d8de-8a21-4de5-be13-d34f9d68bf9d,136.44,2025-01-30T15:39:57,entertainment,37,Hyderabad,netbanking,34,36.83,0
5c2df353-c34b-4152-9c2f-ea5b3e15a0bf,406.2,2025-01-28T14:02:15,travel,41,Delhi,upi,38,11.5,0
c7b6ac2d-4152-44dc-a116-adecc7d4b268,269.22,2025-03-25T08:45:53,dining,48,Pune,upi,20,235.23,0
54c18982-03b4-4ab2-b6f3-36fd8f28027e,147.41,2025-07-09T13:02:38,fuel,26,Hyderabad,upi,21,207.88,0
b7c9b23d-fc03-46d5-9e14-d26613ac1039,1192.21,2025-03-11T05:19:42,entertainment,43,Jaipur,credit_card,33,913.85,0
67ff24de-6b34-42ab-be55-e4f085f696de,143.16,2025-01-08T12:03:00,fuel,49,Delhi,debit_card,27,165.73,0
aba6b1da-040d-4488-8279-66e5a5689f79,1146.14,2025-02-27T19:42:41,travel,24,Lucknow,credit_card,23,1728.61,0
f267c490-dd87-4f62-a2f4-fcdfe038e8ab,377.49,2025-09-13T07:44:24,grocery,42,Ahmedabad,upi,25,366.25,0
c4e32ad9-8c55-47f7-8947-ef3762ce0ff1,3017.22,2025-09-13T06:40:39,electronics,45,Lucknow,debit_card,23,352.05,0
53244995-bd94-4b30-8843-4734b93bf88a,500.55,2025-10-26T22:13:18,travel,43,Pune,netbanking,26,479.48,0
e044bdf3-cad5-4bd0-a38b-baf909584217,1055.15,2025-02-09T21:40:30,grocery,22,Bangalore,upi,19,807.15,0
1c498be2-cecb-46a0-b1af-0d79cad540a7,492.38,2025-08-13T16:24:00,grocery,49,Lucknow,upi,31,489.64,0
af349eb4-5ed1-46ee-b7bf-0901ac158f54,96.08,2025-07-08T06:58:56,online,37,Kolkata,debit_card,35,56.07,0
8ebb3ab9-f3d2-47dd-98da-5a1074fca37a,426.88,2025-03-21T09:15:29,dining,23,Mumbai,wallet,24,138.66,0
c8ac72cb-db5e-453b-bc04-1cb0e9b41ae4,599.77,2025-08-16T14:16:37,dining,29,Delhi,wallet,33,313.14,0
b2b12992-ba6e-405f-9c09-660ac3b92683,885.44,2025-10-14T04:32:56,dining,47,Mumbai,netbanking,24,975.71,0
50d7667e-f0e9-4ff6-9126-dc744edc7978,79.02,2025-02-26T12:17:30,travel,28,Delhi,upi,24,10.0,0
c62371b6-fdbf-4e75-b538-43b32e95c45e,248.49,2025-05-22T12:45:50,fuel,25,Delhi,credit_card,32,100.32,0
323cef2c-f604-4f3f-b379-c2fc014b88bc,5030.52,2025-07-11T23:31:19,other,34,Bangalore,debit_card,22,2908.25,0
aeca8c11-a8b8-49ba-9ae9-8a81e81339fa,1487.39,2025-05-09T03:07:07,fuel,59,Chennai,upi,28,1388.06,0
a78c9795-ebf0-4ec0-a9e9-4978d852f53f,334.01,2025-06-06T23:42:28,entertainment,23,Hyderabad,wallet,26,90.25,0
fba47fe4-1485-4b4b-ae3b-c66cf66fa363,405.68,2025-03-01T12:15:19,entertainment,37,Pune,netbanking,31,370.9,0
a1059605-d9c4-4566-80a2-cdf2ad16e518,233.96,2025-06-09T05:31:36,fuel,34,Delhi,upi,22,463.21,0
3910823c-949f-4bf9-90f1-92827b801164,492.19,2025-02-13T02:57:14,grocery,34,Chennai,netbanking,26,122.66,0
5f569b00-83c9-4652-a68c-d11fb116e44e,213.71,2025-02-07T02:33:45,dining,55,Pune,credit_card,19,271.9,0
90bfaf52-580f-46e6-a12f-f72f69e41a80,2025.29,2025-01-15T14:45:38,electronics,35,Ahmedabad,upi,25,1827.55,0
8011b571-f624-4d98-94e7-5f4749033ae7,102.96,2025-02-14T20:11:14,electronics,48,Delhi,netbanking,26,10.0,0
e0026473-76c7-47f3-b51f-495b3517a22a,1342.75,2025-05-24T23:35:55,online,30,Kolkata,wallet,31,730.72,0
e99fe88b-86e2-4964-9602-d2a96368bc54,191.22,2025-10-17T15:02:16,online,37,Delhi,wallet,21,188.86,0
3bf46aa4-e461-4774-95ff-ff60c234a3dc,150.83,2025-04-20T01:28:37,online,36,Ahmedabad,upi,25,491.31,0
593fd6ef-d323-4f51-b667-b912a117f851,1157.94,2025-01-16T23:00:26,grocery,18,Kolkata,debit_card,19,692.54,0
6385ab05-91df-4655-82f2-968967f5d8b4,184.64,2025-02-09T18:07:52,other,32,Kolkata,netbanking,18,142.63,0
1e09316b-9573-41bc-8b35-790a03b7120c,2669.26,2025-10-09T01:33:53,grocery,24,Bangalore,upi,32,1809.97,0
fb5a9d16-0dbc-46fb-9160-8e0be212b3e9,1540.76,2025-06-06T11:15:06,online,39,Kolkata,netbanking,25,966.25,0
cc419e1e-e01d-4328-9fe8-5256e39d939a,373.85,2025-03-10T22:36:59,entertainment,41,Bangalore,upi,27,429.67,0
827848c1-2d02-43c8-9a35-14b5175f079e,137.4,2025-07-27T02:51:29,online,34,Kolkata,credit_card,32,10.0,0
7e920337-2bb6-497c-bfe5-05ac81406e25,326.12,2025-05-12T01:03:45,travel,50,Ahmedabad,upi,30,119.52,0
a0842b09-fe3c-48b0-91bc-b2572b0062c5,515.23,2025-02-17T17:56:06,online,40,Bangalore,debit_card,18,418.44,0
84efdffa-94d5-4e88-aaa3-8999c11a3693,507.28,2025-07-18T04:24:12,dining,28,Delhi,upi,11,255.33,0
21b3f25c-2d66-48d9-8e60-d6b003bc1f55,174.24,2025-08-15T11:17:02,grocery,36,Chennai,credit_card,22,75.88,0
0a12ff5a-04de-4ff8-af1b-7443814f5897,657.1,2025-09-29T16:10:27,electronics,27,Lucknow,upi,20,148.49,0
15439180-6ebe-433d-a39e-aa01c8ea6ea1,249.72,2025-10-15T07:45:34,electronics,22,Lucknow,credit_card,22,10.0,0
b9cc1371-bbfe-4e87-86ec-7412fa9fd0e5,107.14,2025-09-17T13:46:32,electronics,41,Mumbai,debit_card,25,49.46,0
84b382f3-2f78-49c8-ae09-13a3d001d88c,121.47,2025-03-10T11:38:09,travel,29,Jaipur,debit_card,17,82.74,0
b91035c8-c181-4e74-97df-f938f4ced3fa,981.94,2025-04-22T07:33:04,online,28,Mumbai,upi,20,850.06,0
d41bf1bd-3b68-4b7b-bd12-4507ecff0409,415.23,2025-07-25T17:19:05,travel,42,Pune,upi,21,228.02,0
0b450599-41c1-4ce0-a988-4f4ab8cfeda2,1486.49,2025-07-19T00:18:44,electronics,29,Delhi,credit_card,20,1509.46,0
6cd1980d-7a9d-45ae-a9fc-29ffefde8b88,527.54,2025-03-31T01:41:25,grocery,51,Pune,upi,27,395.38,0
1bed6692-4025-4a6a-be4f-84c9f9e264d2,199.98,2025-03-11T08:01:39,electronics,47,Delhi,debit_card,18,300.83,0
8416e63a-d619-4845-8584-d83c79082519,1491.92,2025-01-29T10:08:29,dining,34,Chennai,wallet,16,1758.69,1
439a0de5-7055-4db5-8b1d-b941a947ebf3,249.85,2025-10-17T18:31:39,entertainment,44,Chennai,debit_card,27,218.26,0
f831a23b-eeef-40a9-b558-8cb9f5467d31,514.1,2025-03-07T20:51:49,grocery,33,Jaipur,upi,25,614.62,0
41130d00-7828-454d-b9cb-b62bd1460102,2064.23,2025-07-07T03:21:08,online,28,Bangalore,netbanking,22,1219.5,0
a97add10-c9a5-4487-8fcf-29b92c833190,304.21,2025-08-19T23:52:03,entertainment,42,Delhi,upi,21,290.72,0
3528a47b-744a-43fc-a64d-d386733ff092,350.46,2025-04-16T09:35:35,grocery,37,Jaipur,netbanking,23,254.37,0
b86702ec-0959-4e96-81e0-0fa2ca38769c,475.4,2025-10-22T15:52:18,entertainment,36,Mumbai,upi,25,164.54,0
ba646b59-4ebb-4831-ad96-2873ba3a6e58,215.45,2025-08-13T06:25:37,online,57,Pune,debit_card,30,185.65,0
2445aed8-26e9-4e77-b9cd-8a93f597b6b0,143.65,2025-01-21T13:08:42,travel,33,Ahmedabad,debit_card,19,120.17,0
635881d1-6f00-4043-9dec-f80d09ff46a2,102.13,2025-05-14T20:56:16,travel,35,Hyderabad,credit_card,24,124.5,0
885ae43c-3100-4e42-b812-9982350ce8b0,352.33,2025-10-24T08:46:37,dining,29,Bangalore,upi,27,345.07,0
d7edcb53-8454-4914-9ac6-a89e03ae8a3a,318.3,2025-04-11T04:31:11,grocery,68,Ahmedabad,upi,26,469.53,0
6c1e987a-61d6-4cac-af7a-51e75be7ad64,259.74,2025-06-15T02:29:26,travel,37,Hyderabad,upi,21,355.99,0
47c5b84d-6bb8-4e90-bd15-625138630350,844.81,2025-06-04T07:14:45,online,52,Hyderabad,upi,31,511.54,1
16dd563d-b3d5-4ad2-8356-15391258bdc7,145.62,2025-04-03T06:36:23,fuel,49,Jaipur,upi,31,90.68,0
69d1473d-71f8-444a-9751-68464323bbc6,1502.03,2025-10-06T04:53:57,other,43,Chennai,wallet,18,1572.39,0
9743989a-e9f1-4e93-845b-9017faf4c8e7,1742.08,2025-05-21T09:43:18,fuel,46,Pune,debit_card,26,1378.46,0
cfd21755-bd68-44d6-919d-e5dade92d57e,885.36,2025-02-19T14:51:08,electronics,37,Kolkata,wallet,29,833.51,0
c135b4db-f87c-48be-8769-6144f499a75f,4999.7,2025-01-14T13:27:07,grocery,36,Chennai,credit_card,26,4810.69,0
9ddd9617-01cd-44e5-9e87-13a7390d6a9c,150.94,2025-04-24T04:58:30,fuel,56,Bangalore,wallet,25,50.2,0
1d3a217a-4fa4-4bf1-bd96-3a3f7410b459,847.37,2025-10-26T02:11:15,grocery,40,Pune,upi,28,798.83,0
9af04b27-1638-4af3-af6d-6acd4af75091,63.09,2025-08-16T19:18:00,entertainment,37,Delhi,upi,28,234.99,0
c4072125-f813-46dd-912a-05870a6afd16,188.11,2025-07-28T01:12:03,dining,36,Ahmedabad,debit_card,25,292.07,0
fee5c7a9-d5f1-4167-abd0-77de29a21f70,288.62,2025-03-24T08:29:10,travel,42,Bangalore,upi,32,73.47,0
c3dd3005-e60b-4ea8-bbf6-188fec670a96,220.65,2025-03-08T11:34:28,electronics,53,Mumbai,credit_card,20,92.22,0
e482f04c-d22c-416c-8313-d2060e9f0c54,414.85,2025-10-24T00:36:52,dining,48,Bangalore,credit_card,22,270.63,0
61b91fa5-8b75-4254-8968-61af86eb4e37,64.66,2025-02-22T11:09:18,grocery,32,Hyderabad,debit_card,31,10.0,0
e444251d-0b4f-4f2c-96e4-0c73fb851183,141.01,2025-05-21T07:08:31,electronics,35,Mumbai,netbanking,24,134.77,0
eb00aa40-c4bb-4855-8935-ab5b2d1aade1,527.57,2025-09-05T19:33:06,online,26,Mumbai,upi,17,551.0,0
0d5973dd-52a0-41a9-a2ac-e76718e9fd09,1000.18,2025-09-06T22:20:27,travel,32,Ahmedabad,credit_card,32,351.16,0
0864fa20-6ad3-4b60-9460-0550283092c1,61.15,2025-07-12T02:12:08,electronics,33,Bangalore,credit_card,18,95.86,0
d3537f74-f472-417a-b414-b6166c3d05fc,3387.11,2025-08-29T17:41:02,electronics,27,Pune,credit_card,31,3843.92,0
d857c005-4f3c-40e4-ae68-697fd63457d9,117.95,2025-09-20T09:50:04,fuel,53,Hyderabad,debit_card,33,129.5,0
ef0f5b69-0f1c-4503-9cc9-1388228ba492,121.83,2025-03-18T14:22:23,travel,49,Hyderabad,debit_card,36,51.78,0
616186ed-1166-4b71-9d50-dd9618618491,233.93,2025-09-16T03:53:45,grocery,46,Mumbai,debit_card,21,14.46,0
cd5888c8-68c9-4e31-a45f-70326ab18f2c,618.12,2025-04-05T23:03:53,online,51,Delhi,wallet,25,204.85,0
ae735d57-def9-4da0-ac7a-54ba3bd2f4e3,339.37,2025-07-05T17:49:22,grocery,42,Chennai,debit_card,32,224.69,0
fb923e03-a9de-4c3d-b0ac-04bd12a7ea98,243.16,2025-01-31T20:17:14,entertainment,61,Kolkata,upi,20,57.49,0
70d2fd79-d6f6-474b-95da-1d9a3f0c058f,639.82,2025-01-21T13:33:09,entertainment,25,Pune,credit_card,27,253.17,0
abce57dd-b240-4b67-8a13-22ae88f15b96,254.48,2025-06-27T02:28:16,dining,34,Bangalore,credit_card,24,333.03,0
5b365717-63d7-4824-81e9-452aec636adb,90.48,2025-09-02T12:47:07,grocery,27,Delhi,debit_card,17,108.96,0
6d0a66a1-42ed-448a-aa0d-e9bcf840cbf6,636.66,2025-01-15T22:20:54,grocery,24,Hyderabad,credit_card,22,968.25,0
74e24440-09b6-48b9-85a0-acfe16415168,59.94,2025-05-27T00:48:10,grocery,44,Jaipur,debit_card,23,10.0,0
369af0e5-c915-4dc0-9813-2dd06b85cc3c,748.34,2025-03-05T17:23:24,dining,61,Bangalore,debit_card,23,493.01,0
71ae4ef9-0adc-40e2-9aad-db83a8c763c3,108.51,2025-07-06T01:07:19,fuel,23,Pune,netbanking,31,208.33,0
ba3ade96-5923-4b96-9df0-e1a78248ae85,16135.37,2025-07-29T21:23:45,travel,28,Mumbai,upi,24,3332.1,0
90f86f2b-51cc-4045-be93-6a4b0883adf4,401.33,2025-09-16T14:11:51,dining,31,Kolkata,debit_card,22,271.35,0
84cd3a17-a0b9-4a8f-8b6a-62e739c01f43,713.0,2025-05-17T21:18:16,travel,32,Hyderabad,wallet,24,721.51,0
67fbc112-a038-4b09-a4bf-22905a24f40f,488.9,2025-01-28T06:58:41,online,55,Lucknow,debit_card,18,536.44,0
7cd68326-f89e-4bc5-ad99-8f84dd1b6224,2343.93,2025-04-24T03:33:48,travel,28,Kolkata,credit_card,31,1226.04,0
1eee8390-f10d-4a96-9307-c844c3d27ace,1325.45,2025-08-17T19:39:06,electronics,28,Ahmedabad,upi,21,439.0,0
d159bab4-d3dd-49c5-abcc-b50d1c7f9cb3,2342.91,2025-10-26T18:49:35,fuel,27,Jaipur,debit_card,22,2785.85,0
329cb5ac-77de-426b-88ff-e3b8ad7816d2,131.54,2025-03-08T13:05:57,dining,44,Ahmedabad,upi,37,174.23,0
43c5c7d2-0950-4b6e-a682-0b32f64583f6,579.52,2025-07-20T17:49:44,online,27,Bangalore,upi,19,395.5,0
4087a7b8-a56a-462d-816f-77c0d059818a,322.39,2025-06-17T01:53:13,entertainment,30,Delhi,credit_card,30,303.68,0
43561e56-8ad4-4f4f-b000-84f146bb04d5,403.93,2025-07-21T22:32:37,grocery,38,Mumbai,credit_card,32,448.95,0
494941e9-f5a9-4e5b-92d2-12b0cf7637d3,373.82,2025-02-21T23:05:05,dining,50,Bangalore,debit_card,25,383.24,0
fc111fc9-e3e0-472d-81b5-05a7724da7d0,512.76,2025-05-09T15:38:38,online,58,Delhi,upi,24,98.62,0
a00c10a0-5314-4190-8465-ebd0eef5c5e7,534.98,2025-10-06T10:22:09,grocery,53,Mumbai,debit_card,28,224.35,0
417fd72e-2f12-4aff-bb54-9b3517d834f0,306.85,2025-06-02T16:54:10,online,30,Kolkata,netbanking,25,199.7,0
225d1088-12a3-4108-b644-0f3a76aa8c31,571.72,2025-07-07T17:22:43,electronics,27,Ahmedabad,debit_card,17,909.98,0
bf9e9f76-667e-47c2-8867-ae54bb074b6a,315.26,2025-01-14T17:20:18,electronics,40,Ahmedabad,credit_card,26,437.72,0
64caa0f2-0683-4efe-83cd-5fc21ee21c1c,233.42,2025-10-13T23:22:11,grocery,66,Bangalore,netbanking,23,332.59,0
dc3ab2aa-cf9a-4100-ab7d-e41566571e52,1404.83,2025-06-16T17:03:24,fuel,20,Ahmedabad,credit_card,21,1492.79,0
33309671-83ad-4be0-afa4-b1d43c5323c8,359.98,2025-02-08T02:46:59,electronics,50,Hyderabad,credit_card,26,412.5,0
55ef8fc7-a060-40da-b551-9e1e0f6c66b6,1033.17,2025-09-26T13:34:39,electronics,34,Jaipur,upi,27,803.27,0
b813d270-d513-46ab-8948-859056eca0a7,704.0,2025-10-26T16:07:24,grocery,50,Mumbai,debit_card,22,282.9,0
a366d39e-d74c-43b4-b7a7-ccd977150590,2093.31,2025-03-17T07:37:33,dining,40,Chennai,netbanking,22,969.54,0
0de9e56e-0d95-4f01-bff3-6a53b0204652,952.32,2025-04-12T22:12:42,grocery,35,Pune,debit_card,28,553.6,0
9dadd9f9-c5e0-4613-8677-2b220da2d61c,442.99,2025-08-31T02:45:06,fuel,41,Chennai,upi,30,476.81,0
e4e4345e-7a53-4cd9-bcf6-44646d77dfa2,179.12,2025-05-06T23:25:48,entertainment,72,Delhi,credit_card,18,50.35,0
b34c0f6d-8c46-49b8-88d4-e97c08491720,553.5,2025-08-24T04:02:30,fuel,38,Bangalore,upi,20,277.39,0
daa12d52-2dd6-434d-8861-e26859e0a2ab,464.62,2025-08-08T05:46:36,dining,33,Mumbai,netbanking,28,307.33,0
88677308-3218-4b66-8a2b-4da39d62b03d,108.74,2025-06-20T00:10:57,online,38,Mumbai,wallet,19,74.11,0
8cf7ed21-3b8a-4c68-a094-1906652471ef,639.83,2025-09-22T04:16:11,grocery,47,Ahmedabad,wallet,29,485.48,0
470779d5-b59f-416b-9f0f-57c436edf982,443.62,2025-04-17T04:36:43,grocery,32,Lucknow,netbanking,29,468.14,0
21c84267-ff38-43f4-9108-6a8670571102,106.23,2025-08-28T22:28:04,travel,35,Kolkata,credit_card,23,94.68,0
d1bc2bbb-c9ef-4b40-b680-e6487e3e4ee9,121.26,2025-06-24T19:33:58,entertainment,36,Delhi,upi,16,160.83,0
986182b2-50fe-43ae-bad1-959a912c5330,181.69,2025-08-23T20:43:51,electronics,31,Kolkata,upi,22,139.23,0
29b62082-0473-40bf-b694-5bf8a5719d68,624.54,2025-03-29T22:06:18,entertainment,34,Chennai,debit_card,33,226.24,0
02f0dd82-f856-4e08-812e-30ef327ab420,100.04,2025-03-05T11:38:33,electronics,28,Chennai,debit_card,12,19.44,0
dd6ff18b-fa18-4978-8427-1cffe9948e3f,3488.16,2025-03-10T17:55:10,entertainment,43,Hyderabad,credit_card,26,3685.21,0
94b522c1-e6a6-4e65-80c6-a38cbfae757c,935.4,2025-06-30T19:26:51,dining,45,Chennai,credit_card,31,960.26,0
c06c2524-8438-4e3a-914f-871ce33852eb,985.17,2025-09-07T15:48:47,online,36,Jaipur,wallet,20,823.02,0
dc3f6f60-995a-4b64-86bd-21c951f3d3ca,602.04,2025-03-30T01:34:50,electronics,46,Jaipur,debit_card,25,602.43,0
96ee9f45-77b0-4dd4-b87d-f8dc79a9f428,373.35,2025-04-11T19:57:56,electronics,35,Ahmedabad,credit_card,24,371.59,0
f72170b9-96c0-4926-b4d0-2fd161f5fefa,370.46,2025-02-26T17:45:35,online,32,Mumbai,upi,22,182.01,0
d5dedd19-d458-45bf-aec3-c0d7e54c6a5f,186.48,2025-06-18T13:48:15,fuel,45,Chennai,credit_card,32,56.37,0
4b856416-be47-434b-96b7-91d7dde76fb1,2779.25,2025-10-21T06:52:01,electronics,24,Ahmedabad,netbanking,23,1954.87,0
473ea9d3-9ac9-4258-b5c5-16a1e4d882b8,152.01,2025-06-02T23:46:29,grocery,18,Delhi,credit_card,29,138.41,0
dfed08d4-b3e7-47f3-8484-bac9455efe75,1081.55,2025-05-18T09:45:26,grocery,36,Bangalore,credit_card,26,921.17,0
dc058bf1-cac5-4cdf-9b30-3d30fb53acd6,1615.85,2025-10-10T12:40:56,entertainment,30,Ahmedabad,credit_card,23,1300.95,0
df49ab69-11b4-4ead-929b-5b954fe53732,837.02,2025-07-07T09:47:24,travel,37,Kolkata,credit_card,19,711.52,0
4f8509d8-679c-407f-88fa-474cc13ad7db,443.44,2025-01-22T16:11:14,online,44,Jaipur,credit_card,20,335.91,0
a7f74130-8815-4d1b-a4ee-5f44a0c062cf,751.6,2025-05-17T15:16:22,other,31,Ahmedabad,upi,23,1151.02,0
4e5dcda8-c529-428f-bc34-9b93dde9e89f,146.39,2025-07-20T07:01:41,fuel,20,Delhi,credit_card,22,66.44,0
d78a34f8-5790-4625-b68f-8af6d63e68d8,44.65,2025-06-17T22:42:59,travel,35,Lucknow,upi,19,14.72,0
26c2f7ea-029d-49b8-9da2-0c03d180c3b2,578.91,2025-07-27T09:34:11,online,53,Jaipur,credit_card,28,390.2,0
570c2b11-3633-4d94-a58e-df49efc541a1,210.35,2025-04-17T00:32:14,electronics,25,Lucknow,debit_card,31,201.32,0
b7f0c7d1-2baa-40c0-b7a7-9aba3ec293d0,1593.51,2025-08-17T08:51:56,other,45,Hyderabad,netbanking,22,382.39,0
c7125478-37c4-492f-8abb-97b98e5565e9,1458.09,2025-02-26T02:23:43,grocery,46,Hyderabad,debit_card,32,861.2,0
57e9533b-5cdc-4daf-af77-5faffc052c7a,518.02,2025-09-23T14:05:10,other,43,Jaipur,upi,25,435.38,0
6cfb62a8-b524-4ef8-9642-d2255ef57f4d,717.12,2025-02-21T01:43:27,electronics,57,Jaipur,credit_card,20,645.09,0
4494e39b-3a51-465e-aed3-873ad91fc857,290.72,2025-02-12T11:01:18,grocery,51,Chennai,netbanking,33,141.0,0
8379c2d9-4ab1-446f-9726-31836ce3031d,951.47,2025-08-14T15:57:11,grocery,37,Ahmedabad,credit_card,30,594.44,0
fd79036a-69b1-4143-9b85-d150d49b40b6,728.17,2025-01-07T00:01:23,dining,36,Mumbai,netbanking,30,526.72,0
73e458e4-826c-4259-b951-25d5520ad5c6,374.75,2025-02-14T04:46:47,grocery,22,Lucknow,upi,27,320.9,0
52069245-e9d0-4bbb-bb37-c65e08bff4be,690.79,2025-03-02T13:03:14,fuel,23,Bangalore,netbanking,27,1215.41,0
ec482477-8532-4800-9b34-5e010f7fac01,1417.67,2025-01-16T03:24:38,other,31,Ahmedabad,upi,28,1267.31,0
cdacd272-740e-46f1-96f1-1ffce5ce3a68,1610.46,2025-10-25T16:37:49,grocery,44,Chennai,debit_card,24,160.69,0
bd6cc1de-7613-4dff-aee7-a96a067567e1,120.27,2025-04-29T16:24:43,grocery,25,Lucknow,credit_card,27,83.59,0
4f622f40-eeee-4078-9f78-f052248d16f0,626.61,2025-05-30T21:35:23,entertainment,54,Hyderabad,wallet,28,631.52,0
c2b7e1ae-1fb4-409a-8646-7fc07811bb60,184.18,2025-03-29T10:45:58,online,49,Pune,credit_card,19,271.73,0
d7d6bb1f-4029-40f2-976b-b402243e63f1,862.05,2025-06-15T19:55:55,grocery,20,Bangalore,credit_card,21,982.65,0
77d44cf3-b339-4311-a28e-c45f725953f0,334.17,2025-07-14T21:48:27,dining,41,Bangalore,wallet,23,288.11,0
a644452d-639d-423d-bb38-f8478a7d7d6f,218.22,2025-09-17T18:44:37,electronics,35,Delhi,upi,23,165.85,0
f8076f86-662e-4795-b062-1df29f65121b,119.02,2025-07-20T06:27:38,other,41,Pune,debit_card,33,254.27,0
896c7148-c09d-4fa3-a3d0-392adf228919,895.52,2025-03-23T09:07:56,dining,36,Mumbai,debit_card,26,730.84,0
f7b00fdf-bb1f-423a-b6b1-9bb378b0a21a,886.7,2025-10-12T21:43:14,other,34,Lucknow,debit_card,24,788.74,0
4afab70c-5db4-449d-8181-d2eb7d8ca7bd,402.25,2025-06-08T21:50:17,grocery,41,Lucknow,upi,29,231.32,0
2ad1fd79-e2bf-4c1e-abf4-c9b5bbd46eae,301.1,2025-01-03T16:14:39,electronics,49,Lucknow,netbanking,24,327.94,0
6b1b5f1e-94cb-4b9a-9bfd-32c7a402ca44,157.6,2025-03-18T03:38:28,travel,46,Jaipur,netbanking,24,182.23,0
bdd25531-d4a8-48f1-9a87-d2a215b457f7,281.18,2025-03-19T22:09:48,entertainment,32,Ahmedabad,upi,27,212.67,0
768e817b-02c4-4a98-b587-dd941fee5f78,708.81,2025-05-20T15:19:41,entertainment,24,Hyderabad,credit_card,21,975.44,0
2269b667-8e02-49f1-8471-5c59f39bbab0,1560.17,2025-03-31T04:47:07,electronics,31,Bangalore,wallet,26,666.53,0
b1749d85-af8b-4e38-9a38-0bbbc44882fd,657.29,2025-02-22T04:26:53,online,21,Delhi,debit_card,22,380.49,1
929f70c1-93cb-480c-9056-3e8e8bbd1852,961.31,2025-06-15T13:47:39,online,47,Ahmedabad,credit_card,24,1210.53,0
f0a6c578-d82e-416f-a92d-ac6ec53c08e1,586.37,2025-04-08T04:12:04,grocery,33,Kolkata,credit_card,15,522.15,0
54f34034-0c2d-43fa-b459-7d6c5da5207f,582.31,2025-07-27T11:34:22,other,43,Delhi,upi,33,180.03,0
9771c6fa-c694-46be-af58-4530ea6e6b05,247.8,2025-01-21T03:14:20,grocery,51,Ahmedabad,credit_card,23,204.16,1
3b120e35-7fdb-4711-b094-60c34be80f57,383.5,2025-09-19T19:59:54,other,30,Kolkata,credit_card,21,374.57,0
6341f7fb-8342-464a-826e-e39d0da39e84,85.57,2025-06-21T18:53:51,online,24,Ahmedabad,debit_card,27,26.27,0
c4ae3e70-c758-4d45-ac01-5ba5f10c5952,1243.2,2025-05-06T07:53:52,dining,35,Pune,upi,27,660.96,0
1ffa4435-656a-4d30-905d-728b636f2332,66.75,2025-10-04T14:08:52,dining,38,Chennai,credit_card,37,59.42,0
fc950e0d-9f75-4d97-8eed-d468dda8b14e,551.02,2025-05-08T14:52:44,grocery,49,Hyderabad,wallet,16,298.01,0
6ef8c04b-10fb-4fc7-8c49-faca344e5966,123.39,2025-03-09T04:00:32,dining,29,Jaipur,upi,26,10.0,0
4d0e3f5a-2433-49d7-978a-7b3d09cb8bd2,174.2,2025-07-13T04:24:46,online,28,Lucknow,debit_card,21,200.36,0
e0e42886-b01b-4597-bf8f-ec917ccd0999,718.98,2025-07-30T02:43:53,dining,31,Delhi,upi,13,339.16,0
8086299d-2f3a-4ddc-8cbc-df93181953cd,434.97,2025-09-02T08:16:14,grocery,36,Delhi,credit_card,24,468.07,0
e6c4f01c-378b-4266-9d4c-248614de8e9b,989.23,2025-01-18T20:55:10,travel,42,Lucknow,credit_card,21,556.8,0
0e9cf021-47ef-4874-8307-91f3278806ed,773.03,2025-06-08T08:35:07,fuel,41,Bangalore,upi,18,547.63,0
5453dd0a-fa6e-496d-8788-0fa032b41bc4,626.85,2025-10-22T18:21:51,grocery,44,Jaipur,netbanking,40,519.62,0
8c1bb159-acc5-4c4b-8b75-50f0dd482f79,677.18,2025-05-30T11:24:58,dining,45,Ahmedabad,netbanking,23,638.16,0
19c1a0d5-2060-4f4f-8da4-634a7614bcea,205.17,2025-02-07T10:43:12,fuel,24,Pune,credit_card,29,262.06,0
93dbf544-e8c7-4e84-b8ec-36109f5c6390,497.29,2025-08-02T19:08:02,online,46,Hyderabad,debit_card,18,631.23,0
3fc51215-25b9-4c67-9e7f-a2f3e90b6e1d,371.58,2025-04-24T06:40:49,other,32,Jaipur,credit_card,33,441.19,0
c3350c30-9e36-483a-b01e-344effcacb2c,416.03,2025-06-19T05:07:24,grocery,25,Mumbai,credit_card,29,383.05,0
3e2e2a81-7ea9-4df5-a497-039e2feaafbc,2472.14,2025-09-30T18:40:55,online,57,Pune,netbanking,22,2633.97,0
c23ab1aa-46a9-4a4b-8759-0e885cd66257,1386.77,2025-05-27T22:21:10,electronics,61,Delhi,debit_card,22,1383.26,0
a49b58fc-3542-4f7d-9837-97c976203165,1054.86,2025-07-16T19:31:28,online,25,Delhi,credit_card,29,1015.89,0
fcaf777f-e373-40f3-a5b8-8d30cfd10bed,105.6,2025-06-05T13:11:45,online,45,Kolkata,upi,24,126.41,0
5ac07deb-a65f-4a62-9748-fa2fe1797acc,348.9,2025-02-18T10:16:15,grocery,45,Chennai,upi,22,107.65,0
451177f9-44ac-4994-9089-1d5165857961,1116.73,2025-08-03T18:51:15,grocery,56,Jaipur,upi,17,1799.57,0
99a731be-2899-4a11-99e0-ef939b0de702,613.94,2025-09-26T06:18:14,dining,20,Pune,debit_card,20,216.85,0
3b630e63-20b2-4828-badb-4d38e24e7b8b,607.33,2025-09-04T22:25:33,electronics,40,Hyderabad,credit_card,23,503.52,0
c7ff0b5b-b7de-4594-84c4-e677e37d7108,3504.97,2025-03-15T14:21:36,grocery,54,Hyderabad,upi,31,2659.55,0
1c6acb5b-60fb-4396-8029-d11961d28ac2,3539.36,2025-02-07T08:09:13,fuel,21,Jaipur,debit_card,33,2905.21,0
8b311c0a-5258-46ef-b9a1-4201cf97bb91,509.22,2025-08-23T18:23:51,entertainment,43,Jaipur,debit_card,33,218.64,0
cda0aa6a-026f-40dc-ba8d-3492ded0c682,243.94,2025-06-11T18:10:30,entertainment,42,Lucknow,upi,23,477.36,0
0e9a41fb-b720-433f-a755-b3ce22b4761a,69.64,2025-07-11T07:38:23,online,43,Ahmedabad,credit_card,13,99.66,0
3a2d2bf5-0fc4-44b1-b005-df6f7eb179f0,1776.29,2025-07-16T05:39:59,electronics,38,Kolkata,credit_card,31,1733.11,0
fed16ab8-7d0b-449a-9fa2-05575b859cfa,1059.88,2025-03-06T15:05:31,dining,31,Lucknow,debit_card,23,41.12,0
d69915dc-84d4-4a06-9ea1-2deb2cad0ba5,691.36,2025-02-03T21:56:40,grocery,34,Pune,upi,24,547.0,0
bf119d26-699f-4035-8b0f-3573b3e2b89b,166.48,2025-01-09T05:24:58,dining,52,Lucknow,debit_card,18,44.2,0
0d7a92d2-1c9d-4323-8d1f-b33e8ba531a8,755.0,2025-01-26T17:42:46,travel,55,Ahmedabad,debit_card,27,1170.96,0
5807e109-256d-4fea-bc51-844ae747caa9,1777.3,2025-09-27T12:28:46,dining,31,Bangalore,credit_card,21,1829.87,0
34d9b45a-6819-4e1d-8c28-a6afa193843e,140.33,2025-08-24T01:11:52,grocery,21,Jaipur,debit_card,25,60.09,0
58d5783e-4df8-4ae5-872e-526a722b214b,183.73,2025-02-04T18:07:25,online,37,Bangalore,debit_card,25,141.33,0
c8c256fa-1ef2-4e8e-9c81-a014a1e18ac5,140.67,2025-09-14T09:15:05,entertainment,30,Ahmedabad,upi,22,10.0,0
ae96fb11-e329-46cb-b2a8-679b51bb9bec,61.64,2025-02-17T20:45:42,online,43,Lucknow,credit_card,16,10.0,0
1620bcde-55de-47d0-8645-4e9f546413f3,106.4,2025-05-07T21:36:22,online,24,Hyderabad,wallet,28,141.48,0
3985940f-cc0e-4fa3-8230-a272c285a314,238.94,2025-08-04T11:48:01,electronics,40,Pune,upi,28,308.57,0
f56b9525-e80e-4d52-bfbf-778acd4c4ea5,150.95,2025-08-25T12:53:58,online,34,Kolkata,debit_card,28,108.74,0
18729fa8-460c-48a9-9754-8bed861881f8,4816.59,2025-01-28T20:54:15,online,42,Jaipur,debit_card,25,4361.44,0
c61f841f-2219-4b37-9abd-1c8dfda35aa5,69.93,2025-09-27T05:37:22,grocery,46,Jaipur,upi,22,84.12,0
8317d94a-25a7-44ee-9d07-9e1bfd915b12,735.49,2025-05-03T17:44:54,fuel,59,Jaipur,credit_card,15,353.85,0
f70c5bd8-201f-4fea-be70-d2e2d3e3767e,504.48,2025-06-20T21:57:54,entertainment,48,Ahmedabad,credit_card,29,839.24,0
723382e3-9ed6-4de8-9616-9a63d82c903d,583.87,2025-01-01T17:22:44,grocery,27,Delhi,debit_card,20,876.3,0
6a777699-df92-4107-b746-1487a6ff2d15,1900.59,2025-06-21T00:53:04,grocery,18,Kolkata,netbanking,25,2616.25,1
4683ae37-df09-425f-953c-57d9ebac4c5f,133.38,2025-02-16T19:02:58,electronics,38,Pune,credit_card,32,192.11,0
442bf7b7-9891-477b-ae5b-4a48ec074fbf,467.83,2025-03-25T06:35:04,grocery,51,Kolkata,credit_card,21,289.37,0
a0a0dafa-e057-4702-a5f4-3bf0632145f1,603.76,2025-06-26T20:57:26,dining,18,Pune,upi,20,904.92,0
e2906223-6b72-49ff-b973-25347b04e8fa,184.94,2025-10-17T01:06:17,other,48,Delhi,wallet,17,94.91,0
1a9ff3c5-8a36-4b89-850f-4aced57b88b7,111.48,2025-03-28T09:43:32,fuel,30,Ahmedabad,credit_card,29,53.13,0
25199f81-f49e-4b75-9819-66c5b3cd1dd3,77.66,2025-07-17T12:48:24,other,44,Bangalore,upi,30,10.0,0
a44a5636-37b9-4b70-a395-3f1b07161e61,435.81,2025-07-21T04:55:03,dining,43,Mumbai,upi,25,682.2,0
d02db348-adfb-4899-b5c8-2280707d6540,5512.93,2025-06-26T13:52:05,grocery,40,Delhi,wallet,35,4914.11,0
b8f33dfd-8790-426a-8c80-5d461cd48f80,94.07,2025-03-11T14:47:21,travel,40,Jaipur,debit_card,28,30.04,0
e95b9a02-8d2f-4ec7-90e4-f51931dce49c,266.95,2025-01-27T06:07:12,online,37,Bangalore,debit_card,32,449.76,0
96765ff5-97f6-4762-9b80-f469278cc6f1,150.13,2025-02-07T17:10:16,travel,26,Lucknow,debit_card,17,114.94,0
64071b4a-4901-408f-8aea-84d0468af838,363.93,2025-09-26T09:53:28,dining,43,Lucknow,credit_card,20,312.82,0
1e334497-ba47-4391-8661-4427e8cda9ec,387.59,2025-06-30T05:59:17,fuel,36,Pune,credit_card,27,512.31,0
0cbfae60-8233-4e1c-8959-ff418e876b59,1927.79,2025-01-11T03:56:10,online,55,Pune,upi,27,2355.83,0
f8ae6337-ad59-4174-be50-0177dc492419,131.12,2025-02-12T10:50:58,travel,27,Lucknow,upi,28,10.0,0
5a393372-6be2-4716-8fda-48ec362ca2ac,246.14,2025-07-11T06:59:46,fuel,27,Delhi,upi,37,153.21,0
06418962-2abe-4830-b474-8a0545d41301,218.51,2025-01-02T15:24:51,dining,44,Lucknow,upi,22,65.73,0
ce77bbcf-d5bc-4aff-98c3-f83c234652e3,9504.9,2025-04-26T09:25:44,other,32,Bangalore,credit_card,24,7343.32,0
b0165a98-539c-44c1-896d-50c180e1354b,195.05,2025-07-27T03:27:02,grocery,18,Ahmedabad,credit_card,25,118.06,0
7fb27d06-87db-44b0-8602-3fd75b51af0b,387.59,2025-08-28T04:40:12,grocery,64,Chennai,wallet,27,404.01,0
d5b05510-2005-4912-badc-786efa8f48f4,1053.05,2025-06-20T02:24:52,dining,41,Bangalore,upi,15,1073.73,0
7b7ee15e-5ce6-40b5-8561-858a69cd0d32,229.5,2025-02-13T11:55:23,entertainment,40,Lucknow,credit_card,17,58.05,0
6a5c63fc-29fa-4295-a3bf-3fb0abf352dd,133.91,2025-06-18T08:36:43,travel,36,Mumbai,debit_card,27,117.59,0
bc066e5b-0141-4fca-b83b-90797799a3ea,117.84,2025-02-02T05:21:13,travel,18,Mumbai,wallet,21,206.0,0
51c0be14-c62b-4347-b0b2-a92251ced60a,306.82,2025-06-05T18:13:11,travel,58,Jaipur,debit_card,25,178.82,0
73a22d1f-a458-4057-8abc-751805e40561,61.4,2025-09-17T04:05:51,entertainment,32,Bangalore,credit_card,23,56.45,0
ae7d17e4-29f5-4858-8f59-c5cecf512e4c,1151.4,2025-09-11T20:41:32,online,18,Jaipur,credit_card,25,775.08,0
265d2bc2-8102-4b6d-a0ec-ee5ec9e1508a,187.91,2025-03-25T07:18:35,other,52,Delhi,wallet,22,107.17,0
c78d517a-3dcb-41b0-b19c-ccff22809dd0,314.3,2025-01-19T18:00:44,dining,18,Ahmedabad,debit_card,23,102.71,0
11d4782d-6ddb-4949-adb1-be35bf2b5a86,158.71,2025-03-09T19:42:42,fuel,50,Mumbai,upi,26,335.68,0
29b1643c-a255-427b-ae5f-e9d2449b6dcf,2006.07,2025-02-23T07:30:58,fuel,30,Delhi,credit_card,32,2193.83,0
ef3954d9-28f6-4e34-8ea1-060d1fa3f5b2,1422.61,2025-05-15T01:13:43,grocery,31,Hyderabad,credit_card,36,1131.42,0
00ec2400-fc6e-4f5d-b5e6-7b6856357198,1246.14,2025-06-13T11:44:22,dining,53,Lucknow,upi,31,348.88,0
012f124c-acad-4768-991b-b1c3a4d99ba9,847.43,2025-10-03T04:11:42,online,37,Chennai,wallet,17,931.12,0
2bb3cd8e-95d0-4a96-bc8b-a91e7daf2d41,712.67,2025-09-14T13:44:53,grocery,36,Ahmedabad,wallet,18,635.47,0
5675d5c2-d21f-41b1-96dd-294b7419d55d,526.25,2025-02-24T17:02:18,electronics,32,Delhi,wallet,19,534.44,0
b6d03d20-885b-4ee3-84a7-b7698af6c97c,663.28,2025-05-14T06:58:25,other,37,Chennai,wallet,23,537.93,0
d133a8c9-cbed-40c2-9ef2-73900e5e442c,380.26,2025-04-04T16:46:53,grocery,21,Kolkata,upi,20,532.27,0
c66a9556-9121-46eb-98f8-02b5a6936cbc,237.62,2025-08-26T04:09:23,online,67,Bangalore,debit_card,27,397.22,0
ac655b3e-0a8b-4314-96b7-db0d744e38fd,906.03,2025-01-20T13:25:51,grocery,41,Jaipur,credit_card,25,638.42,0
c2344ed2-c5cd-4ec2-84fc-1a5ebab9ac29,561.73,2025-04-19T17:53:19,dining,47,Mumbai,debit_card,27,352.05,0
477edffd-bd75-43d1-8bdc-c04e2ac1688d,189.71,2025-07-07T13:09:36,online,24,Kolkata,credit_card,29,106.98,0
8c95f2a4-f65b-4c04-9533-5bd8fd060af6,2163.96,2025-05-03T14:07:05,dining,59,Ahmedabad,debit_card,25,1584.11,0
96b627a9-39ee-4c4b-b287-e2c3e0e1a0a0,1088.02,2025-06-21T06:22:24,electronics,54,Kolkata,debit_card,21,767.95,0
33cc156f-13d5-46bd-a59b-e957d5b15f49,622.18,2025-01-26T19:31:41,grocery,30,Bangalore,credit_card,16,799.46,0
1eb8b576-a960-43e5-a9e1-e1d36f3435c5,76.47,2025-03-02T02:29:08,entertainment,20,Mumbai,credit_card,20,103.59,1
cae5c8bf-bcac-4b16-b029-8ba5b25e5f31,600.33,2025-09-24T04:47:11,entertainment,37,Bangalore,netbanking,25,476.12,0
b70e21d6-4522-4d3b-8972-348448a19eeb,327.65,2025-02-07T20:07:57,entertainment,32,Kolkata,upi,30,337.31,0
42b060b3-62e8-4f9a-8d4f-8a2bfdb7ed3c,42.47,2025-07-07T07:33:31,entertainment,23,Kolkata,upi,32,25.23,0
c1c6265e-42d0-403d-a85d-836cee45963b,540.68,2025-08-25T04:13:06,online,36,Bangalore,upi,21,768.42,0
19866242-ea0b-430a-939f-286ce26bc27e,811.25,2025-06-09T08:35:22,other,54,Chennai,credit_card,32,751.66,0
de46ea99-ede6-48f9-8b08-5cd1fa4bdc6e,687.32,2025-02-14T04:38:25,online,28,Jaipur,netbanking,34,525.5,0
18083aab-2c5e-4f64-bfe9-e35cd11b3cbc,120.78,2025-09-20T17:41:33,online,37,Jaipur,credit_card,20,109.18,0
d4c932df-7626-4b94-902a-f13816251b6a,422.58,2025-04-22T20:30:56,dining,33,Lucknow,credit_card,25,266.01,0
76e2662d-8d8e-4f66-b5e5-275ba03f46f8,157.06,2025-09-23T12:48:05,online,61,Delhi,netbanking,21,251.42,0
5ebb6c0b-ea1c-4648-a56d-be44f9675898,187.04,2025-08-06T20:03:49,entertainment,35,Chennai,upi,16,183.05,0
9aac76f6-c945-47ca-a4a0-0b6b359aed12,957.88,2025-01-09T03:01:58,online,38,Chennai,debit_card,26,1014.81,0
ba1e367d-e69f-4edf-aa6f-b3131521fbdf,660.61,2025-01-03T20:17:25,dining,24,Kolkata,upi,34,699.69,0
346ebc55-ac2a-4667-a1be-596a8015f801,266.05,2025-02-18T10:06:36,electronics,42,Bangalore,debit_card,29,414.97,0
247c4aed-5f30-4bce-bd8f-169037457d08,1644.21,2025-07-19T15:02:50,fuel,31,Delhi,upi,25,1457.86,0
2e926b3b-4d48-4f0d-a0da-b1d0fe5a6abc,54.67,2025-04-04T11:35:26,fuel,18,Bangalore,netbanking,18,84.33,0
fa176f14-121c-4b7d-a09c-1130d9d325aa,641.29,2025-03-13T12:47:11,electronics,45,Hyderabad,netbanking,30,520.73,0
d4ac8c09-d32a-4986-825b-daa6601abff1,396.31,2025-08-04T21:09:43,dining,43,Hyderabad,netbanking,31,327.91,0
8c314a9d-4ce0-411c-ae97-9042b0ad8a31,502.13,2025-07-05T08:46:55,electronics,34,Mumbai,upi,38,372.41,0
2bb1e9f3-f1b4-4886-9b9a-fa058ec94e89,2522.95,2025-09-05T01:35:18,online,47,Mumbai,upi,28,1608.46,0
d106c327-d08a-47b9-be30-7efdab25c93b,323.37,2025-05-15T00:24:20,online,18,Ahmedabad,upi,22,254.76,0
9656b94f-c802-40ef-a722-1397113b346a,394.45,2025-05-24T09:49:11,fuel,37,Mumbai,wallet,28,384.96,0
f26a0937-c318-477a-8e95-36e69547ddd9,1399.02,2025-09-28T06:36:41,other,18,Bangalore,wallet,17,1804.86,0
cfdb5d32-887f-47ea-a0d2-2c729a4b7c07,393.38,2025-09-16T12:06:41,electronics,38,Delhi,wallet,29,586.51,0
d3fe8c60-ab98-43ac-8d12-4a771b40f3b5,290.03,2025-10-21T05:56:28,dining,46,Jaipur,credit_card,17,10.0,0
a5954437-08df-46fd-8648-86490e7ae982,1398.06,2025-09-14T02:56:19,online,41,Lucknow,debit_card,23,1932.98,0
3d8df39e-5a40-4513-b44a-4658f4b09d30,175.6,2025-03-12T16:43:01,entertainment,47,Bangalore,upi,27,180.5,0
c9a0e5af-1d5b-44f5-be73-dae1e25eaa76,50.83,2025-02-12T14:09:49,other,60,Chennai,debit_card,21,33.75,0
8c7be8d2-f0c1-402a-b77c-7e367622c47d,355.78,2025-01-03T22:56:16,online,30,Lucknow,wallet,25,230.85,0
7da7dce7-4efc-45ba-8477-c0246eb85a95,69.29,2025-01-11T17:44:38,fuel,37,Chennai,credit_card,12,129.7,0
674bbe1f-8b5e-4a9f-9ba4-20d726471e62,272.03,2025-09-04T09:22:13,online,18,Ahmedabad,netbanking,17,158.58,0
b33ad427-1d59-42e3-8c13-b23aa0211600,511.42,2025-02-24T17:23:41,grocery,28,Delhi,upi,24,302.6,0
505592c2-1a71-4121-b804-a2fdf8118272,1634.44,2025-08-17T14:31:01,online,18,Kolkata,upi,17,2035.43,0
4fa45b33-cd58-401a-a926-f26943dab9cb,644.32,2025-04-27T10:52:03,online,35,Jaipur,credit_card,16,58.68,0
73435ba3-b833-48a5-888d-1926203aa6c3,142.26,2025-03-27T04:18:08,fuel,44,Pune,netbanking,29,149.53,0
2e568494-8c99-4bfb-aee2-aca6056f014a,188.76,2025-02-19T08:19:13,other,33,Ahmedabad,netbanking,20,195.79,0
142ce939-3148-440d-9481-f409efbcedda,178.64,2025-10-20T22:01:26,entertainment,30,Chennai,upi,24,261.58,0
cd82c239-07f1-4532-8093-acdfc5a3323b,948.61,2025-03-17T12:46:02,grocery,47,Mumbai,debit_card,25,484.17,0
f5d0d31f-c00c-4bf3-a966-289b53eb320f,135.55,2025-10-18T21:25:47,other,53,Lucknow,credit_card,22,72.02,0
89692e73-463e-4767-adc1-29fe6e24e96b,338.8,2025-03-03T17:33:20,online,31,Bangalore,credit_card,23,261.69,0
0b1b6007-7343-4067-ae09-57aef7550a53,237.55,2025-08-15T18:22:59,fuel,47,Ahmedabad,debit_card,24,162.04,0
3e0fa817-ea32-4fec-906c-c2fe1bd8403f,178.96,2025-01-01T17:12:31,dining,46,Bangalore,netbanking,17,10.0,0
508188f3-6e3e-40c7-9300-76ecb0f8bef3,285.3,2025-10-24T23:31:23,online,51,Hyderabad,upi,26,245.82,0
9c82f7e6-823c-447a-a921-45e0e2a1d9ab,2287.81,2025-06-08T13:27:38,electronics,32,Kolkata,credit_card,28,2455.59,0
376a59ee-9c89-4486-ba47-69c51efad4c7,633.31,2025-03-14T15:33:21,online,40,Pune,wallet,25,193.16,0
f77620c5-8724-4983-92c5-85353f69bba6,380.27,2025-03-28T08:39:50,entertainment,38,Pune,wallet,21,285.9,0
9330df89-6c8f-43a6-9521-9c3de4a6bb28,144.45,2025-09-18T08:00:32,dining,35,Hyderabad,netbanking,31,88.7,0
6a098e17-26fa-45d9-b7a9-a6a1572eed53,917.12,2025-10-24T16:32:56,dining,44,Mumbai,credit_card,31,290.26,0
772e474d-b19a-4c10-8608-c9a0ef3956ec,74.62,2025-04-12T03:15:54,grocery,35,Chennai,netbanking,34,10.0,0
1628fc46-7ecd-4969-a76b-eb4adffa7efa,115.44,2025-02-08T07:22:18,entertainment,50,Kolkata,upi,30,168.83,0
7b09251b-e2f7-4f5a-8bcb-ff7dbbd50fc8,934.4,2025-04-15T14:20:04,electronics,39,Hyderabad,credit_card,28,62.16,0
5a9069f1-7284-4bf9-a9ca-0b4e0e8ccaeb,185.83,2025-03-26T20:58:12,fuel,43,Pune,credit_card,27,227.75,0
11fcfcb9-b845-41b3-8400-9b794adb349b,273.48,2025-09-01T20:32:41,fuel,41,Kolkata,credit_card,29,323.74,0
581fd036-4fbb-49dd-acf8-66182f80880c,345.35,2025-05-30T23:57:30,grocery,35,Pune,netbanking,20,293.56,0
a67ce445-28a9-49a4-abe6-1d45431d2e4f,50.31,2025-06-04T23:30:16,online,34,Jaipur,debit_card,22,10.0,0
720126b3-3572-44c0-9284-7c51b3fe0054,485.89,2025-06-10T16:08:10,other,38,Hyderabad,upi,28,259.47,0
880687ab-2585-445c-b34e-2195995a8525,304.17,2025-10-19T05:44:23,grocery,53,Jaipur,credit_card,37,371.42,0
efd87004-540f-48bc-b854-e91072e5be31,98.59,2025-05-07T11:39:51,entertainment,37,Ahmedabad,wallet,33,10.0,0
2aef23ad-8ec1-41be-bbe6-5272524e1fb5,229.55,2025-01-25T08:50:54,travel,46,Hyderabad,debit_card,26,78.94,0
b7cf6ece-c322-496f-9c3f-4a267bcf147c,188.15,2025-07-26T11:51:08,grocery,40,Bangalore,credit_card,25,10.0,0
1307d4ec-63fa-44a3-b370-c2f639eb0e95,667.02,2025-03-05T22:17:59,online,37,Mumbai,credit_card,20,552.96,0
10ca2943-d2b9-45aa-8b6d-4452cf9ee67f,295.22,2025-04-17T00:53:29,entertainment,40,Chennai,netbanking,26,365.27,0
c3a590c8-17a0-4df9-9c92-3e17c63fa31f,882.1,2025-10-14T09:00:25,fuel,23,Mumbai,netbanking,25,1105.02,0
a3ec9cdc-c233-4d49-a018-343b1798c0d1,146.26,2025-03-23T19:40:52,fuel,36,Lucknow,upi,18,282.28,0
0491c346-1363-4ef4-8072-d74b49db133b,248.09,2025-09-29T00:00:18,travel,31,Pune,debit_card,21,237.98,0
e3838f88-6159-48be-b778-ccfef72941db,1849.41,2025-02-27T02:17:50,online,49,Bangalore,upi,24,1893.3,0
c39a7023-ff22-458b-a95f-7a1a6eeb3107,11.79,2025-08-06T14:53:54,other,28,Bangalore,credit_card,24,34.66,0
05c29d80-ede2-4e98-9321-dc35afa68c3b,323.04,2025-02-15T02:06:59,grocery,36,Ahmedabad,wallet,26,279.76,0
e49cffd4-31b3-4825-92d3-c5bb0d02bfef,433.14,2025-07-02T12:46:27,fuel,32,Jaipur,wallet,29,280.62,0
01b34626-893f-45e2-bd7e-bcaa6ea582bc,1733.38,2025-03-18T11:06:56,other,66,Pune,credit_card,22,2093.2,0
f0486ec5-1c80-4543-a7b3-f820fd49262d,90.95,2025-03-19T19:53:23,fuel,28,Lucknow,credit_card,28,10.0,0
1d56f58e-26e5-4680-b798-daf4eb7427d7,120.63,2025-08-17T20:43:23,electronics,43,Lucknow,debit_card,33,145.93,0
daeebd9b-4b43-42d9-bb35-abee69bfeed4,214.9,2025-08-25T14:03:19,electronics,21,Pune,credit_card,29,125.09,0
4e9c5caf-01a0-42cd-8dda-30889aeca2d9,970.41,2025-03-25T05:26:48,grocery,46,Kolkata,credit_card,21,883.84,0
f1ca19f1-8802-42e1-8191-40b919c1a452,533.3,2025-06-29T13:48:44,grocery,42,Hyderabad,debit_card,31,146.47,0
9c2ad977-1555-43c0-bdfa-9b39aa1cbd81,154.11,2025-04-06T07:14:47,entertainment,35,Kolkata,netbanking,28,206.78,0
aa5ce781-c3af-47d8-808c-a4dd0dc17be1,365.37,2025-06-04T16:42:35,online,24,Mumbai,upi,33,150.69,0
5606a5d4-759f-4a1c-adaa-3bfac27121c3,467.77,2025-04-05T09:21:09,other,42,Delhi,upi,25,392.45,0
cdf637f8-a439-467f-b19a-29e344f646ba,69.01,2025-06-08T14:02:59,dining,46,Mumbai,wallet,26,34.45,0
0d015fac-3658-45da-8d11-c537065b17e4,73.72,2025-06-22T00:49:23,electronics,36,Chennai,credit_card,23,29.27,0
2992c318-fd7f-4df5-9655-27c04c8fb33f,616.72,2025-07-05T07:26:51,online,56,Bangalore,netbanking,26,719.55,0
813470b3-c70a-416a-aab4-7a31e2908465,2389.88,2025-09-08T10:19:19,entertainment,26,Lucknow,upi,32,2115.98,0
e3fe70ae-16de-4d44-a40c-f96bd8801f99,402.19,2025-02-28T16:32:00,dining,41,Mumbai,netbanking,22,10.0,0
766a775a-6fa5-4716-b74b-8478385866d2,1086.95,2025-01-31T10:42:45,entertainment,21,Lucknow,credit_card,25,1279.79,0
7758d42d-bc09-4a27-bfae-01a0dd0f4a98,167.62,2025-01-06T11:42:24,grocery,18,Lucknow,debit_card,22,95.95,0
5d7967d9-4251-4ace-b49a-43dd51027cb0,472.6,2025-10-14T18:35:53,entertainment,41,Lucknow,debit_card,26,514.95,0
4001cfa7-4fa5-4c83-9f76-eee43788de75,223.92,2025-05-21T15:26:30,entertainment,41,Pune,wallet,29,176.95,0
8597dd08-7e3e-49c9-a4e6-218b3d12eed0,490.34,2025-09-15T17:41:52,electronics,45,Delhi,debit_card,14,637.92,0
bf7895a6-2c86-4042-a3ed-94f9294ebad8,388.0,2025-04-19T01:47:40,dining,54,Delhi,credit_card,18,464.35,1
c4eb1035-a53c-4104-ba68-aa89d2f275c3,342.91,2025-07-19T04:51:20,entertainment,48,Ahmedabad,credit_card,19,331.9,0
6b369d7f-fc68-43b2-8bac-6b16f7323e62,864.73,2025-07-13T19:59:02,travel,48,Lucknow,credit_card,32,830.97,0
7e99f518-3c41-4c5d-a89d-22550c5781cd,946.15,2025-02-01T06:48:59,grocery,46,Kolkata,debit_card,22,722.95,0
ed086ed4-49b7-479b-9d0f-28428ab256ad,140.54,2025-01-18T04:23:19,online,56,Jaipur,credit_card,29,165.02,0
cfc5d480-d394-4904-a25e-c86713d02402,403.49,2025-03-03T02:29:15,entertainment,31,Chennai,credit_card,20,202.4,0
ffc769ea-4e05-492e-9e34-e3485b14127a,541.63,2025-01-19T13:49:35,online,48,Ahmedabad,debit_card,31,624.02,0
13e07c9a-fe53-439c-b66b-927d24202498,336.58,2025-02-17T05:33:09,dining,50,Bangalore,upi,27,237.74,0
7323d4d7-225a-45ef-b032-b905a78d996a,80.88,2025-08-16T01:51:14,online,46,Ahmedabad,wallet,26,199.53,0
470c625e-85f1-4d3a-a3bf-f8ccb08db371,5892.78,2025-08-30T13:20:24,online,34,Hyderabad,debit_card,20,4407.13,0
e6ce069e-4494-4076-a73a-c8aedbf12cc4,91.2,2025-03-14T15:37:42,grocery,24,Bangalore,netbanking,22,81.01,0
1b7aad6d-1f7f-47d1-90a2-2b559a1e02ca,1572.54,2025-02-06T01:49:22,travel,27,Ahmedabad,upi,17,841.47,0
99a314ef-ac2a-4236-9696-da98f3eebfed,153.95,2025-03-31T19:40:45,fuel,48,Pune,wallet,29,209.9,0
f29f314a-0e02-4f3f-8bd7-7afbd4f4b441,1348.45,2025-08-17T17:18:33,fuel,44,Ahmedabad,upi,37,1875.31,0
7f4c839d-8a3c-415f-9177-5d4563930859,321.77,2025-04-13T11:17:54,dining,35,Pune,wallet,32,149.43,0
1f3e0d9d-f785-40fd-b4a5-e7eb149cafda,462.99,2025-08-04T01:44:04,online,36,Ahmedabad,upi,22,276.14,0
38f3e637-b14f-4b6b-9802-83a2a00cc8db,317.31,2025-01-26T09:58:48,grocery,40,Ahmedabad,credit_card,19,127.55,0
90c79d7d-8094-4fc9-af64-cf69a287e342,104.42,2025-04-18T07:34:55,dining,54,Chennai,netbanking,25,47.38,0
0892273d-e976-45e0-afb8-532b1c4064b5,2091.89,2025-01-30T22:23:36,online,35,Jaipur,upi,22,613.48,0
69d09951-b483-4a0e-b79d-9965e77e9569,791.03,2025-04-29T02:47:33,travel,39,Lucknow,credit_card,27,737.27,0
3f46b0f0-376e-4f4c-a279-89524b8d9394,190.86,2025-04-05T03:31:21,grocery,42,Kolkata,credit_card,31,244.33,0
c5601143-ec67-4ea1-9176-5f3e59417963,194.84,2025-04-22T18:09:14,online,44,Kolkata,upi,23,206.99,0
8c7e2d8a-de76-40bc-843f-2a30cfa471b0,885.8,2025-02-27T05:36:36,grocery,42,Jaipur,credit_card,25,848.14,0
a67a4b41-d769-4604-8e72-708fcf37b4b7,663.12,2025-07-08T12:13:40,fuel,37,Delhi,wallet,28,767.66,0
fa2eb460-ef8f-44c4-88ce-a7ef8a610d70,555.62,2025-05-11T18:11:53,online,43,Hyderabad,credit_card,34,294.9,0
376fcada-e94f-438f-8774-9f2c78e6e823,54.96,2025-02-02T20:29:04,online,42,Delhi,debit_card,18,133.63,0
6d30e556-23e1-4b9d-b2e0-fbef387e63ae,287.97,2025-06-28T13:12:03,fuel,44,Jaipur,debit_card,21,76.04,0
72c7d29b-8d25-4735-9bb9-859b8bd1a281,1189.28,2025-04-08T20:07:58,online,33,Chennai,upi,22,1153.99,0
31604ef7-7ea7-4089-abe2-a5738c967e9a,236.88,2025-03-30T04:54:05,electronics,29,Pune,upi,21,28.89,1
73048249-fb30-47b9-8ef7-e23e181d2f58,354.89,2025-09-13T00:18:12,dining,41,Kolkata,credit_card,20,51.88,0
f548a1f7-58ad-4f49-b5c2-7d42c210f98b,2065.71,2025-07-20T05:54:55,grocery,24,Chennai,credit_card,18,2792.74,0
fb20aa7a-7bc3-45a2-8310-c6264d4fef00,282.37,2025-07-29T14:16:54,online,47,Jaipur,wallet,37,89.22,0
1268f73a-885c-4093-843e-787dc99a93a9,572.32,2025-05-17T04:44:52,grocery,47,Hyderabad,credit_card,23,43.53,0
8ebc1dae-a73f-41b6-88ad-e1c0d22a51c3,411.05,2025-04-27T05:30:19,dining,28,Jaipur,credit_card,18,389.69,0
ff2d97cb-b63a-4e3f-ba1d-7972bbdd6a2d,154.13,2025-05-26T06:41:54,online,47,Chennai,credit_card,17,72.77,0
aadf8836-1831-417a-8a26-0a5e57813cec,457.81,2025-06-06T01:52:12,dining,28,Delhi,credit_card,29,535.29,0
0663f4a7-3d8c-42f1-b8d1-24ca5a7ef3d6,1333.2,2025-01-08T16:32:31,electronics,38,Lucknow,upi,25,970.06,0
845fa0fb-e35b-4374-87b3-31c4211e41cd,415.61,2025-07-30T05:43:58,online,43,Ahmedabad,credit_card,22,129.94,0
6c0dd99e-8b12-4de4-833d-1d6a55594f0a,1338.79,2025-05-28T07:44:33,dining,31,Delhi,upi,22,831.68,0
f46fb1c8-4daa-44e2-886e-bb453ed8982b,206.52,2025-06-12T09:17:34,grocery,33,Lucknow,upi,19,384.06,0
089b8564-eca3-43b3-a811-bcc8adf1e452,266.03,2025-07-23T11:57:04,entertainment,42,Chennai,netbanking,29,314.12,0
f2a9daec-3176-4bca-8810-121e84fc04c1,727.93,2025-09-30T05:42:19,entertainment,56,Chennai,upi,22,719.53,0
f497cb3d-e3a1-477a-ab05-9d84c981ab78,694.08,2025-05-14T14:59:58,online,35,Hyderabad,wallet,29,564.53,0
038b999d-ac1c-4b6b-ba6c-d6c31d6dfcf2,137.39,2025-04-30T04:43:58,electronics,47,Lucknow,credit_card,22,75.17,0
59245ef3-271b-4132-aaad-5b8afdd42ce4,123.7,2025-02-01T07:43:02,entertainment,27,Kolkata,upi,38,56.44,0
ed9dfc03-ea81-47f2-99b6-6a5a2d20295e,70.68,2025-02-20T11:04:30,online,36,Ahmedabad,debit_card,21,83.04,0
1dcde26b-ca33-4744-8214-cbc28b6d1b36,358.47,2025-01-23T00:28:39,travel,28,Chennai,upi,42,426.87,0
e46111fb-76a0-4969-aaee-6fbdeb819b97,752.16,2025-07-08T23:04:14,travel,36,Mumbai,netbanking,30,248.0,0
06426279-e470-4164-a8fe-b8bee8736890,175.86,2025-02-08T15:08:20,electronics,32,Ahmedabad,credit_card,29,109.96,0
60970c96-fb3b-42ac-9030-76883cc7d8a2,610.95,2025-05-20T21:25:48,dining,30,Bangalore,wallet,23,532.85,0
effe8cd1-b87a-4114-9561-7bdac476e83e,687.49,2025-07-19T12:20:47,entertainment,55,Chennai,credit_card,27,592.74,0
64570284-5dd7-4e8c-846d-bb734fb726a7,698.07,2025-02-14T10:39:55,travel,29,Hyderabad,credit_card,24,658.29,0
2e9a4585-8ed6-44aa-955c-d2ff0a7ab639,424.79,2025-10-16T10:38:11,electronics,41,Chennai,wallet,26,262.58,0
ca8ccdd9-3058-4bf6-a325-ff817db206c9,267.29,2025-01-21T12:28:19,entertainment,38,Delhi,upi,19,89.72,0
02c1e4c5-42ac-43d8-ad68-1b1e9c444ef1,619.47,2025-08-09T03:57:30,travel,23,Bangalore,debit_card,34,446.64,0
463acedc-2072-4d34-9434-f263433f18c8,1208.53,2025-05-16T03:19:25,fuel,37,Pune,credit_card,19,678.66,0
eedddfd4-2bf3-49bf-9603-607b9d347b1b,298.15,2025-01-29T11:46:20,entertainment,61,Delhi,upi,20,302.66,0
8ead2818-5c5c-43f5-b6fb-8e09f706177d,343.56,2025-10-06T14:39:44,travel,40,Pune,credit_card,30,247.19,0
06fa3f75-8df5-4d75-a586-cdf8912d1d96,137.5,2025-04-16T12:39:16,online,36,Kolkata,upi,29,217.84,0
39ac53ee-df1f-4d4d-bb7b-330221da9a56,412.56,2025-05-08T09:47:06,dining,39,Chennai,upi,30,596.84,0
8224aa26-598b-409b-ab9b-d20d2157a8fc,282.18,2025-04-05T12:15:29,dining,44,Chennai,upi,25,221.87,0
82eb0615-b959-4cd1-aac0-9c5217b2f565,213.77,2025-02-27T18:25:14,travel,30,Delhi,debit_card,13,94.59,0
53b344d3-b84b-41af-b53d-1fd6c22ba35c,974.48,2025-01-05T14:37:00,grocery,28,Hyderabad,upi,23,661.83,0
eedc03a1-8123-414f-b945-9ab8de82e223,117.19,2025-03-02T17:01:10,entertainment,63,Lucknow,debit_card,38,98.15,0
a22a2ff5-707a-4160-bc72-5e1629545c89,570.05,2025-06-13T19:35:34,electronics,57,Bangalore,credit_card,24,378.34,0
faf633a8-e547-4f24-a538-13e778151109,3277.62,2025-03-25T21:12:22,entertainment,48,Hyderabad,credit_card,31,2207.94,0
5ed478d5-2ce4-4693-b401-7674abf6254c,652.01,2025-08-17T10:48:53,entertainment,22,Delhi,netbanking,31,276.48,0
ea557471-99b8-456f-a499-890faeeae0af,556.34,2025-05-29T18:41:34,online,42,Delhi,netbanking,35,354.78,0
027ca253-d87a-41c9-b22b-f76c6758afe0,212.15,2025-01-10T07:05:28,fuel,57,Delhi,upi,24,139.57,0
3ce2c2b3-f2ed-42b5-86b7-370fe2089f2b,279.16,2025-05-04T22:56:42,fuel,53,Lucknow,wallet,28,341.39,0
35bbbb84-282f-414a-a1d1-093c691f6e2f,583.97,2025-08-08T06:04:58,online,26,Chennai,netbanking,18,545.32,0
2d575adb-6076-4fe0-9554-d72cf6a54742,476.48,2025-08-27T00:13:35,travel,48,Mumbai,debit_card,22,211.74,0
928fafff-1886-45d9-9f08-b567457e7f76,258.75,2025-09-24T08:39:45,grocery,24,Hyderabad,upi,24,69.26,0
0e3220b7-a354-492d-a245-d09b547c363e,540.42,2025-01-15T12:35:54,travel,33,Mumbai,upi,20,785.94,0
a3b25cce-d1a1-4838-9b77-a0e8dca9fe59,2318.65,2025-07-28T16:27:56,dining,28,Mumbai,credit_card,28,1262.5,0
492a10c9-c38a-4062-bd0f-16d08a5e56ec,677.27,2025-07-15T19:17:18,dining,18,Delhi,netbanking,22,10.0,0
e438bd95-3313-4749-8616-62a600c5abc5,981.66,2025-02-18T09:02:05,grocery,37,Chennai,credit_card,29,1183.35,0
ceb4dc5e-cda8-49a3-abcf-7fbd6727626e,154.18,2025-10-23T22:57:40,electronics,53,Chennai,upi,31,90.76,0
deeb5b0a-7b7c-4277-a74a-9a1d2d3f7877,789.4,2025-05-13T11:28:29,electronics,35,Kolkata,wallet,27,1073.32,0
d37720ee-8b28-4b56-9d51-8e5c4ff81225,125.69,2025-08-15T04:10:38,electronics,33,Kolkata,upi,32,10.0,1
21f47ad0-5bba-40c4-8dc0-b0ea9d2306ee,305.14,2025-10-26T10:00:51,fuel,29,Ahmedabad,upi,29,227.39,0
8b40b336-ce05-4eea-8662-5e439dff386e,121.5,2025-03-24T16:46:23,electronics,38,Bangalore,credit_card,21,70.91,0
0a70ada9-b9be-4e3b-be20-60e95b3a580b,9696.07,2025-01-20T02:27:29,online,69,Bangalore,upi,25,8642.5,0
0f39ebfb-1eda-4641-bd7d-20353bd07a65,44.16,2025-04-18T02:09:34,travel,39,Chennai,debit_card,19,43.01,0
7d9db23f-c95e-40f6-ac33-6bb40e78d475,882.32,2025-05-22T20:47:27,entertainment,35,Bangalore,credit_card,27,569.01,0
9a418ec1-fb3c-49f8-b44c-6d604952ee34,749.28,2025-09-26T00:49:35,entertainment,50,Delhi,debit_card,20,677.32,0
e81acfe4-6539-4121-b851-95c98a20e044,1033.72,2025-09-15T21:26:49,grocery,41,Lucknow,credit_card,23,960.86,0
0cf5dcc4-240a-48d0-b84c-84fa8667e30f,1067.04,2025-03-28T13:32:15,grocery,39,Hyderabad,netbanking,19,777.07,0
8f5254a9-e300-45a4-8baa-1276f57c5b1e,1719.72,2025-02-15T20:21:29,electronics,41,Delhi,upi,32,2521.66,0
972304d1-eba2-4a36-91b6-af42de92eee2,226.34,2025-09-26T10:23:10,other,29,Hyderabad,wallet,26,201.47,1
9ef01c17-1e32-4039-abcc-a242168cc02b,476.61,2025-07-06T16:51:30,dining,34,Mumbai,wallet,21,400.92,0
03ed9ef3-3cd2-413d-9786-da42dd3bc209,730.11,2025-05-07T21:25:30,online,18,Chennai,upi,30,492.76,0
220e37c9-7189-4527-a3a3-7a4143dda866,142.92,2025-05-14T21:56:49,online,18,Ahmedabad,debit_card,19,18.09,0
0a6b3069-3a5a-41d2-be97-36e122b85713,163.61,2025-05-29T13:22:10,dining,48,Delhi,credit_card,20,101.6,0
900e0fc6-5531-4c4b-83b2-395a4d5fbdb2,883.08,2025-06-08T05:15:55,online,26,Bangalore,upi,18,1078.28,0
aea68142-cfa7-4af1-bc2d-aa08a53ec2b2,353.26,2025-04-29T08:22:22,electronics,18,Kolkata,netbanking,33,468.91,0
139a674a-2dc7-415f-b34a-9b6077e82c7c,979.42,2025-01-27T17:05:59,online,41,Hyderabad,credit_card,23,303.2,0
3a6e8494-948e-4de8-beb7-8e299bcf2a26,357.0,2025-09-20T10:31:59,dining,47,Chennai,netbanking,23,151.49,0
acadbf0a-2bcc-474f-8582-be6c82dd86fc,735.93,2025-05-30T06:14:35,entertainment,53,Chennai,credit_card,22,513.37,0
ff6cb982-aa33-4d3f-8e4a-c65b459267b1,337.65,2025-09-23T20:09:12,grocery,30,Lucknow,upi,25,194.97,0
14e434e4-1531-4abb-b47e-ebd03e26df7e,1067.67,2025-04-15T00:55:06,online,30,Bangalore,upi,21,396.92,0
3e673a01-f39a-4c80-814a-c9b65e87e0b5,67.68,2025-05-11T04:07:55,electronics,29,Bangalore,debit_card,16,10.0,0
410dd9fa-5ca4-4b5f-a83c-4728d722e80e,216.71,2025-09-26T12:05:49,grocery,37,Chennai,upi,29,288.85,0
5a586cc4-1584-4897-b01a-74a214b7a33e,706.02,2025-05-30T22:59:36,entertainment,55,Delhi,debit_card,32,358.25,0
d8c72025-abd1-4ae0-a149-17abc3177a4c,4191.52,2025-08-20T18:52:34,dining,38,Delhi,netbanking,33,3040.22,0
e69b151d-dc17-4c24-87d3-3bc615dd68f7,434.18,2025-02-12T05:47:59,online,55,Lucknow,upi,20,361.47,0
91dbf57b-9838-43eb-af02-1b51f9bad6b5,256.03,2025-09-14T03:14:47,dining,26,Chennai,wallet,28,320.06,0
3fccb793-c3b7-4a00-b4d4-d8d738bbc963,396.68,2025-08-08T15:22:51,fuel,24,Lucknow,upi,28,253.5,0
b842e417-5316-4725-94c8-c04e25a6e324,769.84,2025-05-21T01:30:24,electronics,36,Hyderabad,credit_card,22,403.94,0
d79ecfa3-f76f-4e0a-b0ca-5263f946fc66,173.23,2025-08-08T02:27:35,online,34,Bangalore,netbanking,30,90.16,0
2150a087-16d8-46f8-bac9-6a0e363973d2,2041.41,2025-06-08T08:37:42,travel,42,Kolkata,debit_card,28,851.98,0
8ed072b6-757e-4024-b04a-65ac7eb99ec8,227.65,2025-09-22T07:53:29,online,56,Jaipur,wallet,33,251.14,0
705f62fd-282b-4458-8359-69bf3132e9eb,454.75,2025-02-28T09:44:46,fuel,33,Jaipur,wallet,23,29.15,0
4d93293c-e810-467e-b05e-95b306eb7030,825.75,2025-01-12T05:36:57,grocery,20,Jaipur,upi,25,934.62,0
b9001d28-626c-485e-8cb2-124dc40e0070,973.71,2025-06-13T04:32:46,electronics,33,Ahmedabad,upi,23,1292.68,0
09791f7c-4fd8-466d-ad30-2033c8843633,817.09,2025-02-18T10:28:26,travel,25,Pune,debit_card,33,774.06,0
b02dc7d5-bd0b-4f8f-88fc-3defaf66ac01,570.52,2025-04-14T15:40:14,electronics,45,Mumbai,upi,23,477.08,0
c4b1bb19-07e2-4709-bb9b-65d50d25c8f1,130.64,2025-07-27T19:59:19,grocery,43,Hyderabad,upi,21,70.46,0
024cb838-7e7e-4d3a-89ef-c2592f877d47,226.53,2025-03-17T15:24:15,grocery,28,Pune,upi,26,297.31,0
b6dd3cda-9008-422d-8c15-e17ef3ed89f5,99.08,2025-03-17T18:00:02,online,42,Kolkata,credit_card,22,86.84,0
ff484553-0321-4796-8ab4-6bfca3a9c87d,1023.38,2025-09-01T04:11:21,electronics,18,Chennai,credit_card,27,1210.14,0
109d22fe-51c1-42d8-8837-16588345bdae,86.91,2025-07-13T22:19:02,fuel,41,Ahmedabad,upi,32,57.8,0
a4fcb81b-d9e1-4c29-bab5-3b07a12af6d8,471.84,2025-04-14T05:32:26,grocery,28,Bangalore,upi,23,663.87,0
eca73291-871b-4e90-adf8-d62f65d2eafe,1275.27,2025-05-29T06:06:59,online,22,Bangalore,upi,28,1361.64,0
4b288f8b-5626-4978-9035-6ee94aa438d0,220.85,2025-03-03T12:03:54,electronics,42,Jaipur,upi,33,312.11,0
3dc3bb6c-383e-4198-ba0b-1a805d1762e1,816.22,2025-06-03T19:50:02,fuel,35,Chennai,wallet,29,388.22,0
df9dd8ed-ee92-4ef4-855e-1bfd9aa78c4b,1025.83,2025-02-18T02:53:11,grocery,41,Pune,upi,22,604.55,0
b50e2e1a-b327-4db6-bf44-4223331d7b13,329.14,2025-07-30T18:59:40,entertainment,21,Hyderabad,upi,19,262.09,0
ef81ae9d-36d1-4b33-95b7-93ddfa4240cf,465.33,2025-07-10T10:03:13,dining,31,Bangalore,debit_card,26,247.02,0
1f1e461e-54c4-43ad-9499-7d2be2285ceb,449.77,2025-08-03T01:54:00,online,18,Jaipur,upi,28,365.89,0
29551638-38a5-4005-b83a-332cd17abd81,674.65,2025-05-13T05:05:02,dining,18,Bangalore,debit_card,22,728.68,0
146bd866-74ec-48b0-a2e1-5999b6a7d65c,1562.47,2025-06-12T17:54:31,fuel,43,Chennai,credit_card,17,514.79,0
adfc81d5-da9f-4d4a-92d9-b6bd6253de46,365.46,2025-09-11T00:30:16,travel,57,Hyderabad,debit_card,27,212.71,0
b12d5b7b-bbd3-43ae-a213-0fa6d5128341,2273.2,2025-04-03T16:49:50,travel,33,Hyderabad,upi,27,1193.21,0
774e6aef-1716-47b1-af66-8ff148618118,673.6,2025-03-31T13:29:59,online,41,Lucknow,credit_card,27,442.66,0
47af8a09-5e8b-4a23-9dc3-d4caa516065e,143.21,2025-03-29T00:08:03,fuel,44,Delhi,upi,25,54.35,0
0775f221-0e7f-4a8e-afad-6b05f80a00ce,53.71,2025-06-28T05:22:49,online,23,Kolkata,upi,21,125.42,0
ea801263-ceaf-4753-9c43-0b3aabf72780,3312.68,2025-03-11T00:34:18,online,40,Lucknow,credit_card,25,4660.46,0
dd564f7a-cf6c-47ec-96bc-c72efcc8b258,2784.44,2025-02-16T14:06:19,travel,18,Pune,debit_card,25,1484.43,0
e7270080-aeba-44f5-a4bb-61f0bb47945e,83.05,2025-03-17T10:47:20,travel,28,Pune,debit_card,34,38.53,0
4385036f-5637-4ed7-b01e-a71435acca36,397.1,2025-03-10T00:43:51,electronics,31,Lucknow,upi,26,443.31,0
528ba595-6797-4196-9640-86fa8eb988a1,907.48,2025-08-19T04:01:30,fuel,24,Kolkata,credit_card,24,262.54,1
f0d595b3-96b4-40cb-b4a8-71366c2a52ba,484.03,2025-07-23T16:44:50,online,37,Delhi,netbanking,27,476.18,0
26e4e3ae-3855-4239-9818-73ed26b834f4,500.42,2025-07-05T09:04:27,entertainment,22,Kolkata,debit_card,23,10.0,0
41bb5572-c906-4be0-937e-24826736f051,238.78,2025-10-01T08:35:36,entertainment,44,Bangalore,debit_card,20,107.76,0
1d62b73d-dd84-49b8-96fb-ce38957535f1,1422.45,2025-10-06T22:03:21,electronics,32,Pune,upi,17,1846.86,0
4f530e73-6e62-497c-8817-d9203e66fe8f,1666.51,2025-04-12T01:34:50,fuel,28,Chennai,upi,35,1054.9,0
2a390adc-5057-4074-b4b9-ef4dbec1d10e,295.96,2025-09-14T00:18:09,online,74,Delhi,upi,25,405.49,0
42bba140-ad7e-41a4-9bfd-dd866af29950,366.94,2025-05-30T12:21:51,grocery,42,Ahmedabad,upi,29,415.55,0
80596171-9d40-46d1-af1c-e85b35dad2b1,1971.75,2025-09-04T18:57:59,fuel,31,Ahmedabad,credit_card,19,1330.23,0
7e55c04f-8e28-4e8f-96fa-d1f71930a7a3,2525.99,2025-09-07T02:55:45,travel,40,Ahmedabad,credit_card,21,1225.75,0
b2966709-4e9d-494e-92ac-01861ed5f718,328.12,2025-06-20T01:23:45,entertainment,32,Mumbai,upi,22,488.09,0
b2d293bf-85ad-486c-877c-215e6cf92be6,1315.44,2025-07-19T19:44:11,electronics,50,Ahmedabad,upi,20,1343.32,0
fcb8a65d-6892-4bf7-bee7-ddc05e03beed,212.23,2025-07-24T09:26:35,travel,38,Bangalore,credit_card,22,10.0,0
476308d3-da85-44d6-8f33-729cb735ed4a,321.3,2025-06-21T21:17:14,fuel,53,Delhi,upi,27,26.08,0
83a27a07-7f7b-4176-8b38-13141293691f,615.6,2025-03-26T04:00:43,other,35,Bangalore,debit_card,31,586.48,0
39dbba0d-a2b2-4411-a02e-aedf6d4fc821,244.16,2025-10-01T17:39:19,grocery,37,Pune,netbanking,27,86.8,0
8b1b3ae3-7be0-46eb-89b5-21c96dd105e4,489.33,2025-04-10T22:49:41,online,18,Pune,wallet,23,291.96,0
c325d7c6-c1dc-4092-95d7-99d75b019f6a,175.4,2025-01-16T08:35:38,dining,45,Hyderabad,upi,17,137.19,0
f4343ec3-4335-4d99-aac7-0a668872289a,57.05,2025-03-01T09:21:39,online,54,Lucknow,upi,23,10.0,0
c2b2e413-7915-41a8-859f-a51d7b5f6a0a,1718.7,2025-03-17T02:53:40,electronics,26,Pune,upi,29,1724.42,0
de75a3f2-0d7a-462f-9c28-d5056c4f9119,439.68,2025-02-16T19:55:10,fuel,26,Pune,debit_card,26,351.6,0
87234440-d36a-47f7-89bb-ef47b67752b0,5947.68,2025-10-23T05:50:19,fuel,57,Lucknow,debit_card,26,10.0,0
8b4ef95c-e38c-4b24-9bf3-6225e16a9695,144.05,2025-08-22T08:24:47,fuel,46,Delhi,credit_card,21,191.66,0
8f738baf-97c5-4813-8845-d9860a490362,179.57,2025-02-18T08:31:45,other,38,Chennai,upi,18,10.0,0
5a4e0f6c-6264-48f6-b9c3-056012a74213,1293.14,2025-02-01T06:59:08,online,55,Kolkata,netbanking,27,1614.31,0
38cb6fae-40b8-4fe8-b22f-fdef066dc291,650.25,2025-04-07T02:49:02,fuel,31,Chennai,upi,25,1004.96,0
fb1f569a-b7a6-40d4-bcef-5af4ab075e96,282.36,2025-06-09T16:37:07,dining,45,Mumbai,credit_card,29,10.0,0
2cbfdd2c-46fc-4d45-896c-1cb24b9ec3a0,222.25,2025-07-27T08:02:46,electronics,53,Chennai,upi,20,10.0,0
705cc317-a2c8-4ea9-b28d-2f626f31af1a,4207.15,2025-03-25T13:45:12,fuel,33,Pune,debit_card,25,2544.27,0
8c14b6b9-b676-4c94-8cde-9eddc5d1d60d,473.87,2025-05-12T22:06:53,electronics,35,Chennai,upi,32,476.58,0
de2b561b-44b4-4755-bed1-fb4e3411fe46,111.29,2025-10-08T16:51:35,grocery,33,Delhi,credit_card,19,118.78,0
8adfead8-8d8f-478f-a068-5ec6f4b4c862,354.23,2025-06-03T03:13:20,travel,44,Kolkata,netbanking,27,159.87,0
b47d2554-8d94-4d05-9bb4-52f477e28420,71.33,2025-02-11T23:07:51,entertainment,41,Jaipur,upi,16,15.18,0
89c39824-ed00-4cb2-9889-5026aea48b71,689.08,2025-10-06T12:45:54,online,25,Bangalore,debit_card,23,233.34,0
73cd42d8-1333-4001-bad3-54c5bcd5c927,449.26,2025-04-17T06:31:28,grocery,18,Delhi,upi,32,10.0,0
4240ea31-3694-4426-91ca-53be95a77cc9,759.34,2025-02-02T22:35:48,fuel,25,Mumbai,credit_card,26,279.41,0
1928fd18-c56d-460a-86c8-ae1325272cf7,1158.0,2025-09-23T16:05:42,grocery,62,Kolkata,upi,29,401.74,0
4d5b42fb-3e10-42a2-b412-464004f79320,1169.59,2025-08-25T03:04:56,grocery,21,Mumbai,debit_card,26,1213.57,0
d9349160-93d6-4950-bd09-3a761bb60699,1101.82,2025-03-17T07:19:24,entertainment,35,Lucknow,upi,26,963.32,0
62ce82ab-3a73-45b9-8434-df802e9b1bf9,299.71,2025-09-19T07:59:23,other,41,Delhi,debit_card,22,190.51,0
abe54f43-9341-4e20-a62b-4d6c545e6b79,649.41,2025-03-10T00:43:17,entertainment,37,Bangalore,upi,26,470.9,0
6f3651d0-33b7-47ed-b5cd-5909140cf2cc,1225.1,2025-06-19T03:18:09,dining,49,Kolkata,credit_card,35,1189.98,0
16f44a74-a490-4ae0-96d5-15a75431ac95,96.65,2025-03-22T14:48:57,fuel,18,Hyderabad,debit_card,16,10.0,0
af7ed3c0-9ba6-4e82-b449-7914f620f4fb,1033.6,2025-05-10T03:44:13,online,46,Kolkata,debit_card,29,2030.65,1
2fd775e1-cbf5-40e7-81e1-7a1edb876eb7,183.56,2025-07-26T09:46:15,electronics,29,Mumbai,credit_card,27,283.73,0
0a6f6869-3247-451c-8004-ce31a2b64e61,141.42,2025-03-08T14:23:41,online,53,Delhi,netbanking,25,80.29,0
10a65d61-9138-4bf5-a186-407342d9e9f5,204.46,2025-05-03T20:33:03,electronics,36,Hyderabad,debit_card,17,130.63,0
08b3e5c6-f8d1-416c-aec2-1067e7c040b8,108.85,2025-06-24T10:55:31,grocery,35,Lucknow,upi,34,188.45,0
5f3e7178-a828-4813-be00-fcd9e861991c,191.05,2025-01-05T09:15:22,grocery,39,Delhi,upi,20,136.59,0
2e4d4e21-3c33-47eb-b170-d31ca747dfcf,1186.92,2025-04-28T19:30:38,other,22,Hyderabad,debit_card,30,492.66,0
bf97b106-c196-499a-8bd0-512b2a70a389,36.46,2025-09-25T13:43:54,entertainment,34,Hyderabad,credit_card,25,107.21,0
775b61f5-5c99-438d-ab74-90f00f9a4745,134.82,2025-06-11T00:38:23,entertainment,50,Kolkata,debit_card,23,162.66,0
d553cc4c-0610-4942-95b2-d9de96975427,961.01,2025-02-13T07:16:04,dining,44,Jaipur,credit_card,28,1292.73,0
62b0b236-0374-4012-a1f2-07b1688215e9,2471.07,2025-01-20T09:34:43,fuel,53,Chennai,debit_card,20,2182.62,0
c88f0bed-0834-4594-b358-239a85d820cd,585.72,2025-06-05T02:33:38,travel,29,Jaipur,upi,32,488.64,0
b0837119-7945-4a2d-9c2a-c5a84fe4da43,380.04,2025-08-04T19:55:52,other,44,Bangalore,credit_card,27,454.81,0
532a9e2a-a83f-4703-93d5-957f90a60847,327.82,2025-05-19T23:22:29,fuel,33,Jaipur,debit_card,23,498.77,0
7da6598d-ca9d-46ac-8fb9-e7edb03a4fdb,184.26,2025-07-11T05:05:31,online,43,Jaipur,credit_card,32,98.9,0
a4686616-9c5e-488a-8f56-e7f80292b3f7,356.9,2025-09-20T06:54:10,fuel,47,Kolkata,debit_card,27,447.59,0
301ffaa8-3207-443e-b117-2eed6999a730,270.44,2025-03-06T05:20:21,travel,42,Mumbai,upi,21,216.99,0
c1897e84-6de8-42bb-a238-69936416a1d5,46.09,2025-06-25T06:19:32,fuel,32,Lucknow,credit_card,28,10.0,0
bd2dd6f2-ff32-4048-840c-b2244043a3ae,274.78,2025-08-29T21:28:58,grocery,40,Chennai,debit_card,34,299.07,0
09f02f25-59b5-48d5-865a-c49b3adc2bcf,68.09,2025-01-19T01:51:10,online,31,Ahmedabad,debit_card,21,119.42,0
46e70371-622d-4808-8199-de77b5b10ce1,503.23,2025-05-01T05:12:11,dining,38,Delhi,wallet,27,463.78,0
f1db1ff1-a91f-4c4b-858c-751e9b5ba929,962.09,2025-03-28T17:56:20,online,44,Pune,wallet,33,1020.86,0
61c76394-96e6-4eb3-9169-3e6c36d8491d,300.38,2025-06-16T11:26:31,entertainment,32,Bangalore,upi,24,56.37,0
e55b00d1-3f66-4015-a431-0adb3184a60b,891.41,2025-04-17T13:06:17,dining,47,Lucknow,upi,27,366.09,0
7a25502b-41a2-4842-ac8e-543e20eb325f,755.58,2025-10-12T08:25:44,online,41,Chennai,credit_card,29,575.71,0
5ee1d3d2-2ea4-42e1-8e1e-70e8cfe5db5b,343.12,2025-08-29T10:24:23,grocery,38,Mumbai,netbanking,33,123.09,0
8e82d481-80de-4bf7-b530-ac5bea7e749e,176.46,2025-10-12T02:45:43,dining,19,Chennai,credit_card,20,95.63,0
04153602-1ee2-4d39-9014-1e1b9158ceb2,798.15,2025-04-09T01:54:01,grocery,29,Mumbai,credit_card,20,700.39,0
8ba0b87a-9ef5-4b91-8be1-7149fbe3261c,266.1,2025-10-20T22:50:20,fuel,18,Kolkata,netbanking,22,336.61,0
16f957c6-c2b2-43df-af7e-a88919de0e5a,435.1,2025-01-07T13:34:31,dining,25,Hyderabad,credit_card,25,256.9,0
1111199b-b652-46da-93bc-9f81146e34a5,716.6,2025-07-10T10:53:38,electronics,26,Bangalore,debit_card,23,622.34,0
bcb7c50b-a8a7-4289-ae4c-7060e1b1bfb1,302.56,2025-10-19T10:12:52,travel,49,Jaipur,wallet,21,20.09,0
441428a7-dc0f-4286-ae3e-abfd8cdf5bed,1036.25,2025-06-28T02:39:09,electronics,45,Mumbai,wallet,29,547.18,0
043e840b-f99d-412b-ae6f-42d57cfbaaeb,343.91,2025-10-24T15:21:41,grocery,49,Kolkata,credit_card,21,384.8,0
8b06740a-78cf-466c-abec-4c0e18e4e503,2491.42,2025-03-14T03:48:00,grocery,35,Chennai,wallet,29,2362.21,0
ad72770c-9421-4ece-bfc3-84976a1458ec,154.08,2025-03-31T18:34:15,online,34,Delhi,netbanking,29,331.86,0
2a82ab41-d668-4957-bf2e-cf4790f77442,30.85,2025-07-25T09:31:50,grocery,18,Jaipur,wallet,22,10.0,0
f1d1ed83-7334-4040-8322-a8e60a009add,478.69,2025-10-08T17:57:45,travel,57,Chennai,upi,33,505.14,0
dcbebd0e-f97f-4315-8125-f674ee690ccd,21.5,2025-08-30T20:37:16,dining,29,Mumbai,netbanking,22,10.0,1
b2bda668-e704-4cf2-b86c-bb3f26db116c,239.09,2025-03-18T00:05:50,grocery,32,Pune,credit_card,28,210.57,0
cc7a6649-7560-40b4-8d84-c0109988eac1,1273.43,2025-08-28T14:43:43,other,33,Mumbai,upi,21,899.96,0
9e484d6a-3177-4b5e-837d-34012eb68827,58.58,2025-06-25T10:17:05,online,27,Jaipur,netbanking,27,60.67,0
5380f4e4-4081-481c-a6a6-431063d78ba1,531.82,2025-05-05T21:07:47,dining,59,Mumbai,netbanking,16,12.83,0
9f666154-f9a4-4149-affd-962ef0ae527b,814.36,2025-09-04T16:27:45,other,23,Bangalore,netbanking,31,1085.54,0
10ca9b1e-88bf-4281-9157-b509bbdefb42,227.8,2025-08-30T21:05:54,grocery,32,Chennai,upi,31,166.76,0
32c66cdc-4f6f-425d-a558-4cb9a0538f2d,2932.22,2025-07-19T07:51:39,online,24,Mumbai,wallet,30,2463.43,0
fed5b54a-a246-47ca-b240-a62854b74e7f,227.73,2025-07-04T22:47:10,online,40,Kolkata,credit_card,22,229.71,0
a2b73511-3f80-41ec-b08f-644f9d8ddf16,471.9,2025-03-21T23:41:31,online,33,Pune,wallet,21,29.27,0
eef00d1e-55e2-4106-bdc1-e559176284e6,128.04,2025-06-02T06:21:16,other,62,Ahmedabad,debit_card,23,55.4,0
20fe0499-5478-4f90-8ce9-a681e747b69c,355.25,2025-06-04T03:16:29,online,40,Pune,netbanking,27,313.46,0
23904d4c-9988-4e17-ad4b-4806c91a2486,245.47,2025-09-19T05:41:19,dining,60,Mumbai,debit_card,19,135.94,0
1cdb99b2-4b27-49bc-a1c8-926ed1116552,125.61,2025-09-17T05:48:37,online,32,Chennai,debit_card,24,10.0,0
970a2aea-ad2c-468b-aa2d-c171a3c11317,609.48,2025-10-19T10:52:30,online,60,Pune,credit_card,26,829.31,0
77ad1e7b-65fa-411c-9a13-08f8a4c88ba6,36.47,2025-05-11T07:00:31,online,18,Jaipur,upi,30,46.4,0
e307c631-54a2-4aae-90af-1ab94765b20e,1213.64,2025-01-08T14:19:29,online,32,Chennai,debit_card,25,1209.21,0
1328a1a9-a06d-4840-891a-f831cf1bc87f,715.4,2025-07-23T23:37:22,electronics,18,Chennai,upi,25,141.38,0
82d867ed-b18a-4068-a29b-c094878be0f9,1038.84,2025-09-15T09:38:18,fuel,25,Mumbai,netbanking,23,685.36,0
7b1523a2-ac63-43da-b28c-3b6c30a8c33f,731.62,2025-06-24T21:26:47,grocery,40,Chennai,upi,29,640.21,0
b8b5b4eb-bd8a-49c1-a1a4-607ea1eb312b,259.29,2025-07-18T23:01:07,fuel,26,Bangalore,upi,23,230.36,0
ef51e5da-b04a-4c78-a93b-66a44fec1929,252.32,2025-10-25T12:14:39,grocery,49,Kolkata,debit_card,22,336.18,0
c27bd7d5-3430-4c7f-805a-2408cfb67154,169.11,2025-10-11T00:14:06,online,48,Jaipur,upi,19,203.07,0
10c26a6a-cdb2-4e2a-a64a-418080389806,848.14,2025-06-01T07:03:39,dining,41,Bangalore,upi,30,458.55,0
89f1f1f5-579d-4f51-ab35-a23036d70d21,284.39,2025-09-23T07:27:26,entertainment,37,Chennai,upi,20,490.71,0
529c44dd-b441-46ba-8ee6-2335f22f1d06,334.4,2025-10-03T02:35:07,grocery,37,Hyderabad,debit_card,22,18.48,1
56438561-5992-4ab9-8698-c0b48b4a9867,1529.54,2025-01-31T04:36:00,online,37,Chennai,debit_card,25,840.11,0
85811a3c-a475-4710-b955-300d0285399e,3087.76,2025-06-24T22:41:20,online,63,Jaipur,credit_card,31,4032.11,0
df58d9dc-36c3-4f55-aeb3-bf95ccde7de1,350.89,2025-04-20T14:54:35,online,33,Lucknow,credit_card,27,355.32,0
53004162-1f71-4ba4-b294-58f0fa1f4adc,1942.93,2025-04-13T20:47:24,entertainment,47,Jaipur,debit_card,30,1347.57,0
d9498fec-3a4b-4a9e-a760-a8a8ab19c373,369.52,2025-09-17T02:08:19,entertainment,37,Jaipur,credit_card,31,10.0,0
b2823f81-e545-438a-aa83-d6642d656471,320.68,2025-05-19T14:38:20,other,33,Chennai,upi,17,375.59,0
5cb9859d-f9d2-44af-a835-23e4ae5d36b9,113.97,2025-03-23T14:45:35,grocery,36,Chennai,upi,21,250.55,0
832ff4b6-a867-41e9-9237-ebff7fbf950a,87.25,2025-06-25T19:04:13,grocery,27,Chennai,wallet,27,171.32,0
5367e797-5f8f-4321-abeb-0786fa29823c,237.53,2025-07-15T21:48:55,entertainment,31,Hyderabad,credit_card,31,258.16,0
1a68281a-b176-4855-a444-de36a9abed75,934.19,2025-06-07T04:31:28,fuel,28,Bangalore,upi,20,430.78,0
57bebe1a-4573-4e5a-acad-86a3ab551632,184.36,2025-05-29T06:57:40,online,51,Kolkata,credit_card,21,182.42,0
2954b7cb-7e9f-44df-bdaf-0239d41c0a2c,512.35,2025-06-28T12:54:10,online,52,Ahmedabad,credit_card,27,345.65,0
15460d6d-65f0-4c7b-9cd4-3384e4d0ed3a,786.78,2025-07-17T10:14:21,online,37,Jaipur,wallet,26,828.31,0
c6b9454f-1fcd-411f-9323-aa2fed825a0a,450.44,2025-06-23T08:05:05,electronics,25,Ahmedabad,upi,23,311.23,0
85873df6-66bb-4e58-8353-d0c4069353fe,277.78,2025-06-13T13:01:56,online,47,Lucknow,debit_card,29,81.9,0
4abee348-e60e-4e98-b7eb-bfe42c9c61ab,368.1,2025-06-26T18:35:53,online,20,Chennai,credit_card,19,221.58,0
e6446397-9d3e-41c5-9fad-d6bb85b94ff9,3141.63,2025-01-04T23:01:34,grocery,32,Chennai,credit_card,27,10.0,0
efef29e6-7c42-4a85-9f66-2e0935f07636,598.46,2025-02-15T01:31:56,grocery,38,Jaipur,wallet,20,520.85,0
2149a0c1-eb30-41fe-98ee-a12cda20e319,930.51,2025-07-04T22:34:25,grocery,21,Mumbai,credit_card,20,688.82,0
4a65c89b-1d97-4935-807d-368af584ce32,117.44,2025-06-22T15:34:09,travel,39,Ahmedabad,wallet,18,79.32,0
1a67aed6-6a83-43a2-b067-e9b919ab2a44,514.19,2025-02-01T00:00:32,travel,44,Lucknow,debit_card,26,748.5,0
cd807f62-ad9d-4768-9473-0f4597eea3c3,436.01,2025-01-13T02:40:30,entertainment,30,Ahmedabad,debit_card,25,379.55,0
740745fd-6b21-4dd5-9642-c817c01fcf2f,248.94,2025-08-01T06:35:38,fuel,30,Mumbai,upi,35,53.58,0
5a1f9ae3-eb17-4161-a255-89e5313325f9,1029.19,2025-05-18T08:34:08,entertainment,45,Jaipur,upi,20,831.03,0
7694a6f1-3861-4e04-8aba-9654ff0dfd23,1885.94,2025-07-21T00:49:22,online,28,Kolkata,upi,26,2152.13,0
01e1081f-104e-4db6-91db-01da5dfb933e,970.33,2025-02-22T22:29:16,online,27,Ahmedabad,credit_card,45,572.5,0
c3036da7-b96d-417c-a5ad-c4e3c9d99ffc,56.19,2025-09-05T12:17:44,online,36,Jaipur,upi,31,19.9,0
cf77b96b-1c82-4b23-9621-5eb62a114566,1410.88,2025-01-21T14:00:04,fuel,32,Bangalore,netbanking,29,1303.26,0
d919f6c9-8ca4-4e66-9191-220610fabd2e,300.76,2025-07-08T10:12:41,online,19,Chennai,upi,30,259.27,0
74d67005-e633-4353-9753-b382a208b64a,279.2,2025-07-31T22:57:16,electronics,42,Kolkata,credit_card,24,212.03,0
1ead908b-4b57-4784-9f02-de8d7788c827,680.98,2025-07-23T23:38:02,grocery,33,Mumbai,credit_card,24,643.3,0
bc6bb128-9818-43f9-8686-39c4fbd01445,192.66,2025-06-28T11:59:02,online,43,Lucknow,upi,15,10.0,0
611cbd8f-436b-40f4-bcbb-325f595b9d1d,176.29,2025-08-14T13:05:57,online,18,Pune,wallet,24,10.0,0
2dfc3efb-12e7-4e56-9470-ca62b8f43d61,92.62,2025-08-24T00:19:47,fuel,40,Hyderabad,wallet,16,92.22,0
443a2868-48d2-495f-ab6b-443e100bb781,473.84,2025-08-14T19:15:59,entertainment,46,Hyderabad,netbanking,22,503.71,0
bf4d3a8b-a56e-4bb1-8d24-65ea452e2ecc,278.77,2025-07-31T08:57:12,electronics,43,Chennai,upi,30,334.73,0
e91f7c28-1598-4b52-8616-9981a94b98d1,56.31,2025-06-29T21:23:22,entertainment,57,Chennai,upi,31,92.99,0
56a8ca26-3907-4a3a-aa44-0051f1f5bdb9,212.71,2025-07-09T05:40:38,electronics,35,Ahmedabad,netbanking,29,75.37,0
4c7644d7-b7b2-4eed-b576-9b8e69badecd,318.16,2025-06-07T06:05:22,electronics,54,Hyderabad,upi,26,230.38,0
fd5a0359-afab-429f-a03d-53b7970ae1eb,3437.52,2025-04-25T06:54:38,dining,23,Hyderabad,wallet,23,2167.39,0
d115dd54-f5bf-4624-b6b9-b740c219fb1d,1152.0,2025-07-15T10:40:11,fuel,24,Hyderabad,upi,21,279.03,0
893b325c-578d-4d28-8b6d-0b09c9deed90,12602.07,2025-01-01T02:55:06,electronics,59,Pune,credit_card,30,8175.24,0
ec019b77-1b83-4e98-bcf0-45691ba1462f,438.9,2025-02-22T13:43:41,online,43,Bangalore,netbanking,25,540.08,0
3a2818b3-d9b8-4ca7-809d-1dfc9f067f51,1677.51,2025-08-09T02:19:06,entertainment,36,Pune,wallet,22,789.6,0
33ee989b-1919-4a8a-9b04-0fa078203333,494.03,2025-06-10T13:54:25,other,46,Hyderabad,upi,12,445.7,0
4d497127-cbea-4a67-ad29-02567811114a,437.82,2025-09-05T14:08:52,dining,51,Mumbai,wallet,32,664.49,0
65d308d3-8e10-434a-8e37-4f902fa009f0,687.21,2025-03-12T20:45:43,electronics,18,Kolkata,upi,26,569.3,0
2344c852-3711-4851-a02d-40c790849bf6,101.14,2025-03-08T02:46:56,grocery,29,Pune,wallet,25,113.64,0
2f4ac5eb-d74e-48ad-8e5f-daf97a26076d,70.47,2025-05-20T04:34:17,entertainment,51,Hyderabad,wallet,24,71.2,0
7429de7b-4f19-41ea-99f0-3c1082d51214,423.92,2025-06-24T10:52:20,online,51,Hyderabad,netbanking,27,509.22,0
7df21eea-7c3c-4be2-9244-8c72dad94848,188.76,2025-05-15T06:21:14,online,37,Lucknow,debit_card,28,229.02,0
ce07bd1c-e7f2-4511-b1e7-e8cfe4550d57,143.7,2025-03-26T13:22:09,dining,52,Ahmedabad,netbanking,24,22.07,0
4f45cc5b-d719-459c-90b6-7f6e9f8607c1,481.03,2025-02-14T08:11:31,grocery,61,Lucknow,credit_card,22,480.88,0
eff404fc-ce7f-47fd-9d86-50cf9f72dfb3,149.56,2025-03-06T01:18:42,electronics,35,Pune,credit_card,27,33.48,0
0cfe5c46-721d-4e59-9a26-bf7cad3bf0ee,69.13,2025-10-27T20:24:17,other,52,Hyderabad,credit_card,21,76.74,0
df293896-19f8-49d0-aa47-31a74db1ebb1,70.92,2025-06-06T17:52:04,other,26,Lucknow,debit_card,38,72.94,0
9ee384e4-be72-4e65-83a0-b3b7287ec06b,1784.92,2025-10-27T23:00:11,dining,33,Mumbai,credit_card,18,1273.88,0
2093f0c0-c921-435e-a24a-167494251e84,249.81,2025-09-25T15:54:19,grocery,36,Bangalore,debit_card,30,193.83,0
6e16c4df-63fe-4ac1-a5ba-68afeba6f936,1464.02,2025-01-20T00:20:06,grocery,43,Kolkata,credit_card,17,1336.93,0
7d4541d8-f4b3-49d3-b8f5-be43c8a3854f,815.83,2025-04-28T12:08:43,fuel,26,Bangalore,credit_card,28,416.03,0
546b4739-7082-4353-856e-5796099e0cf6,377.04,2025-05-11T14:38:45,grocery,41,Jaipur,credit_card,31,544.11,0
8260ba61-0f18-48e3-99f7-083f8cda7e42,116.92,2025-09-03T19:45:45,dining,37,Chennai,netbanking,24,146.87,0
68e8f5c3-84a9-4491-83c8-388d4a5f2225,450.78,2025-10-13T18:04:50,travel,39,Jaipur,wallet,25,472.4,0
35eb3ed2-b9cc-4f40-b343-baf7779a6ea0,2995.34,2025-08-03T22:12:45,travel,41,Mumbai,debit_card,20,3044.45,0
ce8fcc04-841e-4405-acf1-7fb90f28a811,336.47,2025-03-19T02:07:46,entertainment,28,Hyderabad,upi,23,209.02,0
1c35ec42-ce45-4360-a10a-e6fd7a8c7850,961.67,2025-03-04T13:37:37,fuel,64,Delhi,credit_card,22,729.58,0
384e5555-5cc5-4b9a-b426-03144b5ba6e4,376.96,2025-04-17T17:48:45,grocery,18,Bangalore,upi,30,382.86,0
6d025750-256e-4c10-9910-dcf558fe4535,105.43,2025-06-10T01:27:38,fuel,47,Pune,wallet,23,79.95,0
8fac80d8-f395-498a-9685-1dcb27b3f7d2,2120.38,2025-03-04T03:11:40,electronics,27,Lucknow,upi,23,2128.64,0
d24ab2be-7de7-4e02-b956-543486f96635,66.39,2025-05-14T21:10:34,electronics,33,Mumbai,wallet,23,60.16,0
9fa22000-4aec-40f1-9934-f9f77fc501d4,166.41,2025-05-21T02:19:19,dining,22,Ahmedabad,debit_card,26,53.81,0
201fa967-9e99-484c-a717-63eac38cb22e,618.07,2025-02-27T23:57:15,online,45,Hyderabad,upi,22,589.15,0
8bb83fad-d72f-46aa-bc44-7e6edd090fb1,671.78,2025-01-30T01:44:53,other,50,Bangalore,wallet,29,927.1,0
637becea-6028-4599-9ed5-ea7c0391b8f2,825.04,2025-03-10T07:52:27,fuel,42,Mumbai,debit_card,22,42.55,0
572024fd-a419-4fb0-8484-296434289cb9,1028.29,2025-10-02T01:55:12,fuel,33,Ahmedabad,upi,17,1238.03,0
da12857f-8c1d-4386-828b-736afd54c8e3,69.81,2025-08-31T18:35:09,electronics,27,Ahmedabad,upi,24,10.0,0
c0d03f31-6179-4342-ad13-5da5db8f0391,497.28,2025-09-13T03:15:13,entertainment,38,Ahmedabad,debit_card,23,181.19,0
e13d89b2-77a8-4b68-9e9a-8985dd62d7b9,104.0,2025-07-04T23:15:29,online,29,Bangalore,debit_card,17,56.34,0
e18c593f-9006-4e78-851e-55e1a434de88,574.1,2025-06-25T19:44:07,grocery,52,Ahmedabad,credit_card,30,314.35,0
696f8336-0b1f-4ce6-bad8-05c45da549d6,246.59,2025-09-09T18:13:50,grocery,27,Jaipur,upi,19,133.35,0
95c74bd1-0616-4899-997a-9cd58a88ca67,931.7,2025-04-19T19:13:15,online,20,Bangalore,debit_card,27,916.05,0
619d0c65-83d3-4eda-a431-2758b7e8f243,418.44,2025-07-05T14:15:04,online,36,Hyderabad,debit_card,23,588.83,0
10f44a2e-cfaf-4111-8c54-d3c1528fd72e,2751.25,2025-06-10T10:14:20,entertainment,31,Ahmedabad,credit_card,28,1488.95,0
b4e13ad5-247f-4264-b458-328c5486d62f,1032.65,2025-03-29T13:22:47,travel,40,Delhi,credit_card,30,389.71,0
767d58ab-7f70-43cf-94da-0c0f5145fe14,577.59,2025-04-28T21:51:52,grocery,32,Kolkata,upi,24,85.53,0
7d9b1402-ac7e-4d66-b114-4662e08fb918,242.58,2025-01-15T13:22:53,fuel,38,Mumbai,upi,33,214.26,0
7fc3717d-af9c-40a4-974d-5cef9979a552,239.31,2025-06-05T22:40:08,dining,41,Jaipur,upi,29,246.86,0
21c7c5af-0550-4016-ab3a-2e9c68e46e81,327.04,2025-06-14T18:59:45,dining,21,Jaipur,upi,23,174.28,0
ef8ae687-65ce-4c5f-8c3e-18f1486e6a45,1136.06,2025-04-18T07:00:59,fuel,28,Pune,wallet,25,1275.22,0
ff700aa7-d551-4f56-89a0-16cd6fb16386,293.44,2025-06-11T04:55:55,grocery,25,Lucknow,credit_card,25,203.37,0
06bc4699-b75e-4438-ad27-3e508447907f,149.07,2025-10-09T02:38:57,online,27,Bangalore,credit_card,29,144.81,0
c1cea7b2-2671-4489-aeae-2a1a2f39605c,131.56,2025-04-09T20:36:32,online,21,Mumbai,credit_card,24,64.57,0
6eb559dd-c7d5-4fc7-91e9-6a161f885f49,361.71,2025-03-17T18:38:53,dining,48,Lucknow,upi,32,266.37,0
58705116-5c5a-415d-a696-73b023014c24,248.4,2025-04-20T08:21:42,entertainment,44,Lucknow,netbanking,29,89.8,0
c56b80b3-604a-4e0b-be7c-605df4d8527a,369.07,2025-09-22T00:45:09,fuel,21,Mumbai,netbanking,34,659.69,0
ceb4105c-eae6-4d8c-b0bc-3ae43d65c5f6,839.93,2025-02-05T07:25:18,online,40,Lucknow,debit_card,35,516.31,0
801b8e05-e3de-4bdb-b968-09135fb73827,58.5,2025-10-22T17:11:48,online,43,Jaipur,debit_card,18,10.0,0
a09313ab-eea4-4990-b57b-c15e6ed08e1d,142.32,2025-10-03T05:49:16,other,49,Chennai,debit_card,23,293.64,0
e21d1737-a060-482c-92cf-b6cffb8a8aa4,128.25,2025-07-28T18:32:43,online,18,Kolkata,upi,22,24.99,0
afff42a0-dc52-4ce0-a5e7-19fbd5d51f35,1218.93,2025-02-10T17:45:32,fuel,27,Delhi,debit_card,23,845.62,0
c3167675-09e7-4d50-a344-940ed8f1f78a,502.58,2025-08-22T14:17:00,online,54,Delhi,credit_card,21,418.83,0
e82582ff-583e-46be-959d-d90c0ee3352b,482.48,2025-06-25T11:25:01,electronics,24,Lucknow,credit_card,21,732.62,0
cb3a42e9-cef7-460a-aaea-fa55b5473342,51.42,2025-04-07T10:49:59,entertainment,51,Jaipur,upi,30,53.72,0
e9147e34-73ff-400e-90c6-b95d101dcb11,181.13,2025-09-06T18:44:12,dining,35,Delhi,upi,21,174.79,0
5a71d845-1aea-467e-ad5c-79dd9c9757ea,515.24,2025-08-15T03:48:06,fuel,35,Chennai,upi,29,499.29,0
cdeccb46-4a2d-406d-b0c4-7ac8ef9d6645,43.19,2025-02-01T14:31:18,dining,42,Jaipur,netbanking,24,111.09,0
3c6e2e5d-d15f-496d-a85e-4d7748bb5ebc,79.26,2025-05-03T09:35:44,online,52,Chennai,upi,21,10.0,0
5c68196e-2956-4565-bdfe-e5cb165f582f,309.31,2025-05-19T12:25:30,electronics,33,Kolkata,upi,31,296.82,0
82871daf-b75b-4cdd-a271-052a977b11d1,159.63,2025-02-10T14:51:52,dining,53,Chennai,credit_card,23,128.86,0
1a1ed801-35cb-42e7-ae79-d334647f0f2f,98.02,2025-02-07T07:58:23,entertainment,45,Kolkata,upi,21,174.09,0
bdbdddd8-21a3-40e9-b984-d7c12b8b852a,45.24,2025-10-14T16:06:06,electronics,64,Jaipur,netbanking,24,44.67,0
3789de75-5b15-46be-8e8f-344ee2aa66cc,110.67,2025-02-17T03:37:37,entertainment,34,Jaipur,upi,22,130.58,1
f14765af-c8ae-462e-b77b-ab62a16882fb,552.51,2025-01-26T17:29:17,electronics,24,Delhi,credit_card,28,384.74,0
a2ddd2d6-71e4-4605-aaa8-673ffd6e3be3,738.47,2025-07-20T06:07:17,electronics,43,Chennai,upi,25,959.26,0
8ecc294a-a8e8-4b4d-9c67-bb7741d655d6,437.85,2025-07-22T17:20:06,entertainment,44,Bangalore,credit_card,23,455.78,0
12123dea-8384-4180-bac7-63d2c520a061,221.08,2025-07-23T02:39:04,other,24,Bangalore,netbanking,19,208.39,0
52194af7-f992-4b52-9d4c-e6d85e2ddb0b,199.73,2025-09-26T16:12:54,other,35,Chennai,debit_card,23,53.4,0
46421741-1f42-4fa8-a88f-1819d7bdd1bc,982.25,2025-09-19T03:52:33,electronics,46,Delhi,debit_card,28,779.21,0
1652bfae-f2dd-4c09-ad0b-36fb3d92c31f,713.14,2025-06-21T19:08:52,fuel,50,Kolkata,upi,16,409.92,0
2902119d-b2c3-43cf-8b43-c2985b6476eb,74.55,2025-09-16T07:44:03,grocery,43,Lucknow,debit_card,25,10.0,0
405853b3-43e8-4b48-8636-4d79657812f3,422.76,2025-02-09T07:57:46,entertainment,33,Jaipur,upi,32,365.12,0
36057c6e-2406-43f6-b06c-e7d00670e15a,222.4,2025-05-18T15:36:58,travel,34,Hyderabad,wallet,27,81.71,0
cb3088e9-3673-41d8-ae46-614d9d3e1ae7,330.19,2025-06-12T18:20:31,online,70,Bangalore,upi,25,402.32,0
a7774c14-fd49-4cbb-bd49-f701eb6b3272,2144.85,2025-03-20T10:48:44,electronics,47,Pune,upi,24,1607.56,0
939a5f3a-8db5-494b-91e5-b12780db342f,182.01,2025-03-16T00:27:12,online,33,Delhi,debit_card,23,10.0,1
684f9dbb-920e-4dec-8572-7dd085e17461,534.93,2025-01-11T06:03:02,electronics,23,Hyderabad,credit_card,24,429.67,0
73ea8987-271d-4fb9-9664-8a93c30a3466,141.84,2025-03-24T09:04:43,dining,19,Chennai,debit_card,17,186.07,0
365c6b41-bed3-4cd0-9493-49a4474f1fd7,892.95,2025-08-10T14:46:07,online,35,Jaipur,upi,25,1159.28,0
10eb1156-148e-43eb-ac0c-6c0fdc4c82d8,229.54,2025-04-23T09:59:01,electronics,42,Chennai,upi,23,76.23,0
82af791f-b4c8-4bcc-8150-b562bff24929,789.21,2025-10-03T14:36:17,online,26,Delhi,upi,24,385.6,0
98632849-26cf-4894-94c1-d0a38bf5edb4,155.4,2025-10-12T19:39:00,electronics,44,Pune,wallet,26,35.78,0
9408f04d-d9d9-4037-bb8f-ef4c00752ad0,944.29,2025-10-12T09:35:28,fuel,29,Jaipur,credit_card,27,747.81,0
eba21bb4-6bbc-4126-ae70-1ec79bb9e24f,166.82,2025-05-06T16:18:10,travel,28,Ahmedabad,upi,25,10.0,0
3c64ac96-7dae-4e9a-b248-e69e714bf1da,795.92,2025-08-25T21:38:28,other,55,Lucknow,upi,32,649.08,0
b35ee599-80ff-42c6-ad20-f4bef8619f57,1302.88,2025-01-12T23:20:07,dining,23,Ahmedabad,credit_card,21,862.06,0
6e487fae-1d4c-4b1b-b3e3-e8a86858263c,259.57,2025-07-13T17:25:58,grocery,21,Jaipur,netbanking,26,118.66,0
52a4a4ed-3408-4285-bbd5-a23b41952b43,335.48,2025-04-20T07:22:41,fuel,18,Mumbai,credit_card,23,231.35,0
53aad56f-e167-447d-a67a-ec36193d0fcc,1223.55,2025-09-16T06:07:14,grocery,40,Pune,upi,29,926.13,0
d50ce42c-85bb-4b10-8b7c-c2484f163d39,20.22,2025-08-14T18:06:10,entertainment,44,Pune,netbanking,17,137.51,0
1489355f-77ce-4e2d-9426-8b43f8b7b89c,425.99,2025-06-22T10:57:34,grocery,60,Hyderabad,credit_card,20,40.81,0
c09d6341-cc0f-4d9d-901e-28c1cc927fb2,181.85,2025-03-04T07:06:34,online,63,Bangalore,upi,27,65.05,0
3cf52539-3bf8-4f07-b31b-e5b0f1ed0338,146.04,2025-05-01T19:22:08,entertainment,40,Hyderabad,upi,21,38.55,1
3816b5df-2d44-4dc7-a5f3-c63fe17d5924,88.74,2025-05-05T23:07:45,dining,26,Ahmedabad,upi,30,120.77,0
53939be6-a238-4e7c-b539-d9d7d4deb812,551.49,2025-02-02T14:27:52,entertainment,18,Kolkata,upi,24,372.47,0
df66f02c-c407-49df-8682-7b6981db1273,486.54,2025-04-03T12:12:55,other,42,Pune,netbanking,18,527.28,0
82fd66f6-af04-4429-8e2a-64c1a5ffd8e4,5105.44,2025-05-08T01:09:28,other,36,Hyderabad,upi,27,3941.64,0
63fd49f3-4faa-4411-afba-e13e35a03b99,7315.81,2025-06-16T02:44:12,fuel,40,Bangalore,debit_card,24,5895.3,0
1597225e-50db-48a2-a793-e8eab1d80b39,467.03,2025-09-01T16:33:06,online,49,Bangalore,wallet,26,408.11,0
0a632853-23ae-47a5-bf47-f943494b87c5,344.96,2025-10-24T19:22:20,electronics,49,Mumbai,debit_card,23,179.88,0
ae6a3534-59d7-469e-b8f7-dac12b243b2c,880.51,2025-02-23T14:54:27,travel,36,Mumbai,netbanking,25,145.08,0
ba4e3ad4-1ba7-4754-8cdd-92f0c3087923,648.6,2025-03-16T06:56:54,dining,18,Delhi,credit_card,21,309.38,0
aed6044a-53a2-477d-b7a1-2ec68bae2fc3,278.4,2025-05-28T19:04:02,electronics,47,Kolkata,credit_card,20,449.75,0
7aefa296-71c4-4c62-aa95-c8ea435f2420,506.6,2025-10-09T19:44:27,fuel,57,Delhi,debit_card,21,165.25,0
787379c1-5e86-4458-9f74-6f91e7acbf93,501.9,2025-08-13T16:34:17,grocery,30,Chennai,debit_card,27,343.24,0
07cd35be-6bfb-41a7-a490-f537557b4061,1161.12,2025-07-29T06:28:35,online,32,Chennai,upi,24,1572.89,0
ab05941c-8a3a-4336-a49c-02ba2fd84a8c,203.31,2025-07-01T03:42:50,online,40,Pune,wallet,18,126.04,0
624831d1-e5b8-4eea-844b-f25c89328fbc,1751.23,2025-06-22T11:52:43,dining,29,Delhi,upi,24,1902.74,0
82384065-b68a-450d-80cd-e5606a373789,176.24,2025-06-18T13:05:34,dining,32,Hyderabad,debit_card,28,10.0,0
3fe7d4b7-332b-4bb4-9c8c-43edc2505905,486.63,2025-03-28T20:03:28,grocery,56,Ahmedabad,debit_card,16,10.0,0
52c3677e-f09f-43db-a7de-486fe16b505f,879.15,2025-02-14T07:40:05,electronics,38,Ahmedabad,debit_card,23,68.22,0
59fa574f-71c7-4bc4-90b7-d04107afd32f,149.12,2025-02-23T01:19:32,grocery,39,Jaipur,debit_card,35,159.04,0
9d5b9056-326f-40e2-b92f-53c153068ae8,1561.72,2025-04-13T06:59:10,dining,30,Ahmedabad,upi,27,1040.58,0
76a01693-07e2-488e-9d98-eee3d1eb6bde,322.33,2025-08-15T14:40:36,grocery,80,Ahmedabad,credit_card,35,202.34,0
3a374f5c-460d-4dab-99fe-dc4a710cf561,544.57,2025-03-19T01:34:31,online,39,Pune,upi,19,321.51,0
6e92df49-dd8f-40d2-9174-d9d1865b2246,384.46,2025-01-28T14:39:47,travel,61,Delhi,upi,25,237.57,0
a82b0944-cd0b-41ae-88f0-a97425249f27,30.14,2025-06-09T16:54:37,online,36,Bangalore,upi,26,10.0,0
db180e8b-4d33-4000-91b0-be17e832f03b,225.6,2025-02-20T12:40:53,entertainment,38,Mumbai,upi,30,150.57,0
c091ee4e-5f53-40c3-8dd4-25e48e8746a1,83.06,2025-09-23T21:39:06,online,31,Hyderabad,upi,19,108.38,0
9b12038e-af7f-4caa-bc82-9f99aa0e7f74,389.88,2025-02-08T05:47:16,dining,20,Bangalore,upi,22,609.79,0
e65e62a4-4540-4608-a231-435e3c9d4616,727.21,2025-02-28T22:23:15,electronics,19,Mumbai,credit_card,28,1104.13,0
f44c8751-456e-4234-b2f8-40c974f34dae,4916.49,2025-08-17T05:29:32,online,52,Hyderabad,credit_card,17,3254.88,0
fd8faff2-1502-48c7-a581-3c15bae22173,363.74,2025-08-26T15:06:57,electronics,41,Lucknow,netbanking,27,467.6,0
9249b352-5ea2-449d-a481-802848d94215,146.09,2025-07-30T04:54:39,electronics,38,Ahmedabad,credit_card,26,66.28,0
e13a61f3-e639-466c-823b-f6e6607b6b21,1100.33,2025-01-11T03:17:48,dining,39,Chennai,credit_card,28,1400.47,0
bd3b2504-e6cf-41a3-a932-a5f74cfc31ae,829.83,2025-06-26T14:32:38,dining,48,Jaipur,debit_card,28,778.07,0
635ec4cb-d830-425d-8275-23989c0ba1dc,607.17,2025-06-14T10:42:44,online,18,Mumbai,upi,31,428.51,0
9488263f-8f2f-426a-a788-42b5521a4967,370.09,2025-01-18T15:43:45,travel,27,Pune,netbanking,22,318.27,0
e47bc2dd-708c-412d-8824-9b6e9dc84354,785.97,2025-07-03T03:22:34,electronics,29,Bangalore,upi,28,1299.58,0
4d53c366-96af-4856-b35b-94e52835f575,963.97,2025-06-01T21:57:28,entertainment,36,Ahmedabad,credit_card,19,796.08,0
ba839b92-0eee-46c7-9e11-8f21f8d8788a,225.92,2025-01-08T11:55:35,electronics,24,Lucknow,upi,29,81.62,0
20de9d9b-8d32-46a9-824b-16a9eb6b1a56,1118.09,2025-10-14T13:36:51,grocery,64,Chennai,debit_card,28,1256.16,0
a0699f11-0fe2-45ff-af99-b05a64901ad0,209.78,2025-05-09T17:34:46,online,23,Hyderabad,credit_card,20,148.32,0
25241ab7-e064-4038-9ab9-63ac97ec48b3,96.7,2025-01-20T04:28:23,online,40,Jaipur,netbanking,31,121.65,0
3d5af5d8-73a2-4317-97e3-79f44bcdaa5f,320.76,2025-03-16T09:34:54,grocery,52,Lucknow,credit_card,28,10.0,0
c43cb19d-8be4-40c5-ac97-36b220e23958,963.53,2025-08-12T13:34:47,electronics,19,Jaipur,credit_card,25,239.14,0
00befdf1-a27d-45da-91c7-75a7cda02f52,44.24,2025-08-07T04:18:19,entertainment,34,Bangalore,netbanking,26,106.99,0
cf0759b8-d9cb-41c1-b9d8-7fb26f084597,91.96,2025-09-13T04:32:50,entertainment,43,Ahmedabad,upi,29,110.92,0
f62bcbdc-0d22-4ad8-9aeb-0ead2e361120,1327.28,2025-04-20T06:18:57,grocery,45,Hyderabad,netbanking,32,750.54,0
5510d24e-f48c-42a5-ad56-54785d82006c,188.29,2025-01-24T16:20:23,grocery,44,Mumbai,credit_card,30,183.18,0
1837336f-91d3-4238-9d63-2b2af5ca151a,310.28,2025-09-21T09:34:29,electronics,50,Pune,upi,28,233.85,0
4c710f90-e1d5-41b8-b3bc-fee012934310,688.98,2025-09-10T23:47:31,entertainment,44,Jaipur,credit_card,18,292.62,0
5a307055-0260-41cc-b909-e38a22eb2164,1526.79,2025-04-25T00:59:39,fuel,59,Pune,netbanking,27,1229.94,0
0036e369-2324-46cd-869b-a84d055b5eb2,1655.32,2025-03-12T04:33:36,dining,32,Hyderabad,credit_card,22,1308.24,0
5aec79ea-b4b1-4d3f-bf22-7018dc8d077e,626.4,2025-09-26T21:47:04,grocery,54,Chennai,debit_card,21,778.36,0
01d94625-9c33-4332-9766-7f384ccce38d,374.46,2025-06-14T12:10:31,entertainment,45,Kolkata,upi,20,180.67,0
151ab316-fb39-492e-a3f7-49d2252b0ece,801.68,2025-02-23T18:16:24,electronics,41,Jaipur,upi,24,1107.52,0
84abc7b1-b1ff-4a68-837a-a6a3f5b0fd81,1470.05,2025-04-19T03:15:33,online,18,Pune,upi,25,1124.91,0
91513e63-9afc-43db-8163-cb265c4de660,720.08,2025-03-24T03:55:54,fuel,44,Hyderabad,netbanking,25,381.54,0
d04e8f44-b8f6-4a15-ba3e-fdf844aac341,245.18,2025-10-06T16:54:27,electronics,35,Pune,upi,20,39.34,0
4d6b6fd2-d008-44ac-b5b8-1c1f9385d2f5,540.57,2025-06-14T08:04:14,dining,31,Ahmedabad,wallet,27,334.3,0
49d3a6cb-eabb-4daa-8a1e-6c9c9698e3be,812.41,2025-08-14T19:38:37,fuel,18,Delhi,upi,22,1095.38,0
08d069fc-3403-4715-8e3e-ecdda6728c3d,1157.11,2025-10-16T18:52:51,other,25,Jaipur,netbanking,25,351.69,0
ee554aa6-022a-4cee-a617-b43653261885,54.67,2025-06-10T08:25:22,online,28,Kolkata,credit_card,18,57.51,0
fb6aa567-d224-45f5-a07b-dd65c825854d,664.47,2025-10-20T01:47:20,dining,30,Mumbai,credit_card,25,10.0,0
f103cbd2-1aae-451c-8431-3788390c9ad0,1716.81,2025-09-11T13:49:30,grocery,36,Chennai,credit_card,31,1280.75,0
e9bc450d-68a3-42bf-8817-45d1ac659bf7,496.75,2025-09-08T09:31:44,fuel,52,Jaipur,wallet,28,75.35,0
1bbccb7c-981a-4722-afde-7c9749a44874,230.02,2025-02-20T21:06:07,electronics,23,Bangalore,upi,30,191.38,0
73b2280e-0256-4dce-a4d5-2095493f0fb4,2029.14,2025-01-23T19:00:30,online,32,Delhi,credit_card,26,2097.45,0
da3897c8-8a89-4b95-85c2-efe441b2de35,503.7,2025-02-08T13:08:03,dining,37,Chennai,debit_card,21,336.67,0
cfe5e642-cb26-486e-b1fd-c7bfc37d6ec6,249.87,2025-06-30T14:40:48,dining,39,Hyderabad,upi,30,12.4,0
fbde0f31-a917-4986-bd61-526eb707c3b6,2568.81,2025-04-27T09:31:37,dining,38,Lucknow,upi,33,1517.65,0
df760bd1-7901-4280-89e3-b6c29c22a39a,410.86,2025-09-12T11:15:50,grocery,47,Ahmedabad,debit_card,33,190.06,0
bd1b49e9-d743-489e-b921-ef6f8cdec19c,82.27,2025-08-12T11:40:21,entertainment,67,Kolkata,wallet,19,80.95,0
1e7c89c3-3d2c-46e3-83b6-bedb4bb13d29,156.33,2025-05-20T12:14:10,grocery,41,Lucknow,wallet,18,10.0,1
bfddb4d1-f561-49e0-9bc7-269015df8a45,1758.99,2025-04-27T10:14:20,grocery,48,Hyderabad,upi,20,1802.48,0
24a3aa44-d1bb-4ded-b763-c85b9ddba56d,1026.68,2025-07-05T05:05:37,other,41,Jaipur,wallet,24,1755.71,1
4400f3ef-a13a-4587-aff9-f10191e65f0c,407.62,2025-05-20T03:28:20,other,35,Kolkata,wallet,25,253.02,0
8dd2d35a-7b20-4b06-82c5-861c97acd0f0,589.21,2025-01-19T13:44:21,fuel,31,Jaipur,upi,32,376.84,0
b4b1601b-6fbb-4728-9e25-f32d0feb13c7,158.76,2025-01-19T16:52:24,dining,49,Delhi,upi,23,139.33,0
e55b5b11-1268-44ac-851d-f1f6d820ee68,104.15,2025-07-19T13:28:20,online,34,Hyderabad,credit_card,21,89.99,0
eaa95334-a5d5-455a-98db-36f16a497fa0,632.6,2025-03-12T16:05:39,entertainment,38,Kolkata,wallet,20,453.41,0
7b888cdd-5d7d-4477-8dc3-3aa683219bdb,391.67,2025-05-05T00:51:53,online,50,Ahmedabad,credit_card,26,212.71,0
a9e9e908-8b98-41e9-81fc-78f1ec8a9c61,1087.19,2025-08-08T21:50:01,grocery,43,Chennai,wallet,20,107.31,0
fe609b20-e4a7-4c14-8843-2d5be2a9318c,155.35,2025-03-26T03:41:01,entertainment,53,Delhi,upi,29,154.74,0
9d9aa61e-e377-4f13-8323-7128908567da,284.65,2025-04-28T13:07:32,online,50,Jaipur,credit_card,21,108.45,0
197b9346-c5fd-435e-ace2-f35a4be52e64,839.49,2025-05-28T08:18:17,fuel,33,Kolkata,debit_card,29,607.55,0
f9f58564-e498-4102-bdfb-c18b55368204,59.14,2025-10-26T15:51:57,fuel,37,Chennai,upi,31,10.0,0
350b2f5f-5cba-41df-bc3e-171b0242a110,358.04,2025-09-03T07:20:13,other,35,Kolkata,netbanking,28,613.99,0
4a72f471-a789-4d9b-8834-76c89d6bb0cd,307.42,2025-10-01T23:01:34,dining,39,Chennai,netbanking,27,262.98,0
7bcdbe97-a34b-473c-99ab-17abc5347213,2348.37,2025-05-23T17:18:38,fuel,55,Chennai,credit_card,27,1509.06,0
17444bfb-87a5-4757-b736-5c1788f4fa9f,1420.45,2025-03-21T20:21:06,fuel,31,Chennai,credit_card,25,845.91,0
86d1bbda-9b4c-44a6-871d-2687292539ec,134.46,2025-08-30T09:32:07,grocery,29,Jaipur,credit_card,21,10.0,0
ed37000a-a8db-4f16-b1a4-571ebe857056,376.32,2025-02-26T15:32:15,grocery,56,Hyderabad,debit_card,26,223.55,0
51e26750-d84d-40f1-9229-a57f391a63fe,662.32,2025-02-13T23:25:52,grocery,46,Lucknow,credit_card,27,345.86,0
5dc0956d-0433-4e62-8242-0029894d6fc8,933.41,2025-10-09T01:52:38,online,35,Chennai,wallet,27,765.19,0
70c3a0fc-94c8-46e2-9125-df1d17f007fd,83.92,2025-04-17T05:35:01,dining,21,Bangalore,wallet,31,203.27,0
5d15f504-2909-4b9a-8511-92e199b47a10,104.46,2025-08-24T07:55:30,electronics,53,Delhi,upi,28,324.45,0
c96e075b-ce84-494b-8dc4-cc5affe5c518,195.68,2025-04-23T04:58:46,entertainment,28,Jaipur,netbanking,20,194.03,0
e875a566-2a28-43a1-a385-e6ffee73a2dd,214.22,2025-03-20T04:29:50,electronics,36,Hyderabad,upi,22,78.01,0
148d90aa-2711-437f-b619-c024f412e6c9,376.54,2025-09-04T03:46:31,electronics,40,Jaipur,credit_card,20,164.81,0
f3c70b65-6858-4e5b-86d4-eed63bb82ac3,193.93,2025-02-07T08:22:31,grocery,43,Ahmedabad,credit_card,24,136.64,0
6502f1d1-a0fe-4901-bb7d-003625f89dc5,147.25,2025-05-20T17:07:24,grocery,18,Kolkata,credit_card,18,114.54,0
2bbb36a2-cbec-4962-a52c-b6d6e4371ef1,250.38,2025-05-23T15:29:34,other,47,Jaipur,upi,33,290.0,0
dc1ff6d5-3a65-4d87-8416-b29c81be46d2,727.46,2025-06-08T19:59:33,entertainment,42,Hyderabad,credit_card,31,675.58,0
5f4d9828-0f0f-4c7e-8752-ff8262458a58,1230.48,2025-03-21T02:39:59,fuel,32,Delhi,upi,23,1738.19,0
8d02c5f9-82be-4446-bedb-717e9de85db7,38.48,2025-04-15T08:57:20,travel,40,Mumbai,netbanking,24,67.16,0
ef5f196a-e887-4703-947d-9c193fcd695e,507.06,2025-10-20T07:49:29,travel,39,Bangalore,netbanking,25,20.3,0
b6f829e0-7fbd-4041-92ad-feeb1c0eb7a3,72.19,2025-09-22T21:15:41,electronics,55,Mumbai,upi,26,10.0,0
50c1c776-b3e1-4198-80cd-b4eb61a788c8,233.57,2025-08-26T05:49:56,grocery,51,Kolkata,debit_card,24,167.94,0
3038d833-4fdb-4048-badb-9ff2ef6b382b,1490.4,2025-10-01T14:21:28,fuel,42,Pune,debit_card,31,763.26,0
5fed305e-7f6e-4bff-b884-e10a0a14c44d,110.44,2025-09-12T09:17:04,other,36,Bangalore,debit_card,33,131.8,0
776dc4d2-3c79-4b4b-a7fb-055cb27cf75d,326.85,2025-02-01T22:43:18,electronics,43,Jaipur,netbanking,30,211.25,0
d35a6b58-178b-4811-b5c2-91fff4c109a7,277.16,2025-04-14T15:04:33,electronics,30,Bangalore,debit_card,31,175.15,0
86271ce0-d227-4252-b47f-68664a3a69c3,166.38,2025-02-24T17:23:32,electronics,32,Chennai,upi,32,264.44,0
49a13ce6-50e1-4509-b486-014257dcb29b,102.73,2025-09-13T06:26:21,online,41,Bangalore,debit_card,23,48.58,0
4ad78e62-9667-4911-89b9-95b42a76aeed,909.74,2025-07-08T18:21:23,entertainment,62,Kolkata,credit_card,24,1035.68,0
104ca942-b115-4688-aef4-becfbc423363,1504.12,2025-03-07T02:48:17,grocery,36,Jaipur,netbanking,17,1447.02,0
fb17ddee-6123-44d0-848b-e6ed372fdc43,650.13,2025-01-20T14:59:27,dining,48,Jaipur,upi,27,455.71,0
4e06caa9-f39c-4492-81af-7be33b8186ef,42.17,2025-02-25T11:38:42,grocery,41,Bangalore,upi,29,10.0,0
3ed4a19e-ebd8-4c8c-9451-28699a8c4dee,528.95,2025-03-11T20:47:46,online,66,Bangalore,upi,22,687.21,0
932e2e1c-029e-4917-b3fb-7bfd0ac158c0,291.48,2025-10-12T01:01:53,grocery,20,Jaipur,debit_card,24,207.87,0
d3f65450-c8ab-4c6a-a0bf-3e8c680e4702,151.83,2025-02-22T10:41:36,electronics,18,Chennai,upi,15,190.34,0
f8708075-2b15-48d2-8bf4-a9f8289182cc,1672.11,2025-06-30T22:43:34,online,43,Jaipur,credit_card,22,680.98,0
2f2567e0-210a-40fa-9d79-e0d1e6814883,1247.4,2025-04-30T21:39:53,entertainment,54,Mumbai,debit_card,39,827.97,0
11a6aaf8-9891-4bdf-98fa-f2e0d63c8bd0,1768.28,2025-02-24T21:41:42,online,38,Bangalore,upi,27,1683.4,0
2d23b024-4137-4a51-83b9-75234b286842,488.16,2025-01-04T15:45:16,online,29,Mumbai,netbanking,32,635.09,0
7ccb64e5-2b50-400c-9082-ba5cbf9256df,1819.97,2025-10-03T15:28:27,dining,48,Chennai,upi,26,1056.1,0
cf8f7b0c-12ea-48e7-b418-3058c101404a,72.35,2025-10-17T03:54:11,travel,29,Kolkata,wallet,28,208.47,0
7c8caa28-bab1-48b0-b8be-2a62f5c3aca6,265.82,2025-03-29T14:21:43,electronics,58,Kolkata,credit_card,30,502.86,0
b4142e6d-a488-49f5-b9c6-047adceaa253,314.88,2025-10-05T08:06:31,online,23,Lucknow,debit_card,28,200.29,0
533585fc-ab19-4b29-8c3f-ea8d4b9be919,132.56,2025-04-09T00:22:36,travel,42,Jaipur,credit_card,25,387.24,0
eee92029-09ea-4256-ba76-bdb999328a5e,285.61,2025-05-14T01:51:38,entertainment,39,Mumbai,upi,28,78.97,0
642d8d96-1e62-427f-ba19-98d730a58081,836.85,2025-02-15T01:34:09,electronics,34,Pune,upi,21,1146.15,0
ef2461d8-bad9-4874-8057-ae47a0f27d67,484.84,2025-08-12T11:43:43,fuel,43,Hyderabad,wallet,27,519.8,0
82afbe87-3d9a-4206-b921-fdb0d58e413b,427.06,2025-10-17T04:47:02,online,43,Pune,credit_card,22,114.3,0
9f36b1cf-6900-47f1-8ab3-3fe21ca81602,1709.86,2025-04-27T21:30:32,dining,25,Kolkata,credit_card,26,1567.44,0
96a8cb30-9aa1-4b0a-bca1-f079ee7f62e6,2021.98,2025-02-09T16:17:44,entertainment,42,Ahmedabad,credit_card,21,735.29,0
1aa15525-2988-4d91-9fcc-453176c7b6e9,330.48,2025-10-03T14:21:44,grocery,39,Lucknow,wallet,27,10.0,0
b4a969bc-34e4-4be8-9476-0892c078c630,227.15,2025-05-28T22:57:23,electronics,60,Delhi,upi,25,418.14,0
6500740d-154e-4cdb-9936-40c2de102127,246.33,2025-04-11T10:09:22,online,48,Kolkata,debit_card,27,73.13,0
0f2b86e3-1e02-4320-b044-e258677a62cd,371.22,2025-02-12T17:06:03,fuel,41,Delhi,credit_card,19,304.55,0
fba6f126-4b5e-4c37-8031-adb73b9787e5,2180.7,2025-01-10T09:37:55,dining,56,Jaipur,upi,19,2614.48,0
bd0aa90d-7e3b-4105-9090-c875d658e68b,5876.39,2025-07-26T07:06:45,electronics,46,Jaipur,netbanking,22,823.73,0
180d6bad-1328-4ff4-a467-fe51af845240,220.0,2025-07-01T11:13:01,electronics,33,Lucknow,upi,36,357.53,0
99508551-be23-4fba-bf28-d45c3d7b4345,925.07,2025-09-06T03:06:22,online,27,Pune,netbanking,34,1128.28,0
3887b1e3-403c-4448-8453-5871471459c6,53.2,2025-05-16T12:22:06,dining,19,Chennai,debit_card,32,46.12,0
81a64836-9d45-46d8-b8fb-d3f019063040,463.22,2025-01-06T11:23:50,electronics,33,Pune,debit_card,33,305.83,0
a74728f6-eaa9-47bc-a068-0547e95d59e0,54.06,2025-03-18T00:13:33,online,35,Lucknow,debit_card,21,74.39,0
3bcdd85d-35d2-429e-a54a-50292e84d32b,345.32,2025-06-22T08:10:41,dining,44,Ahmedabad,debit_card,16,171.91,0
e32e1b3e-4403-4ed3-9cc0-867c7028e16d,588.34,2025-10-02T16:24:13,entertainment,53,Hyderabad,upi,22,611.59,0
1e40fb2e-7440-49ea-9d64-e1198ce1fdf7,114.02,2025-07-12T00:28:57,grocery,26,Ahmedabad,credit_card,24,73.83,0
9628a9b2-8e19-4e2c-9ca2-3b4d41f200f2,40.47,2025-06-25T20:35:14,electronics,33,Lucknow,credit_card,25,87.12,0
a370b840-4ed0-427e-9fa9-87560081cf13,1208.33,2025-03-18T08:27:03,grocery,18,Chennai,netbanking,20,644.02,0
e6e88151-61bd-4c25-a9fa-ca30dde5ba11,367.75,2025-02-19T17:58:29,grocery,56,Delhi,upi,28,515.83,0
071ec836-7c5b-46bd-8a8e-37bb39d73232,628.9,2025-05-26T20:43:54,dining,44,Ahmedabad,netbanking,32,961.39,0
53f0e1f1-28ac-4924-aa82-ea10346f8183,554.69,2025-02-06T18:00:38,dining,53,Jaipur,netbanking,25,597.37,0
ce2df627-774b-4a5a-ae28-13f08f5ed49e,1621.42,2025-02-26T09:18:13,grocery,37,Jaipur,upi,28,412.32,0
2af49b57-e761-4514-abb9-d005a62bac28,148.61,2025-04-08T00:41:44,dining,41,Kolkata,upi,20,152.28,1
d08e84d4-be4d-44a3-ac50-c4b995fdbdcf,1593.91,2025-08-26T02:52:24,dining,44,Hyderabad,upi,22,1315.37,0
41f8a5e6-d361-4a6e-9217-d619808e75a4,121.27,2025-03-28T05:55:09,online,48,Bangalore,credit_card,25,80.43,0
00de5d02-afe2-4b45-9f80-92be8be60db9,799.85,2025-06-17T15:36:38,online,31,Mumbai,upi,23,860.96,0
b0cbf91b-285c-4467-a72e-30eb3adcfaf8,864.5,2025-09-08T11:35:35,online,29,Lucknow,debit_card,27,499.67,0
fa5b351b-1d4e-4398-86d3-e0bb5219df71,324.91,2025-05-25T09:19:13,fuel,18,Bangalore,upi,22,275.98,0
f91fe441-1154-49e7-9502-bd438ebcdc4c,1740.42,2025-05-15T20:30:50,fuel,30,Mumbai,credit_card,24,1659.15,0
b81825cb-75e7-493c-8eaf-e18e07373a1a,138.02,2025-03-28T03:02:58,fuel,31,Kolkata,upi,23,141.42,0
04bcdca4-bcfa-42e4-9ff6-2d28f7d23025,148.35,2025-02-05T08:13:05,grocery,57,Kolkata,upi,28,240.78,0
abcf218f-a295-45d7-b027-f2bb04dd2f25,547.23,2025-05-28T08:05:08,entertainment,21,Mumbai,netbanking,18,696.08,0
82433866-83c6-4b8b-9649-7aa529060fc1,629.33,2025-10-14T12:14:48,other,67,Lucknow,debit_card,26,118.59,0
299988c9-f355-4f68-ab4b-d7c1c4e2c6c1,96.09,2025-10-01T03:11:43,dining,61,Bangalore,debit_card,16,25.94,0
729a5c2c-056f-4abf-9fd0-56ff84bc4885,271.3,2025-04-21T01:32:17,electronics,58,Kolkata,upi,25,84.93,0
6a3e9352-f70a-4b31-8b73-726f9089c286,156.1,2025-02-06T16:29:55,online,56,Jaipur,upi,33,128.6,0
5e906d68-a37f-4bd5-aa6f-40ceb38eb748,283.28,2025-04-10T18:35:37,grocery,59,Chennai,credit_card,23,422.46,0
72485904-966c-4ef2-9f4d-62ac7dfeba48,476.81,2025-05-20T19:17:37,grocery,18,Chennai,upi,30,864.51,0
624bac95-9aab-4631-a339-1224caaddee4,196.64,2025-07-08T15:00:38,grocery,47,Delhi,debit_card,24,110.59,0
9e06de23-63bf-4621-bccc-a30d6d0a120e,2338.25,2025-05-14T08:35:04,fuel,36,Jaipur,debit_card,32,2178.15,0
0ebe5532-b7ed-4c1a-84ba-3a8005b0befe,455.08,2025-01-27T14:24:07,fuel,64,Ahmedabad,wallet,25,222.57,0
cc269283-01c6-4ee9-a100-1ebc20e7e0e2,1248.83,2025-07-14T17:49:13,entertainment,18,Bangalore,debit_card,34,1707.53,0
e833a131-9a5c-4a01-a8d4-a712c5e83faa,143.98,2025-08-26T06:31:45,travel,37,Jaipur,upi,23,99.93,0
7cdfeb9a-ac0f-47b4-8531-6edacfc3f3df,573.42,2025-09-26T23:42:34,grocery,42,Bangalore,credit_card,21,434.99,0
ab3d1fa6-9a40-48b3-b6a2-7cbad60de3f3,597.03,2025-01-15T03:00:21,fuel,25,Bangalore,netbanking,21,661.54,0
b9c9eae6-f881-4ba2-b333-924d15e43f89,86.92,2025-05-23T07:38:12,electronics,35,Chennai,wallet,24,10.0,0
c7fa599e-a9e0-4cdf-912e-2c584a0a71b2,170.36,2025-09-30T09:14:49,travel,22,Ahmedabad,netbanking,21,231.29,0
84955c7d-0391-460a-9ba5-3ea9b29dde42,746.59,2025-03-20T22:58:52,electronics,49,Mumbai,netbanking,32,1118.77,0
6e795589-671b-437b-b289-ccb52eac23a0,10027.4,2025-03-12T05:59:26,travel,40,Bangalore,credit_card,26,6085.56,0
665a37fe-d5bf-4b53-bbd5-7b3826227410,6074.15,2025-10-05T05:11:29,online,21,Hyderabad,upi,24,3726.75,0
cadb7a0c-b6f3-4cf4-803e-0354a4aa9f4b,390.45,2025-01-27T21:35:38,other,35,Pune,credit_card,22,251.62,0
53ff2b2b-c065-4c15-a05f-fa037319630d,613.47,2025-08-23T12:54:48,grocery,37,Jaipur,upi,26,663.53,0
5cff9ba1-ac64-4048-bb40-f0b3e2ad3e50,581.38,2025-01-14T08:40:36,travel,26,Mumbai,credit_card,27,208.95,0
0ee00a52-7016-4c3c-a9fe-1da1b366c165,432.11,2025-03-03T19:29:42,grocery,38,Kolkata,debit_card,20,728.08,0
b23295df-33fd-4307-85ec-558733c70688,545.18,2025-07-10T14:13:42,entertainment,24,Ahmedabad,netbanking,28,290.05,0
eae56160-6642-433c-aca0-a931ee857e7b,380.89,2025-09-16T04:42:11,online,36,Pune,credit_card,23,286.23,0
5033e50d-3982-4c1f-8436-3eb5e98ff0a0,2330.49,2025-07-22T15:12:37,online,21,Pune,debit_card,24,2022.54,0
ae0cf9fa-e3a3-4d41-a802-03c742fb6d33,128.92,2025-04-14T18:47:38,fuel,18,Ahmedabad,upi,21,61.34,0
0995fc61-ee17-4daf-9c01-d058a8e13ea2,2987.05,2025-05-19T13:05:36,grocery,40,Delhi,upi,24,2330.43,0
7a6db242-ebdc-4245-a71a-1c60f6cfeada,128.89,2025-07-18T18:55:30,grocery,58,Kolkata,credit_card,24,81.63,0
6d70f925-9879-4216-a8b1-ff69b478aa34,373.22,2025-04-10T20:10:37,online,44,Delhi,upi,21,276.11,0
3143b6a0-273f-43ff-9734-cc56040b1148,292.7,2025-10-18T03:15:14,fuel,41,Mumbai,wallet,32,386.59,0
a0d706d5-1bea-4c45-a17a-8a36bd45c91e,425.64,2025-08-17T17:58:58,online,42,Bangalore,debit_card,26,277.87,0
d76e4d8a-28c1-441a-9b19-1b4091d1f4ba,1389.73,2025-06-04T07:28:06,grocery,30,Lucknow,upi,21,1245.49,0
0367de46-719f-418b-940a-9837a52dfd38,494.0,2025-06-18T09:47:25,grocery,39,Delhi,credit_card,34,66.11,0
3f88b53f-ac05-4027-a6e6-becdac361910,349.52,2025-07-13T23:48:40,grocery,23,Pune,credit_card,24,76.88,0
1d169e40-df1e-46a4-ab51-da14a39a0cad,324.05,2025-10-26T15:52:28,travel,31,Bangalore,netbanking,21,303.93,0
5a66a915-0a73-469b-9b1a-e62d7a1606ad,864.75,2025-06-06T16:46:29,fuel,24,Chennai,debit_card,30,1019.02,0
04a3611f-5806-4fa0-8d87-cbac3a735561,653.15,2025-08-29T08:47:32,electronics,65,Chennai,credit_card,25,454.32,0
5a4eab16-2e4d-44cc-936b-b399b46866e0,1771.7,2025-10-04T22:20:20,grocery,46,Chennai,wallet,25,1462.41,0
d0d70841-cb8d-43d0-bb43-8821b7438ae5,2078.73,2025-08-23T23:48:31,entertainment,36,Lucknow,debit_card,18,1256.57,0
d3f2909a-98cd-4adc-8e1f-ec428f1da643,1023.75,2025-07-06T14:24:03,fuel,33,Hyderabad,credit_card,22,569.57,0
173480c2-5144-4f97-8556-29b91d6217df,97.01,2025-02-03T18:30:21,entertainment,52,Pune,upi,28,218.63,0
6101ed07-382b-4b3c-ba91-11c7620c52bc,2900.06,2025-10-22T16:47:58,online,23,Chennai,upi,26,3615.54,0
0006f6e0-303b-40af-939e-04b09183dec4,2976.6,2025-03-02T14:51:40,electronics,51,Kolkata,credit_card,23,3452.57,0
6bdd7bac-b843-45df-93f1-41b723e4efef,3984.23,2025-07-08T20:33:03,online,41,Bangalore,credit_card,19,10.0,0
88d4e324-10da-453d-9698-69ecf9c61a5c,61.67,2025-07-11T01:04:15,electronics,48,Kolkata,upi,30,36.05,0
ae51e608-eb39-4cfe-ac9a-bf0e001325d5,744.07,2025-04-11T11:53:10,electronics,34,Bangalore,netbanking,28,600.02,0
3af7ebbe-00df-4390-994a-f8512955362f,375.32,2025-03-06T22:09:40,dining,19,Mumbai,credit_card,33,692.75,0
a291755c-5145-4052-beed-832d4b1b3770,212.1,2025-04-24T19:18:29,fuel,41,Ahmedabad,netbanking,26,128.23,0
c9d7ca69-d6b1-4b27-8b89-13269c80db82,162.33,2025-06-20T02:56:52,entertainment,29,Pune,credit_card,20,51.75,0
66692d86-600d-44c4-8b94-1cd4eef391ef,1150.59,2025-03-31T07:35:09,fuel,41,Mumbai,netbanking,27,1519.84,0
80c98275-5f74-49e8-8bd5-c13ca9dff56b,2513.63,2025-06-14T13:25:11,dining,34,Ahmedabad,wallet,24,1371.59,0
23010e56-7322-4b0c-8590-1228f336aea6,1098.98,2025-08-09T12:49:53,travel,46,Ahmedabad,credit_card,21,688.24,0
d65f50b2-9747-40fe-90fa-03b4aee416a2,455.54,2025-09-10T04:09:13,grocery,27,Jaipur,wallet,21,347.11,0
ece71696-f7df-42ab-9403-f490b5235556,213.55,2025-08-30T23:13:12,grocery,32,Kolkata,credit_card,17,336.69,0
e5fa02c3-384d-44af-9e46-53a438601df7,163.96,2025-05-20T09:01:28,entertainment,18,Lucknow,debit_card,21,96.32,0
7d4ee428-84bc-4d18-af5a-4fc70dea0a08,837.7,2025-08-18T10:49:13,online,33,Ahmedabad,upi,29,883.92,0
e1822b7e-ac1f-45e1-b4c6-8f75cb58cb68,1427.7,2025-06-22T20:26:49,fuel,26,Bangalore,upi,31,567.49,0
9f2d960a-2ea5-4472-b89a-3acdcb91e660,1071.13,2025-09-10T14:27:14,travel,28,Ahmedabad,credit_card,30,969.07,0
48b9879d-dace-4b8f-b988-34d2fd92302b,221.44,2025-05-06T16:09:56,travel,46,Chennai,debit_card,27,183.1,0
0578f83f-4c84-4bcb-8118-5ddadc9a4675,507.4,2025-05-02T21:55:14,online,37,Kolkata,debit_card,29,695.58,0
a4dc7bd7-45dd-4784-97f1-7ef2faf96f45,1380.91,2025-05-18T00:30:40,online,34,Chennai,upi,30,618.29,0
89e88159-0c97-409e-8b62-e5352ed0cde4,55.15,2025-06-06T23:55:30,grocery,38,Mumbai,debit_card,27,84.88,0
3316d726-7609-4dcd-8615-62b1fea12c33,896.12,2025-05-12T21:39:45,entertainment,43,Hyderabad,netbanking,28,760.27,0
35080dcf-1483-4cb7-8c4b-d288fd584701,33.19,2025-08-10T10:59:21,entertainment,52,Jaipur,upi,28,10.0,0
a27e4989-df26-4e3c-83ce-356a3d44e775,283.28,2025-06-24T09:01:46,fuel,47,Pune,upi,27,358.36,0
955bd690-0222-4bdc-860f-8cd2d5660c50,246.02,2025-08-24T19:00:08,travel,55,Ahmedabad,debit_card,24,10.0,0
7e5a2ed4-7881-4f0c-a4d5-e0b35bad0fc2,1656.91,2025-07-19T04:20:48,grocery,38,Jaipur,upi,29,1751.85,0
9078deac-d372-4a54-a7ba-dcd34336b956,371.25,2025-07-29T15:37:08,dining,38,Lucknow,credit_card,17,244.46,0
7bd4b332-4fe9-4f11-a61c-bd9531ef9738,540.11,2025-06-12T10:15:29,grocery,51,Hyderabad,credit_card,25,514.76,0
6c84ba63-8988-4324-ad0f-5cb0c1f125f5,475.37,2025-05-31T01:37:09,grocery,34,Hyderabad,upi,19,276.45,0
0d97bf5d-d16d-48a2-bdbf-c7b3a6991057,115.37,2025-02-08T04:25:55,other,23,Mumbai,upi,25,75.78,0
0e9295ad-cdcc-45cd-be5a-750fdac1023b,36.95,2025-06-15T12:33:53,electronics,29,Mumbai,credit_card,29,10.0,0
996be536-64ec-4c5b-a1dc-1893729dfb56,512.45,2025-10-25T02:01:45,electronics,46,Ahmedabad,upi,31,149.48,0
a88edd5b-b26c-443c-9b85-7f972be6b25b,261.9,2025-09-23T12:40:12,dining,51,Mumbai,debit_card,26,155.29,0
bf980568-52d5-49dd-b4ff-4d519e524835,1182.48,2025-01-28T21:42:05,entertainment,30,Jaipur,debit_card,35,466.73,0
e39099a2-3289-4d75-b106-21219f7b851d,1907.74,2025-03-26T20:59:41,electronics,47,Chennai,upi,31,889.03,0
da0a4923-d174-41ff-9ba2-7bc2e7cebdba,565.89,2025-02-20T18:26:51,entertainment,28,Jaipur,wallet,16,759.76,0
be1c9a4f-310d-423b-8746-74acd25e8fc9,2261.46,2025-03-30T17:10:35,electronics,29,Delhi,upi,30,1355.02,0
441acc59-7344-40a2-be53-3fc9c1db4b17,209.98,2025-02-26T05:12:42,electronics,38,Delhi,debit_card,25,168.63,0
6408992a-e7f9-4c73-b945-301d05350d44,723.55,2025-08-18T09:30:55,electronics,39,Ahmedabad,credit_card,26,35.26,0
eff579b1-c951-4244-8ea6-553fc3a06377,55.27,2025-01-24T02:48:04,dining,25,Lucknow,upi,15,23.22,0
6bc934fd-6f56-4445-b0c8-815d1844db1f,472.1,2025-09-20T05:05:42,electronics,18,Ahmedabad,upi,23,264.65,0
fb48cb49-cb57-451a-a7e5-2389113ed6ec,166.25,2025-03-19T00:43:52,grocery,48,Jaipur,credit_card,27,156.13,0
67f1cced-1f1f-416c-823c-ed2b40fcdaa9,313.11,2025-07-28T00:00:36,online,73,Ahmedabad,upi,36,135.75,0
5866f4dc-80ad-4246-957a-b406362ad22a,275.45,2025-01-19T05:02:20,other,21,Delhi,netbanking,29,10.0,0
43732e04-2e2e-4d79-820d-1ac5275d45d8,1774.35,2025-01-10T15:49:31,electronics,36,Jaipur,debit_card,22,1831.38,0
75d89566-ed36-465d-901d-bdb217fb4fdf,1431.47,2025-02-17T11:29:23,fuel,27,Kolkata,upi,24,811.05,0
78fdba26-cdaf-4655-87e1-db2159891022,335.45,2025-03-15T13:57:25,electronics,38,Delhi,credit_card,26,319.51,0
8a37e974-eeca-4a38-af54-0c338418226a,529.19,2025-03-24T08:47:15,entertainment,34,Kolkata,netbanking,24,423.78,0
8bb7254b-11a5-4531-a35f-4139b3a8fde4,1507.12,2025-09-23T20:05:58,fuel,56,Hyderabad,debit_card,24,1466.92,0
7956f738-60ec-4402-8981-4f2a65101512,665.47,2025-10-15T00:07:22,electronics,32,Ahmedabad,credit_card,17,676.67,0
0cfa268b-73f3-475c-92b4-073a3ee9bf7a,1035.22,2025-01-08T14:13:12,electronics,36,Bangalore,upi,25,967.24,0
52097103-bf78-4bc4-b171-4b6657b2cb7b,259.61,2025-10-05T06:49:24,grocery,28,Bangalore,debit_card,24,210.78,0
0b7e3352-cf0c-4416-94ad-bf5d4ece4e55,423.95,2025-03-02T17:23:04,online,54,Delhi,credit_card,22,401.85,0
e0af503e-0b63-4e85-86a7-710ad481d80c,923.9,2025-07-13T02:52:38,dining,48,Kolkata,debit_card,29,993.35,0
c841570a-d3ca-4dc0-9326-b52219edb198,885.99,2025-03-02T16:24:18,grocery,45,Kolkata,wallet,21,603.83,0
da5372b2-83a5-4a84-a052-b3fa1d86ead8,1520.06,2025-05-13T00:27:57,entertainment,26,Pune,upi,25,10.0,0
0899774d-6d42-4e27-99e0-a83b806fabdb,48.86,2025-09-07T07:53:06,online,63,Bangalore,upi,19,12.72,0
6f8f95f2-c665-49b1-aea2-9027d9bf5a82,683.52,2025-04-06T01:28:00,electronics,46,Kolkata,upi,21,1316.82,0
82720fb9-ea9c-40b0-a2ee-bbe8c03c9cc6,185.26,2025-03-07T10:56:42,grocery,51,Bangalore,debit_card,20,138.78,0
ca8bb01c-6400-4cdd-a2ae-626c2b5b8dc7,321.21,2025-05-31T16:22:50,fuel,43,Mumbai,debit_card,26,277.06,0
b07459a7-9da6-4fc8-b085-db20ccffb716,1055.08,2025-05-07T02:47:00,travel,55,Chennai,upi,20,955.6,0
79396c82-8ecf-4564-b920-6e55f2cea01b,110.75,2025-06-03T08:24:53,online,32,Chennai,upi,20,57.93,0
bdcbb122-67aa-4d98-9ca3-d883fb404fc1,608.01,2025-06-08T03:23:44,grocery,45,Chennai,upi,23,642.29,0
7982904b-3201-428d-a4a8-e8ce890b522d,2921.69,2025-05-17T02:13:04,entertainment,41,Delhi,credit_card,17,2960.54,0
736fc9a9-7355-4c1f-a845-86f0c8eeaf29,751.96,2025-06-04T13:37:38,dining,45,Delhi,upi,23,1092.07,0
6712a782-6fdd-4da4-b8df-8a9bc7ab0764,296.06,2025-06-27T08:07:38,fuel,31,Pune,upi,24,165.32,0
fe126938-3b39-4f51-a0cb-64b0cde77218,1506.8,2025-10-21T22:59:20,online,34,Hyderabad,credit_card,20,283.29,0
28478936-8110-4368-aed9-f2d5bfaeccfe,1505.86,2025-09-09T06:07:44,dining,48,Hyderabad,credit_card,27,291.83,0
a75c5c67-82bf-4551-8b2b-0befd3401516,451.04,2025-10-11T01:29:02,fuel,37,Bangalore,upi,30,182.61,0
e2c1f7f4-84b2-4b2b-93ae-24c28623a453,415.74,2025-03-23T04:19:11,electronics,40,Mumbai,netbanking,23,537.86,0
4d24bc01-081f-489b-8447-8fc1501b5442,2142.92,2025-08-05T09:22:52,online,44,Ahmedabad,debit_card,28,786.41,0
eb015665-a666-4b73-a752-7d7a69f6adc3,859.57,2025-10-09T04:49:24,travel,27,Jaipur,wallet,30,566.84,0
a811c098-ff18-412a-8fd6-3771ad61b8ac,35.16,2025-05-24T06:14:50,online,57,Hyderabad,debit_card,26,10.0,0
e7a7d2de-c936-46a6-99d1-bed4da62f593,642.37,2025-01-10T08:49:55,fuel,44,Ahmedabad,upi,21,457.37,0
441174ed-bf59-418f-b70e-d3b651759784,729.27,2025-07-29T13:29:23,dining,54,Hyderabad,credit_card,34,951.76,0
eacfcbc8-eabd-4f6f-bece-a7d45889d19e,406.82,2025-06-09T08:56:09,fuel,38,Jaipur,credit_card,20,145.5,0
db289d7b-153f-4eff-97f5-b887b984b044,302.78,2025-03-03T17:33:50,entertainment,35,Ahmedabad,netbanking,33,378.94,0
7def1974-178c-4a55-aeeb-cfe2a4349ed1,844.9,2025-07-06T04:11:19,fuel,48,Lucknow,wallet,24,1186.32,0
1667b88c-4105-4d27-84dd-60a6e0ce44e5,203.31,2025-10-15T04:31:36,electronics,18,Bangalore,credit_card,22,203.98,0
6b77b729-9855-48e1-8754-206ded3d29ff,261.8,2025-01-22T23:52:42,dining,24,Kolkata,wallet,30,136.23,0
57381492-65ca-4e31-ba19-b139cfb71934,42.29,2025-04-07T09:07:37,electronics,53,Lucknow,netbanking,30,38.34,0
75dfac1a-fc73-4c57-97de-49c81dd2b92e,457.37,2025-04-05T01:03:54,grocery,32,Delhi,debit_card,23,287.55,0
f58b47ec-6de2-4a42-9d9d-34d540e36d1c,2293.33,2025-07-22T04:49:37,grocery,39,Kolkata,netbanking,27,2195.1,0
d9804864-31c8-4e58-8740-b34385a09271,114.35,2025-06-29T09:30:12,entertainment,56,Bangalore,wallet,22,58.7,0
58c913b0-e259-415f-9ff8-c23700b2441d,98.69,2025-10-11T10:14:06,fuel,58,Chennai,upi,31,241.48,0
4217d9a6-e3bd-43da-8197-f6ad869c7d2f,653.26,2025-09-11T14:43:44,online,56,Mumbai,upi,19,848.4,0
534d4bc6-7a4c-4206-a2b5-926509591a0b,269.89,2025-08-11T04:04:10,travel,33,Delhi,upi,24,179.43,0
c220d81b-dea0-4014-ac24-e61493b57c44,891.44,2025-08-18T03:30:04,electronics,18,Mumbai,wallet,27,336.58,0
71cc9b65-d447-4ae0-a67f-18feb09a188b,223.86,2025-02-23T20:49:11,grocery,35,Pune,upi,35,185.97,0
b89e0943-329b-4184-93d2-6718e1f9dd36,283.22,2025-01-24T14:15:55,dining,36,Bangalore,credit_card,25,314.71,0
6d25492b-b49d-4f2f-8807-f81b16ecc588,344.01,2025-02-23T07:23:04,electronics,65,Ahmedabad,upi,29,639.8,0
5ce2f2c8-83f2-4b3c-9da3-06b342f4a878,436.0,2025-01-20T12:35:55,travel,54,Ahmedabad,debit_card,26,450.38,0
82751534-6d2b-4ae2-94e3-41570fae82fa,284.47,2025-02-26T20:10:40,dining,34,Jaipur,upi,27,50.3,0
1bdc4f3f-4219-437f-be0c-6e02abdb362e,89.12,2025-04-30T23:24:30,dining,47,Hyderabad,upi,22,185.76,0
e19c1335-cbc0-45d9-936a-a5d35c0df199,1126.32,2025-09-07T09:35:17,travel,69,Delhi,debit_card,32,854.52,0
fb7516b7-ba46-494a-96af-2e2ea3c49462,112.5,2025-04-16T17:35:09,grocery,46,Pune,upi,31,47.2,0
8fd4ae9c-ecaa-4467-9cbd-ad8270dfd21f,848.7,2025-08-21T07:00:49,travel,34,Lucknow,credit_card,24,470.85,0
4283a609-5999-49a4-b7a5-6bddd0b42ff1,787.75,2025-07-29T20:26:07,dining,43,Bangalore,upi,22,959.28,0
e70822b3-e3b4-4c48-8077-d4581abe7932,1598.13,2025-08-23T00:22:51,fuel,43,Mumbai,credit_card,26,1389.78,0
897fa6da-4df3-44cf-9448-6e47a7006021,1847.67,2025-03-13T19:44:24,grocery,32,Lucknow,netbanking,32,1075.38,0
d3b88b06-3cd2-43a8-a7f6-0c5df96d7404,1226.75,2025-01-31T01:28:00,travel,49,Mumbai,debit_card,25,823.39,0
7d475d2d-cea3-4e66-8c70-354b8d5f332b,3287.26,2025-09-10T11:37:35,dining,38,Kolkata,netbanking,24,3753.11,0
6cbd957d-9f61-44cb-81c3-f90cd6b69c24,168.16,2025-10-27T03:51:18,dining,38,Kolkata,credit_card,20,103.56,0
9bb47cf5-ccb2-408d-ba9f-26242db1c703,5734.98,2025-03-08T17:57:11,travel,22,Ahmedabad,upi,22,5143.5,0
3f9a1dcd-2460-4156-b026-f3479627389e,110.66,2025-07-21T00:22:00,travel,32,Hyderabad,netbanking,24,10.0,0
4ce85043-b87a-4e40-aa49-083fbf886113,469.3,2025-05-13T03:24:59,grocery,38,Pune,debit_card,22,494.22,0
9b2022c2-8dcf-439f-b1e7-f0d45e1b65f9,271.97,2025-07-11T23:46:54,electronics,32,Jaipur,credit_card,16,289.36,0
f741b9a3-d182-489f-9fbc-d5381c2b1400,176.54,2025-09-09T19:01:46,online,23,Delhi,debit_card,30,288.44,0
b617f5c4-2408-4a32-af95-a2e95237ed2d,155.45,2025-01-18T14:26:09,grocery,32,Bangalore,debit_card,25,74.51,0
67b06a44-f438-43f6-a797-39a39ec6b4c3,346.23,2025-09-04T21:03:18,dining,48,Jaipur,upi,31,471.1,0
69998693-4a03-41d7-b89d-c6e3cb3b2d5d,196.7,2025-10-03T02:11:08,other,36,Jaipur,credit_card,24,80.49,0
fea698f5-f08e-4cab-a90b-3c215f443a7d,281.98,2025-06-07T09:22:57,grocery,38,Mumbai,upi,31,272.12,0
ad1e501b-e850-41e6-9333-5cb9b1e07867,220.98,2025-10-17T10:05:40,travel,39,Ahmedabad,upi,15,254.02,0
68e2913a-e895-4c4d-8f5e-ec100a1e582a,121.54,2025-01-07T11:47:59,other,34,Ahmedabad,wallet,16,253.87,0
c1623bc5-3f38-4645-977f-d14116929969,5589.55,2025-10-15T10:26:48,online,29,Lucknow,debit_card,25,10472.91,0
0907850f-653e-4f21-8a7c-59eaf790f6c6,871.76,2025-08-12T22:54:50,electronics,39,Delhi,wallet,29,575.48,0
8a54ab2c-1624-4202-832e-1b1e06b0b87d,184.38,2025-10-27T03:43:50,dining,25,Pune,credit_card,20,189.55,0
6684aa5e-1cbb-4e43-a265-80783228658d,2509.44,2025-03-24T10:24:17,fuel,30,Jaipur,upi,25,1451.94,0
b30413a5-31ea-45cb-a0ee-50243b54e46c,811.35,2025-05-22T14:28:21,online,48,Ahmedabad,upi,31,588.61,0
9af36b02-7623-45d6-99c4-9e68d140365a,189.33,2025-09-04T12:13:40,online,24,Ahmedabad,upi,25,237.25,0
501f7fd6-8868-48a6-ac61-22654de72440,183.3,2025-09-09T03:07:47,online,59,Hyderabad,debit_card,25,203.35,0
98d02e8d-d3ae-44c6-aaaf-5e64d8b0cdd4,601.24,2025-07-08T13:58:02,dining,23,Mumbai,credit_card,25,587.44,0
d229deae-117a-428b-99db-b5042007c92e,2906.02,2025-02-15T01:04:55,grocery,41,Kolkata,upi,28,2147.87,0
7ec5d205-ad79-483d-8bb6-5ce71641bf54,2948.18,2025-04-14T02:49:32,electronics,23,Pune,debit_card,18,3228.83,0
61a227c3-318f-46a6-bc6f-087fdff5fdaf,4508.67,2025-01-25T11:06:19,online,45,Jaipur,upi,21,4691.87,0
663ce8e5-34ff-46df-b923-7050653670b4,272.4,2025-06-18T18:35:43,dining,41,Ahmedabad,upi,28,405.86,0
84001963-1df0-4757-a368-ac220cbbc3a0,125.95,2025-06-05T13:28:40,electronics,30,Ahmedabad,netbanking,36,10.0,0
d287f541-ab53-4008-9709-0cf75dba391c,50.14,2025-06-02T07:14:23,grocery,37,Pune,debit_card,30,37.25,0
dd7a6c2f-6821-4a0f-b529-608fb194b10c,262.14,2025-04-19T19:29:15,other,54,Jaipur,upi,22,177.05,0
e776b4db-b90e-4491-80cd-157a1d24c9d1,186.97,2025-06-07T21:50:05,grocery,35,Hyderabad,upi,23,135.82,0
23835109-2736-4200-8fc6-8c476391b19a,1027.46,2025-04-14T01:45:32,electronics,33,Kolkata,credit_card,28,864.05,0
78b5ef5c-61b5-4266-8be0-fc11989b6c1c,1138.63,2025-01-11T07:53:03,travel,38,Delhi,credit_card,26,929.42,0
8366cb20-4ced-41cb-a7cd-5ed7586dcfc8,471.66,2025-06-05T00:25:49,other,47,Kolkata,upi,28,529.02,0
0ee240b4-3dba-41a2-a0f4-78197df24f87,865.35,2025-08-04T04:52:42,online,32,Jaipur,credit_card,31,779.0,0
65e6097c-9bc8-4a4c-a440-dafd6fcf4fb4,181.32,2025-06-02T16:48:14,fuel,27,Bangalore,upi,23,196.41,0
06b7553a-2207-47b0-b57f-cdf83f80243b,223.36,2025-07-30T16:18:38,dining,39,Delhi,credit_card,27,356.49,0
df850b03-3457-4aed-8e87-d61c6511d131,1370.34,2025-07-19T03:44:02,dining,24,Chennai,credit_card,36,602.82,0
6c1e93a1-80b3-495c-8e5c-6a80b7a42eeb,187.97,2025-02-23T16:11:24,travel,21,Bangalore,netbanking,17,188.13,0
5126f7ed-cece-4b5e-bd42-8905df9141dd,124.77,2025-08-08T13:07:39,dining,58,Kolkata,debit_card,20,94.13,0
ebabb29d-a7ec-4f4f-be9d-e3f8e8bb378c,737.32,2025-07-26T18:15:06,travel,45,Jaipur,upi,22,591.02,0
9f78bad5-6b79-4944-a548-c7ef9dc689e0,668.49,2025-08-11T05:52:05,dining,35,Delhi,credit_card,27,375.63,0
794803fa-601f-408d-9107-54c17520ad15,329.22,2025-03-08T09:43:18,fuel,38,Mumbai,credit_card,23,347.07,0
1506a729-e52c-406f-9a9f-6f8e1003d9d6,1060.83,2025-01-04T14:19:27,other,20,Lucknow,netbanking,14,1102.57,0
769d15b8-99cb-4a77-90e7-0edd19349ebe,363.64,2025-01-30T05:37:17,grocery,30,Kolkata,wallet,25,256.68,0
19eb0b90-370d-43e7-a653-bf7c5dd1bfa0,525.41,2025-04-10T05:30:27,fuel,58,Kolkata,upi,23,569.37,0
2ae98e2c-b3b1-4d74-bdc0-d6c33066af82,1320.15,2025-10-13T23:52:39,grocery,41,Kolkata,wallet,29,490.0,1
afae9e89-fd97-4116-ad06-e04cffbe8458,410.67,2025-07-06T14:51:29,travel,28,Delhi,credit_card,29,159.71,0
d65e9faf-02ad-402a-bb12-4168de3791ac,251.72,2025-04-21T07:30:17,grocery,54,Ahmedabad,netbanking,26,182.2,0
5b68c3e1-3b0d-4413-9f73-27537110bcd2,1142.77,2025-01-26T08:26:24,electronics,40,Kolkata,netbanking,30,481.83,0
535a0d50-7140-44b9-a47a-ac110d5d2e85,609.72,2025-03-29T09:11:46,grocery,39,Jaipur,debit_card,26,592.96,0
d5d0cc04-ca10-4b11-978a-1911e9d95eda,1610.08,2025-03-22T02:28:05,travel,33,Jaipur,upi,31,1859.28,0
30bdcfee-020a-4165-be1f-161ac3955436,565.26,2025-03-31T04:36:34,online,35,Pune,netbanking,28,162.81,0
7432f5ae-e0e6-4d00-ac44-768cced584cc,675.77,2025-10-01T20:37:33,entertainment,46,Pune,netbanking,19,381.15,0
fec39e13-6fc1-480c-9679-1e242b3986a2,268.87,2025-06-07T00:10:35,dining,37,Jaipur,upi,29,190.97,0
33d26a4b-abab-4d80-ae65-a9e4eec324a7,122.46,2025-04-08T12:25:51,other,46,Chennai,netbanking,30,22.91,0
ab69002d-9357-44bb-b860-ae03537ca25e,238.81,2025-04-04T01:51:43,grocery,39,Jaipur,netbanking,34,65.81,0
9025b171-4f3e-4a07-b6e4-953b20eeffa3,336.96,2025-10-25T00:27:43,grocery,47,Bangalore,wallet,25,168.52,0
1340f0de-289a-47e8-84e4-b62f5cc9052f,157.14,2025-10-16T04:13:06,fuel,28,Chennai,debit_card,26,207.22,0
c5277824-1e37-4f04-a8bf-ddab3f02d818,639.44,2025-04-19T03:08:15,dining,28,Delhi,upi,26,620.96,1
8e26b6a2-2e49-4c63-b086-d3a43e6e36ff,155.15,2025-02-22T07:22:27,entertainment,18,Jaipur,credit_card,25,152.89,0
09770065-e76c-45c0-95aa-336d4da18216,102.47,2025-03-18T04:13:57,fuel,30,Chennai,upi,28,68.99,0
6aa5cd88-8144-496b-8923-71ade27e0c5c,236.45,2025-09-22T04:29:19,dining,34,Mumbai,credit_card,23,363.3,0
ac98bf82-0d83-4d84-bed9-6229809194a5,305.33,2025-06-16T14:39:52,fuel,39,Hyderabad,wallet,24,177.72,0
1af2dec0-0c23-4626-9060-20395ac9acfe,61.34,2025-10-13T10:06:01,online,42,Chennai,credit_card,36,10.0,0
2f8f770f-c061-4ac7-85ff-3f2abbe0944c,254.33,2025-07-06T09:47:28,travel,24,Bangalore,upi,27,169.01,0
453a3b9e-f76c-434c-8b22-3cb836b159c4,135.83,2025-08-04T05:30:41,online,46,Pune,debit_card,30,116.64,0
4c0a07b5-2b39-4336-a512-17244bc41e22,53.65,2025-08-16T01:32:48,dining,43,Pune,credit_card,25,54.65,0
818078b7-9744-40bc-ae15-38db479a5a8d,118.21,2025-03-02T22:20:47,fuel,37,Delhi,wallet,29,10.0,0
0e44d3a8-1e47-4ffc-8636-024ab3c8d351,107.57,2025-08-23T19:18:18,dining,42,Delhi,wallet,31,10.0,0
0c290b9b-5529-46de-995b-1ff98dcad90f,592.98,2025-10-09T23:22:12,other,49,Kolkata,credit_card,33,146.68,0
5a0193c4-a73e-4cf3-a315-3ff1848c7217,7378.6,2025-05-08T16:34:30,dining,44,Jaipur,debit_card,22,5962.81,0
3dff237d-e5db-4e7f-92d2-0579ee070c74,151.99,2025-10-08T01:59:02,entertainment,35,Delhi,upi,25,10.0,0
db5018d5-bae5-4802-bb9d-9a228fe4aea9,1229.33,2025-07-06T14:21:31,entertainment,20,Bangalore,debit_card,31,887.25,0
5220cb91-6617-4f4f-87f2-3d0b99e06829,295.81,2025-01-25T04:15:37,online,25,Bangalore,upi,21,10.0,0
30418c27-4736-494c-8288-9c869f1d04dd,613.26,2025-09-22T03:04:59,online,19,Bangalore,debit_card,22,379.21,0
120c9820-174f-420e-9c48-51c7abac9017,205.48,2025-03-11T00:51:26,electronics,25,Ahmedabad,debit_card,25,158.34,0
433230e3-4bc2-4f09-a8b5-1a1ec5e9e900,654.41,2025-01-13T03:08:15,dining,36,Mumbai,credit_card,22,681.95,0
4100daac-c7bb-41d7-a0df-edb29e795b7a,226.47,2025-10-19T14:47:50,grocery,29,Lucknow,upi,21,164.92,0
68656a53-6756-40ac-965a-f06d1520c47e,255.25,2025-05-25T10:05:32,grocery,33,Delhi,netbanking,27,134.74,0
480742d1-e54c-4250-a565-3ab534745355,5599.76,2025-02-17T01:59:18,dining,57,Jaipur,upi,20,3512.75,0
d352283a-b0a1-48d4-9e4b-e98a519998d5,241.59,2025-07-09T22:20:55,grocery,36,Pune,upi,30,70.63,0
edfee782-f4ac-4a5d-a5f2-8f906f0f5f00,854.84,2025-09-28T01:14:31,online,35,Pune,credit_card,25,244.65,0
8256945d-2840-43a1-ac78-427eb326d3ae,225.06,2025-07-13T19:42:34,grocery,34,Ahmedabad,upi,25,327.48,0
572ba0b8-9d31-4c3a-90d6-dc134c7c5e68,852.59,2025-09-20T05:20:53,dining,18,Chennai,debit_card,25,518.58,0
029c9380-63a5-4a96-a2c8-bb55c11ba10f,303.0,2025-07-31T01:40:04,electronics,50,Kolkata,wallet,31,497.57,0
024966ac-2336-4ff4-bd44-9898cd0b44c5,273.52,2025-08-23T21:10:03,fuel,18,Ahmedabad,upi,26,267.36,0
aa04d9c7-aac9-4d5b-9f00-74808f7de7b7,478.91,2025-07-12T12:28:02,grocery,49,Ahmedabad,debit_card,25,382.63,0
59285285-57cc-440b-b070-66a94ec667bf,431.49,2025-06-14T06:12:33,travel,28,Lucknow,debit_card,25,339.5,0
164280cb-640b-4584-9310-301f00ebfa65,60.1,2025-07-01T06:30:14,travel,33,Delhi,credit_card,24,10.0,0
d040fa4f-2082-493a-99e0-889423d80ae6,116.51,2025-05-05T05:04:01,entertainment,56,Pune,credit_card,37,85.4,0
83a98c4e-65d0-4429-98bc-8017054249eb,537.78,2025-02-17T02:28:14,grocery,46,Bangalore,upi,21,327.7,0
c5d481b7-0c7e-452b-b107-9b4d13daf8be,655.49,2025-08-31T12:13:22,electronics,39,Bangalore,credit_card,26,959.63,0
cf1ffe19-f4fa-4933-b38e-f668715276b6,291.55,2025-07-08T05:02:20,fuel,38,Hyderabad,upi,28,138.61,0
960f5fbf-044e-482b-b19a-99a7dd5c4b97,73.7,2025-04-10T14:54:41,dining,35,Kolkata,upi,32,85.17,0
26d1ead4-5c10-4393-ba94-4c8e8f77d2f9,458.36,2025-05-16T08:11:21,online,33,Kolkata,debit_card,27,414.2,0
2c94234c-8d2a-41dd-af53-7d7274744e5b,786.34,2025-05-14T16:07:10,entertainment,47,Pune,netbanking,36,104.44,0
e21bcee8-87b2-41da-b6b5-b95e784643e9,270.61,2025-01-30T03:09:07,online,44,Ahmedabad,netbanking,29,48.97,0
b9b0ce19-dc6d-4b27-98a2-18712b12562c,1288.28,2025-04-22T23:09:38,grocery,29,Kolkata,upi,23,1190.76,0
33d6b133-d14c-4b59-8971-48d99ddb405a,535.02,2025-08-17T04:22:12,grocery,41,Jaipur,credit_card,20,694.98,0
5f796209-52b9-4df3-8266-05c7056cd137,821.51,2025-07-21T04:44:40,dining,18,Chennai,wallet,27,1118.98,0
59958342-5036-45c0-b6fa-6336c1d13f9f,2370.03,2025-09-19T10:17:46,online,46,Ahmedabad,upi,31,2281.82,0
12de803f-0dbf-4ac6-bc2d-43590d955ddc,157.3,2025-04-03T00:10:56,other,42,Bangalore,debit_card,19,297.32,0
e9e18570-ef63-41f1-b7b9-d7688231edf5,105.07,2025-08-12T03:03:37,travel,27,Hyderabad,debit_card,26,51.78,0
c56ab8ef-f0fa-4af2-95ef-73577f8e6a3d,241.67,2025-03-26T12:22:15,online,34,Chennai,credit_card,28,443.49,0
c68e486b-e86d-46d3-a235-2e7822717077,161.01,2025-09-03T12:24:13,travel,29,Hyderabad,credit_card,23,10.0,0
14d6bc96-31dd-4fa8-89a5-b8d5b0323fba,3505.0,2025-09-04T08:10:45,grocery,37,Ahmedabad,credit_card,27,1719.56,0
5ef13b40-0c25-4994-943f-90bf62eb8358,2092.85,2025-04-27T11:44:47,travel,34,Bangalore,wallet,23,2274.93,0
925ca548-03b0-48a5-912f-87ee96e7c9f9,247.38,2025-03-03T21:24:32,online,29,Pune,upi,19,383.18,0
663bfbf9-e180-42af-97a3-4715a7b0cea6,1013.07,2025-09-11T04:54:12,entertainment,26,Mumbai,netbanking,36,809.52,0
1420604b-25b7-4365-a636-f61c64b2bf42,552.18,2025-05-20T12:30:39,dining,56,Jaipur,debit_card,22,575.22,0
6f7f528a-2c37-4f56-b5ef-dd98b9ffd92d,289.35,2025-09-21T22:50:21,dining,37,Mumbai,credit_card,26,146.11,0
293b9ac9-bc65-43aa-a486-fe71dc219bf8,68.68,2025-07-22T05:11:32,dining,56,Ahmedabad,upi,24,91.18,0
01c8bbc6-3e7f-46de-8a68-0709dba68a93,198.46,2025-07-30T09:57:41,travel,23,Delhi,wallet,26,178.35,0
9b0fa0f6-447a-43ed-bc6f-20688fcf6ca0,474.3,2025-08-28T19:58:46,online,50,Lucknow,debit_card,24,108.82,0
e9232b80-c268-422b-9c15-c7d2f45b858f,62.24,2025-06-28T03:44:06,other,65,Hyderabad,debit_card,14,65.34,0
fdd2f04e-3a79-44cf-bea4-c539d95fd482,394.92,2025-10-06T23:09:05,grocery,34,Kolkata,debit_card,26,328.67,0
313ea1e0-2714-47d3-a98f-433136c208ec,1101.21,2025-07-31T05:48:55,electronics,53,Jaipur,upi,15,1244.79,0
be2c970c-441a-40a7-b2d7-4230c21fba9d,400.6,2025-07-04T00:24:06,other,49,Ahmedabad,debit_card,23,287.69,0
6f55e438-52b5-4462-8ee9-42aedba4a400,172.82,2025-09-08T18:22:31,other,44,Ahmedabad,credit_card,24,156.96,0
4100bf8a-485c-41aa-8ff9-506774867696,812.84,2025-10-05T15:40:11,grocery,49,Hyderabad,debit_card,20,538.06,0
a9207e9f-d20c-419c-a417-9e3b0b4ceb96,226.94,2025-10-20T03:13:12,dining,43,Delhi,credit_card,22,10.0,0
db079113-4965-4f7f-a6a4-20cfa809c54a,969.25,2025-02-15T01:10:54,dining,32,Ahmedabad,wallet,23,996.43,0
05f66b64-d749-4693-b4ab-df3a7f7e440f,1069.8,2025-09-23T09:40:53,travel,18,Pune,upi,14,606.24,0
a310c11b-a435-485f-be6f-33f678dcd2db,194.88,2025-01-04T05:48:28,dining,36,Kolkata,upi,23,345.35,0
d27557b4-acab-43a1-b14b-c62bde33e13c,3563.51,2025-01-18T10:17:00,grocery,49,Bangalore,credit_card,28,3467.39,0
c16fca33-3ade-4502-a87e-6b187e84f68a,651.41,2025-10-04T22:42:52,electronics,40,Chennai,credit_card,26,99.15,0
15f3cc94-4cc2-4031-9bcb-ba3e7e67badb,607.37,2025-04-17T10:31:43,online,59,Jaipur,upi,30,505.07,0
242564c7-a7c3-4a55-a620-b01d6697fb91,521.91,2025-08-15T00:34:50,entertainment,29,Kolkata,debit_card,24,606.73,0
46805df5-b534-42d1-9ebf-ef726e514a2c,887.83,2025-05-19T02:43:27,electronics,44,Pune,netbanking,22,973.12,0
d025f6d4-4217-415d-97a9-5fcf05805be8,535.26,2025-03-31T16:10:48,dining,45,Mumbai,wallet,22,384.36,0
75e47db3-9322-4d1f-b8c3-d6305f6e0609,1100.54,2025-02-16T01:26:43,online,39,Lucknow,upi,19,1186.11,0
eb1eefd2-c7a1-4d9e-8ac8-9ec1c2d2368c,552.34,2025-10-17T15:23:24,entertainment,61,Ahmedabad,upi,25,407.39,0
729b3b09-cd75-4748-b7d6-d519ea0f5224,440.29,2025-07-02T00:23:22,entertainment,49,Lucknow,upi,27,605.25,0
704f8002-a499-4c70-8ef7-230a8b4ae0d1,665.09,2025-02-21T12:17:33,entertainment,35,Pune,wallet,37,820.28,0
07b0b0df-a364-48dc-a2ad-e1c31b0836f5,941.89,2025-08-07T01:10:22,travel,41,Mumbai,debit_card,30,485.23,0
fc46d2a0-bda0-48f8-966c-68b19be9e6d5,223.12,2025-08-16T22:43:51,grocery,18,Mumbai,credit_card,15,207.94,0
cc75bc2a-fbc4-4d39-8ac2-4560cba2b613,170.48,2025-10-01T01:50:41,dining,41,Kolkata,debit_card,36,10.0,0
8ea6137a-590a-457e-ae85-0030d5c68173,1093.23,2025-07-22T12:27:18,online,41,Lucknow,netbanking,25,316.47,0
024cbb0a-818c-47d6-904e-84a966384d4b,79.78,2025-07-09T00:10:05,electronics,46,Ahmedabad,netbanking,28,76.3,0
0a234503-63f0-4786-80fe-951fb395a098,440.4,2025-05-15T02:32:45,dining,32,Bangalore,upi,16,305.21,0
1dc4fd42-106a-40f3-9dfc-cc6ca8f5720c,64.52,2025-09-06T18:28:54,electronics,42,Hyderabad,credit_card,26,158.62,0
27a8e5df-8268-47b3-9a82-a9adc0400b0d,215.99,2025-02-16T02:52:00,electronics,52,Ahmedabad,upi,25,261.98,0
e4659c8b-5023-4eda-8872-e51750a4cd4d,176.9,2025-04-24T20:39:56,electronics,51,Jaipur,debit_card,26,189.87,0
05402b54-db3e-445f-afce-e588f4ed8c5c,391.92,2025-02-18T08:05:19,online,27,Hyderabad,upi,24,321.63,0
7483b4bd-5980-48e5-8795-064d6c8a5a6b,2044.47,2025-10-17T17:06:38,fuel,30,Delhi,debit_card,28,1155.1,0
31467466-24e7-409d-a296-a66006f7de52,1835.25,2025-04-30T16:06:23,online,40,Lucknow,credit_card,32,1122.04,0
0c125a10-0f1e-4ea0-9f1e-7351105b2217,293.35,2025-01-13T12:23:39,other,45,Mumbai,upi,28,141.57,0
d2264fdf-fe04-4115-bf4d-d25ae6f6a362,646.88,2025-05-15T00:32:10,other,48,Mumbai,credit_card,23,168.24,0
ff9bc565-e57e-49ec-a343-8d2e4585ed49,744.19,2025-09-19T09:24:55,grocery,28,Hyderabad,debit_card,29,878.54,0
5bd6e40b-79d7-4258-a2ea-2d74069afc60,40.89,2025-01-31T04:51:24,online,39,Hyderabad,upi,36,36.89,0
4a5a8ce1-7c9f-4c2c-9016-f24c9d1a7874,139.32,2025-07-26T04:27:57,online,23,Jaipur,wallet,32,147.18,0
febc4d6e-cfe3-408b-9228-8de0ed005e9a,300.99,2025-01-10T01:47:53,online,38,Jaipur,upi,36,272.68,0
ff855ec0-a38f-4cc0-8d62-cfc3cc4b923c,3009.26,2025-04-16T06:54:31,grocery,40,Ahmedabad,credit_card,19,154.49,1
08a12fb8-bab5-428e-a32b-46ae51f8ea95,7855.62,2025-01-12T04:27:25,online,53,Jaipur,debit_card,19,5844.87,0
863d0a93-7327-4d61-a4ec-78d1b3781713,980.47,2025-03-22T22:24:00,dining,42,Mumbai,credit_card,23,1116.31,0
17305b0b-458a-471d-8d5a-09f3a0aee468,1193.03,2025-07-11T16:48:56,travel,36,Mumbai,upi,29,933.47,0
388fd188-5072-4c27-95e2-e77562f3858b,298.74,2025-10-21T12:37:54,electronics,43,Mumbai,debit_card,25,549.18,0
8960a395-6ccc-4a60-8a09-257d585cf50b,103.03,2025-05-25T00:06:35,electronics,31,Delhi,credit_card,26,36.18,0
a1f443d3-3ecf-4775-98f8-67f625034873,319.18,2025-08-17T03:57:42,travel,40,Pune,debit_card,32,195.82,0
9cf5f12c-2fce-4108-858a-2ae37827bc7c,389.95,2025-02-12T00:28:14,online,58,Chennai,debit_card,30,67.92,0
73603729-0404-4339-acdc-4ca52a84b63c,51.54,2025-01-28T01:05:05,electronics,42,Kolkata,upi,33,10.0,0
9fe08840-904a-4e3b-bf38-8af09bfce1a6,524.76,2025-06-09T07:22:14,fuel,27,Lucknow,credit_card,25,323.46,0
666824bc-6a99-4a03-8272-0f2ffc5aea9c,3055.49,2025-10-19T04:57:34,online,42,Mumbai,wallet,16,545.12,0
ec59dc96-1866-4d47-9613-503b5d9a0037,1403.48,2025-05-24T04:20:36,grocery,29,Lucknow,upi,26,1116.59,0
5ead27b4-b3ad-424d-bfb4-93434013f16a,3656.13,2025-10-03T13:48:12,online,43,Bangalore,debit_card,28,3946.73,0
aae9dcbc-f750-4a13-82fc-1463662cc27c,202.06,2025-08-04T07:22:50,dining,57,Ahmedabad,wallet,17,231.05,0
671924f1-bd0d-4885-9f6a-7cab25a82e12,42.11,2025-07-28T21:35:36,dining,41,Chennai,debit_card,21,97.7,0
8357a4a6-dba8-4f5b-a89d-27c1ca43d11c,478.13,2025-07-06T00:40:50,fuel,29,Pune,debit_card,20,324.93,0
04760988-3b1c-4ff3-97eb-46b800c2a914,222.25,2025-05-10T09:33:35,other,38,Chennai,netbanking,29,76.32,0
8649bbdf-c9f9-49cc-8bae-6b998aa9cea4,262.75,2025-10-07T10:01:57,fuel,35,Hyderabad,debit_card,23,268.51,0
069bfc95-bdc9-4835-97d3-efbe25fb686c,568.81,2025-09-26T10:03:15,online,45,Chennai,wallet,20,112.0,0
03542729-595e-4986-82ec-bb90004e7408,42.91,2025-09-26T01:01:35,grocery,43,Pune,debit_card,25,10.0,0
38533902-3926-44b7-84f0-da27854423b1,205.2,2025-06-21T11:37:12,online,43,Bangalore,upi,24,123.27,0
b6858a07-4c55-46c9-ad82-d6a554b5432c,124.59,2025-10-06T05:07:13,fuel,50,Chennai,debit_card,25,61.21,0
d8734b4a-31f2-49d0-bb55-1bc5f7272266,1852.44,2025-07-28T02:34:03,online,31,Bangalore,credit_card,23,1434.36,0
de511806-9b50-4a10-8301-169661784170,196.85,2025-03-27T03:18:17,grocery,31,Delhi,credit_card,32,253.57,0
f4e03e64-7526-4219-aa1b-759d4c9316cd,598.74,2025-02-26T11:03:11,fuel,31,Delhi,credit_card,28,36.81,0
f9f3f4d5-2a48-443d-91a3-89cafd5382dd,213.93,2025-07-30T18:22:35,entertainment,39,Jaipur,debit_card,26,386.51,0
f46cd5f5-8283-4311-a944-44896b57bf9b,1905.69,2025-04-23T20:32:35,electronics,18,Pune,debit_card,20,2359.33,0
35860d11-6da1-4b72-b1c2-71543a0743fd,876.84,2025-07-28T09:33:13,fuel,58,Delhi,credit_card,17,370.05,0
711c6857-a12a-413e-92f3-3f4caa830031,15.64,2025-04-24T10:17:52,grocery,35,Jaipur,debit_card,18,10.0,0
6f180b26-3cf9-4e96-932e-3314c3807928,87.24,2025-04-14T21:20:11,electronics,54,Jaipur,upi,28,48.0,0
e27053d3-893c-453e-bc82-c452fb360e3a,154.55,2025-07-18T19:14:51,online,36,Ahmedabad,upi,26,166.81,0
000b9231-c6f1-4b94-b92b-88e0be440a03,174.71,2025-08-18T16:43:44,fuel,42,Kolkata,credit_card,14,154.4,0
ad1ebaa9-b594-4113-b88f-da19c90a0a24,1338.64,2025-08-30T05:34:34,entertainment,47,Hyderabad,wallet,29,1430.88,0
62b069b1-d086-49ba-bf93-57d314978c57,194.14,2025-01-31T12:06:37,grocery,42,Pune,credit_card,26,107.44,0
40657f9a-8ed7-4bf7-95ee-55c8a9eceeab,368.96,2025-04-05T21:33:27,dining,49,Jaipur,debit_card,33,252.44,0
cff2d5a2-10af-44a6-b16b-ba52e7c02dde,244.99,2025-09-10T13:48:44,online,32,Delhi,upi,29,502.13,0
959afe02-4606-4dfe-aba5-9acad2e8928c,4940.74,2025-01-27T11:49:04,fuel,33,Ahmedabad,debit_card,24,3128.89,0
b7997a73-f728-49dd-94d6-a249457be5b0,51.9,2025-09-22T20:13:36,electronics,25,Bangalore,wallet,24,46.12,0
0cb1075c-b269-4c19-9336-3c17960e3814,430.94,2025-07-03T16:22:19,fuel,45,Mumbai,wallet,23,101.11,0
3f3057e2-296f-40fd-bd9b-bb0e4b5637fb,498.97,2025-09-05T10:39:31,fuel,40,Hyderabad,credit_card,30,148.68,0
98c51c4b-d095-44b5-8456-8acbe0993c8b,361.1,2025-01-11T16:33:36,fuel,18,Kolkata,upi,24,10.0,0
65bd27cb-7fce-4e4c-8877-9215ead62e81,99.27,2025-05-03T23:25:03,online,42,Pune,credit_card,25,71.14,0
ed8e413a-926a-46f6-aea5-ae29103cfbd0,311.59,2025-04-09T23:44:18,dining,43,Mumbai,upi,25,269.54,0
be47af4b-43ab-4a52-9923-c7c1b994c9d9,918.46,2025-07-14T09:12:28,grocery,31,Jaipur,credit_card,19,753.4,0
16ebfc4a-db08-4b88-bcc9-80716769b530,647.98,2025-05-22T04:59:16,electronics,31,Chennai,wallet,20,754.79,0
427ac1e3-6d65-4830-a3c8-b5dc1c3788e4,690.77,2025-01-29T23:00:11,dining,43,Ahmedabad,netbanking,25,1193.81,0
e10692e5-2d9f-4020-956b-bbfb38cfcee6,284.45,2025-05-16T16:35:11,online,46,Jaipur,debit_card,21,166.3,0
ca6c5a37-a8e5-46e3-ae93-78928b05ae7f,1090.1,2025-10-11T15:02:24,dining,56,Lucknow,credit_card,19,1191.93,0
3c41dfa4-7b02-436f-a0f2-cc0e12c3d8a9,162.67,2025-10-19T14:22:35,entertainment,40,Bangalore,upi,25,202.67,1
f71095b9-7681-489b-ac44-d3b5faffd518,205.2,2025-02-16T19:55:28,dining,51,Pune,upi,15,207.44,0
18e8ecd3-65f4-4ac0-be79-ac31024ad0dc,1156.94,2025-05-09T14:29:19,electronics,27,Mumbai,debit_card,23,1208.59,0
d104de86-d405-4cfd-8739-305b65f555bb,1570.05,2025-05-03T13:26:08,entertainment,34,Jaipur,wallet,24,2097.8,0
ebae30eb-0d1c-4409-a24d-9bbdce1a9bd0,660.94,2025-10-06T13:45:37,electronics,39,Kolkata,upi,20,256.55,0
eb75ad36-ee0f-4c92-8bcd-54b19c39c80a,1615.07,2025-07-28T14:26:20,dining,38,Lucknow,credit_card,23,935.92,0
2d3f8348-aa49-41d6-ac88-8a668d404b3e,95.4,2025-09-04T21:28:39,online,21,Lucknow,credit_card,26,134.03,0
289ce1c9-c226-4603-b6c5-99fd15f1814d,109.53,2025-08-30T22:10:17,travel,32,Jaipur,debit_card,25,10.0,0
2e0c9aa4-656f-4fb1-8f26-6f21e19c335f,393.95,2025-09-26T09:05:18,electronics,64,Hyderabad,wallet,17,149.12,0
5541dbe4-06fe-49be-93ab-c2553f396f76,919.65,2025-08-26T06:39:41,dining,20,Mumbai,upi,30,432.98,0
c270d90c-1eae-487e-abea-5d3022ce96bb,1452.84,2025-04-25T18:14:08,grocery,18,Ahmedabad,upi,22,1471.01,0
1bd576a3-1b17-4b40-9913-861940cd052c,677.43,2025-10-02T15:04:00,electronics,48,Delhi,debit_card,14,728.12,0
25a7b0ae-447b-4544-ad2e-88f5fd880550,76.16,2025-06-05T05:38:01,dining,30,Kolkata,credit_card,22,142.63,0
613d3067-e4b0-460a-a5ea-31d75ff28344,2765.41,2025-07-05T11:55:15,dining,37,Hyderabad,credit_card,22,1879.62,0
6fc21b47-e704-41d8-bd5b-b81cb3b7b5fa,1586.97,2025-03-14T16:17:13,fuel,37,Ahmedabad,credit_card,35,1412.1,0
a2b21d0e-d2af-4679-96fe-19dcbc7d992e,910.68,2025-03-01T18:12:20,fuel,30,Hyderabad,credit_card,26,929.89,0
2281f570-4fcc-4300-9683-83356ed8281a,509.44,2025-04-15T01:35:37,online,36,Kolkata,wallet,30,324.22,0
0b043bc0-df4e-47cc-82cd-9ac07184c0b8,696.77,2025-07-18T10:38:33,entertainment,23,Hyderabad,debit_card,20,825.82,0
64a9b067-d64b-414f-9627-521532e7c19c,264.14,2025-05-21T03:12:17,electronics,28,Ahmedabad,netbanking,29,234.83,0
0e453d7d-29cd-4db1-82e3-e7a9f34f390a,1760.31,2025-06-08T14:35:13,travel,40,Hyderabad,upi,26,1596.65,0
0d509ddd-31c2-491d-9937-686457979561,856.97,2025-05-17T07:14:17,travel,18,Chennai,credit_card,25,573.82,0
e5c3e8ff-ef73-47fb-814b-047bf3c6bf4b,2230.26,2025-01-06T22:25:20,travel,32,Bangalore,debit_card,24,1627.42,0
7afe641a-1def-4dcf-b466-1bfb1dbfcc20,578.36,2025-02-07T18:17:48,other,38,Lucknow,credit_card,22,369.91,0
e95da815-65a6-4a3d-9bb4-a5d279056b74,2212.73,2025-03-18T09:17:53,online,18,Ahmedabad,debit_card,21,2226.51,0
30058056-0606-49dc-9cb1-d044366d2991,773.7,2025-06-27T00:57:23,travel,43,Kolkata,wallet,36,194.73,0
ba87780a-ddc3-4f84-ae71-b28d55438289,284.55,2025-01-21T14:11:06,grocery,60,Hyderabad,credit_card,22,79.67,0
112c6eb4-9283-4842-8db8-22ad4dda8168,601.4,2025-05-26T08:52:41,online,24,Lucknow,debit_card,25,494.27,0
f20aa274-784a-4437-b94d-4c45909808c1,216.66,2025-09-25T02:43:45,entertainment,36,Delhi,wallet,26,252.86,0
13b8bad5-661c-4806-953f-a5dbd23998c6,209.24,2025-06-23T14:09:38,electronics,60,Pune,debit_card,31,10.0,0
3e2ee9b2-baa5-41d9-aca2-ab77a5ad94f5,285.4,2025-03-16T04:24:08,online,18,Kolkata,upi,22,443.22,0
e60fdff0-ac52-4634-b40b-fe5b1b6fa024,1068.91,2025-01-10T22:08:13,dining,33,Bangalore,debit_card,20,1362.51,0
0f2cbb69-1423-4ab1-9457-f4ce2a333d4f,1794.57,2025-06-01T13:36:45,travel,31,Chennai,upi,28,2392.08,0
0da87d31-9e79-4803-9820-8e95fbcc01c0,483.34,2025-09-10T05:43:26,travel,30,Delhi,upi,23,570.91,0
161798c5-d0fe-486f-9812-2ffa39236959,106.0,2025-05-14T04:19:29,entertainment,64,Ahmedabad,netbanking,12,155.32,0
853610b3-b494-42de-b1b5-3f9428f65c9f,1066.06,2025-03-16T21:47:29,other,32,Delhi,netbanking,26,418.02,0
b36fa06d-2188-4bcc-a396-7ab4d615a1c0,300.87,2025-05-23T04:37:55,grocery,31,Bangalore,credit_card,36,199.55,0
cac8b9d4-ea4c-4e39-902b-16cdaf861830,341.59,2025-04-18T21:10:46,grocery,41,Ahmedabad,credit_card,28,338.48,0
c3a262d7-2506-4ed6-9da6-11156905a394,1428.05,2025-03-09T15:43:31,fuel,44,Lucknow,upi,30,947.77,0
84765aec-152a-47be-8fee-acf0bee504ef,537.98,2025-06-30T06:50:19,online,59,Chennai,upi,23,569.58,0
92f44a94-8b7a-4d2a-8672-bcc0350b6832,3717.9,2025-08-26T08:15:36,dining,49,Kolkata,upi,32,2342.4,0
f79db7d8-f096-45a6-b321-7569b4aa8b63,400.63,2025-08-10T23:22:56,dining,30,Hyderabad,debit_card,26,70.91,1
3d60761e-d05e-4b38-94c5-cd3d6fa38513,247.2,2025-06-30T04:45:50,grocery,18,Bangalore,upi,25,56.91,1
036f408e-17e9-432a-9bb4-e2f29bd0a963,639.21,2025-08-18T06:07:46,entertainment,48,Lucknow,upi,22,358.32,0
b9a65cad-b94d-4460-b125-6bd174c1dfe6,116.51,2025-01-05T01:20:22,grocery,21,Kolkata,debit_card,31,10.0,1
bb79e927-13ca-4e84-ad0d-7d97d9f80935,394.99,2025-01-31T15:04:26,grocery,34,Delhi,upi,26,497.03,0
c27d7cad-a36c-44f1-8ba6-3b450aaeec0f,2287.4,2025-03-11T20:50:43,entertainment,28,Mumbai,wallet,23,1990.35,0
9882efdb-f60a-4862-8a9e-2f41fd294511,129.76,2025-02-25T08:17:38,entertainment,31,Kolkata,netbanking,22,72.08,0
bb8ac133-c206-4ebf-898a-1dc8ca88fcee,387.78,2025-02-21T00:57:37,dining,48,Pune,debit_card,20,535.6,0
cf091e1f-6658-406b-a004-36f1ebbf8b96,207.37,2025-01-07T05:39:21,grocery,48,Ahmedabad,upi,27,223.84,0
6508d144-8404-4c69-a867-46bb2afe55fc,675.75,2025-02-15T05:38:47,other,24,Lucknow,debit_card,23,640.57,0
1d7f00ff-19da-4314-b8a9-52dc65194103,334.63,2025-07-29T16:26:48,grocery,21,Delhi,debit_card,23,482.71,0
24fb59f9-4298-4f11-82e6-359f98ee287b,264.89,2025-02-01T13:27:31,dining,47,Delhi,wallet,27,73.95,0
002a7b58-a59a-497e-83e3-533f6e67bfff,187.25,2025-03-19T00:36:51,electronics,18,Kolkata,upi,17,244.12,0
97c6c8b2-260c-4bd7-bbaf-76f1eb19fbf4,34.07,2025-02-16T20:00:21,travel,38,Lucknow,debit_card,25,10.0,0
c145cda9-7009-4138-b4e3-6696a5e150f4,1207.18,2025-08-28T09:51:57,dining,61,Pune,credit_card,26,1596.89,0
6c0a0f1e-2c2e-4cd0-939f-8f478967f3ac,15.79,2025-03-16T18:24:45,dining,26,Chennai,upi,28,58.94,0
7a2e8734-6110-470e-b413-014539e80939,2660.75,2025-07-07T23:20:57,other,23,Chennai,credit_card,30,1326.1,0
e6054af3-d090-42a6-bf0e-eba439c6353e,134.01,2025-01-14T02:46:13,fuel,49,Lucknow,credit_card,25,234.82,0
6872b3b1-ab16-4de5-8f86-b776514556b8,84.06,2025-06-05T07:42:41,fuel,20,Lucknow,netbanking,31,84.31,0
98e61787-ce88-4589-9556-a1c1ac60a7f4,623.84,2025-07-09T12:16:54,entertainment,48,Lucknow,debit_card,23,759.14,0
4a7ca0c2-0b26-442b-9a56-746f6de10417,935.49,2025-06-19T01:03:13,online,25,Hyderabad,upi,30,415.73,0
e0c087bc-868b-4d51-89f1-66a084f10b53,1156.57,2025-01-17T20:47:04,online,18,Delhi,debit_card,23,374.31,0
62596064-92c0-4521-a156-71cb79e2bcfd,430.42,2025-02-13T19:14:19,dining,42,Pune,debit_card,26,504.04,0
d4c8335a-9212-42ac-aa37-dbd4cffaf13a,834.53,2025-09-27T16:32:39,electronics,36,Pune,credit_card,28,217.72,0
e9afc03c-aac7-4714-aad1-1f2233d42441,844.86,2025-03-19T18:38:42,online,58,Delhi,netbanking,23,38.35,0
13f07fa1-39a5-4a3e-9a93-7e6ab56ec32f,110.55,2025-08-20T08:43:25,dining,36,Pune,upi,17,69.54,0
ce468a35-9639-4e3f-aaf0-2b2099747587,399.3,2025-07-26T08:49:28,electronics,37,Chennai,wallet,25,448.06,0
5c72cc0d-01d8-4c02-b8ff-212693e8bd5a,126.18,2025-04-10T08:15:53,electronics,18,Bangalore,upi,29,226.61,0
3cf85ee1-ee4c-47c1-8957-40fb5f88e9a8,50.7,2025-08-05T14:20:39,online,60,Hyderabad,debit_card,27,10.0,0
a560dad4-7290-4cd7-b7c4-568b1cd5646a,303.89,2025-04-29T04:03:17,dining,18,Chennai,upi,24,200.15,0
4dd44148-61a8-44a2-81e9-baff66eb901f,52.67,2025-09-24T01:50:14,travel,34,Ahmedabad,upi,17,10.0,0
f9293c2a-9fb0-4092-9bb3-aed51cad6985,2875.11,2025-03-02T10:34:05,grocery,39,Bangalore,debit_card,29,3360.97,0
3901c326-1439-4706-b09a-b49fa22f6f10,943.4,2025-01-11T20:07:50,other,39,Bangalore,debit_card,24,626.93,0
31335a1f-47e9-46cd-8e1f-80ddef487d9d,156.12,2025-06-26T10:55:17,online,39,Delhi,upi,25,150.25,0
8a3ea27f-e5e9-4746-acf4-b1993233e17d,995.68,2025-10-11T13:59:00,entertainment,31,Lucknow,wallet,22,935.52,0
4d4ff841-2340-41da-a95a-0dabe891ff56,369.13,2025-08-22T06:49:53,entertainment,43,Pune,credit_card,22,54.42,0
c4542ab3-f052-4ec5-b275-8c7c31e6840e,129.21,2025-02-19T04:27:12,fuel,35,Pune,wallet,22,110.71,0
89f1cd29-fa23-4965-902a-221067c42396,902.22,2025-05-11T15:40:49,grocery,47,Chennai,credit_card,29,928.65,0
607cd270-9df4-4982-853d-000935895d19,538.46,2025-10-07T02:29:40,online,40,Lucknow,debit_card,34,480.48,0
991ba922-812c-4dc2-99d9-abb034b41b84,2681.68,2025-02-13T08:44:51,travel,21,Bangalore,upi,34,2488.64,0
88afd7c7-4382-4b6e-b526-4611b1967886,611.41,2025-04-27T01:09:45,electronics,18,Mumbai,debit_card,27,706.09,0
6f0ffedc-c43b-476d-a691-cdd98cb35554,901.71,2025-04-02T10:25:48,travel,38,Chennai,netbanking,26,364.56,0
c290887b-fe91-43ff-bd3a-cf4076acc2f6,595.42,2025-02-15T14:37:56,other,40,Ahmedabad,wallet,20,443.35,0
8df23dea-c081-4899-a7c0-459b28307641,525.02,2025-06-14T18:40:18,other,38,Bangalore,netbanking,23,459.96,0
9471d318-c70d-40f5-ac91-b71c44658da9,512.37,2025-09-27T11:42:06,online,18,Mumbai,credit_card,18,457.41,0
f4dc512f-72eb-4672-b4eb-f68e919ea53c,193.89,2025-02-26T05:29:57,electronics,32,Lucknow,wallet,28,243.63,0
6c4addb2-ee86-4056-9d6a-510750e43289,57.79,2025-10-16T03:05:11,online,34,Kolkata,debit_card,24,10.0,0
98ef82bd-4ff2-40d2-be17-070b0cd3db25,208.77,2025-03-26T04:05:16,grocery,31,Ahmedabad,debit_card,16,230.26,0
7abbda8f-a6cd-4350-8f05-8205da749801,227.36,2025-04-25T06:55:14,dining,49,Lucknow,wallet,28,300.62,0
3adaadd9-e0ad-4be6-89c1-1826f1148d70,906.99,2025-06-01T03:24:11,electronics,41,Jaipur,debit_card,19,478.84,0
ef606c0a-f32a-4bfe-949e-b475ee777ed7,353.22,2025-09-26T11:10:36,dining,32,Lucknow,wallet,16,359.65,0
b93aa3b7-a5e5-43d8-9bc5-1f8565f9f28e,368.35,2025-02-22T00:02:38,dining,24,Hyderabad,debit_card,23,84.55,0
c4c9bc6d-ec1a-45ba-8dd5-9bde4fb7c09b,87.87,2025-09-30T16:55:27,dining,27,Kolkata,wallet,21,29.74,0
597d1cd1-b0da-41c2-ac2d-2161c9ed2591,32.31,2025-04-17T06:36:05,electronics,32,Chennai,netbanking,31,10.0,0
7126c22c-8fb4-4484-acbc-d5fd6bf141b6,340.37,2025-03-31T15:16:01,travel,55,Mumbai,credit_card,21,73.85,0
e0cfb5ed-f359-4fd6-a85f-76d9027d44f4,988.79,2025-08-03T06:55:14,travel,53,Jaipur,credit_card,31,473.49,0
c8e61fd8-fdcb-42b7-a474-e99b81770530,2071.13,2025-03-27T11:21:41,travel,21,Hyderabad,upi,31,1581.0,0
9320acfd-9970-487c-a2f6-d5e3eb0efccb,1278.97,2025-01-11T23:59:47,electronics,18,Lucknow,debit_card,21,1839.28,0
5ce9af9a-5b6d-45f1-910e-17e68639d1a2,695.25,2025-06-12T22:56:03,grocery,41,Kolkata,debit_card,22,174.16,0
e3121281-cdb4-450e-b4bb-44a098fa78c4,158.67,2025-09-15T03:00:46,grocery,51,Ahmedabad,upi,21,56.25,0
d2d35039-cd87-4c3e-856f-33c7e5282e48,9.75,2025-07-12T03:36:53,electronics,38,Lucknow,wallet,18,10.0,0
a3450766-3a16-4a0a-bed7-b4058879c038,224.65,2025-07-27T21:59:26,electronics,54,Bangalore,upi,24,288.56,0
709d16d1-9cae-4382-b14e-7abf76f6ee6e,144.56,2025-02-03T21:03:26,entertainment,44,Hyderabad,debit_card,34,204.66,0
03d9f5d1-f7ee-4dbd-8e78-d9ef5cfe0855,182.72,2025-05-23T09:05:40,online,28,Pune,upi,17,151.98,0
7d2842bb-49c1-44f0-9b18-d168a0c533ea,520.83,2025-05-23T03:56:45,grocery,78,Kolkata,netbanking,27,357.69,0
78d7f416-75c9-43dc-b956-f08520565481,309.23,2025-01-25T17:33:46,fuel,44,Ahmedabad,debit_card,31,70.01,0
6f4ab853-bd59-4fee-b8a6-90e63f446414,346.91,2025-06-29T15:42:50,online,50,Delhi,wallet,32,322.91,0
70f04367-ebec-4730-ba0d-903711ec0279,585.71,2025-09-12T14:22:46,grocery,48,Chennai,wallet,19,747.09,0
87e9960d-bf7e-484c-adbe-1f247231ee66,1170.05,2025-09-25T08:00:54,online,41,Jaipur,credit_card,18,1089.18,0
2296969f-2481-4abf-b290-2e4b80f88900,1979.46,2025-06-13T15:19:30,electronics,31,Pune,credit_card,22,1419.2,0
d0c2c4e6-f638-4cc4-ad38-0f1a56372b49,546.54,2025-06-05T19:28:35,entertainment,33,Mumbai,upi,23,518.47,0
c57af048-27db-45ab-bb59-fb8114e329e8,210.27,2025-07-31T01:07:29,fuel,36,Mumbai,credit_card,27,95.06,0
e00a2b0e-90d3-48da-a0aa-e42a44e4427d,339.71,2025-01-23T20:19:32,fuel,26,Pune,wallet,22,293.9,0
a9f2d0b0-2dbf-42b6-a00d-36175a8deaaf,233.58,2025-06-16T23:32:22,fuel,48,Ahmedabad,upi,28,130.94,0
23d6b1ae-e7d7-42a4-8572-d0d8ef5a259a,1126.28,2025-02-02T03:55:34,electronics,37,Kolkata,upi,28,1249.16,0
8b16fab5-b6ae-40c3-9408-237335e9fdb9,155.08,2025-06-06T05:46:15,entertainment,37,Jaipur,upi,29,218.13,0
2befb338-39d9-4929-a296-57037de46709,209.89,2025-07-24T11:18:27,online,34,Mumbai,upi,27,10.0,0
430b7d9a-40c2-41f1-af64-c2c1152dce1f,124.22,2025-10-18T07:45:31,dining,46,Bangalore,netbanking,30,83.89,0
6d877d9e-ab60-4b07-97d8-e0119d98cda5,14.88,2025-01-20T02:48:34,fuel,57,Pune,debit_card,20,18.09,0
3741f59c-255b-44da-842d-97a7328f4d4e,280.43,2025-04-08T11:51:29,grocery,41,Bangalore,upi,31,323.43,0
d0a7206a-aeb7-4544-88bc-f35c0fa68c62,932.63,2025-02-19T14:22:36,online,42,Kolkata,credit_card,21,949.4,0
6bae7805-6dcc-4c04-ab9b-c842c03aa72e,267.71,2025-02-24T14:41:45,grocery,24,Delhi,credit_card,28,81.2,0
b6b441d5-3777-4b9d-8024-65cd7657201b,730.19,2025-04-16T09:27:42,fuel,38,Mumbai,netbanking,21,951.26,0
593c2814-f4df-416f-b5ba-05b20dc9a1ce,1008.79,2025-01-12T00:35:34,electronics,31,Lucknow,wallet,32,1158.91,0
e6c16966-0cde-4b5b-be86-5b242cfab233,128.71,2025-02-18T12:27:57,online,43,Delhi,netbanking,22,240.03,0
b23ac3a9-5c13-483d-bce4-a72765a55956,50.77,2025-06-07T23:12:58,grocery,48,Ahmedabad,debit_card,22,33.75,0
49271e0a-967a-4802-9426-8d524950adb0,80.49,2025-01-24T20:39:05,dining,36,Hyderabad,wallet,18,10.0,0
790a8215-3709-499e-9444-490cf9a47f32,1643.64,2025-09-09T18:17:11,grocery,30,Delhi,credit_card,26,951.46,0
ea2b412e-7e18-47af-90fb-735616a2e594,188.37,2025-03-04T17:34:26,online,42,Jaipur,credit_card,37,10.0,0
7f82ef64-8bcb-4ac9-b268-61d98c8700cb,220.01,2025-08-24T03:03:37,dining,35,Pune,credit_card,33,10.0,0
05d329de-e41f-422b-8f9e-601c20e7f240,61.3,2025-03-17T07:54:39,electronics,47,Mumbai,credit_card,31,10.0,0
9f486b8f-d14a-4794-92c9-ed2e158fea58,107.54,2025-03-29T15:11:33,grocery,44,Pune,upi,17,10.0,0
76db827a-cf4c-43b0-ac73-c805ee290fa4,898.32,2025-05-28T01:39:48,dining,47,Kolkata,credit_card,23,680.98,0
9c5c5576-f662-4b91-87a9-6bb49fa7091c,99.46,2025-03-27T12:34:17,dining,39,Bangalore,credit_card,23,107.97,0
fe171467-f961-45b5-8412-e383dd98f9d6,549.92,2025-06-05T10:32:44,electronics,48,Ahmedabad,wallet,33,143.48,0
1ff51362-2fb4-4e15-9caa-056c26e2d145,1472.16,2025-03-05T13:29:51,electronics,32,Chennai,netbanking,24,802.89,0
84b653db-edc5-459f-ab78-d1a43cc3475e,549.55,2025-07-26T18:03:24,dining,30,Kolkata,netbanking,20,542.17,0
135f8ce2-0f76-4769-a5c3-feba7321b138,1337.88,2025-01-31T06:58:30,electronics,49,Mumbai,upi,40,856.61,0
82c9f1d4-7059-48b7-9587-2c64ff5eee0a,215.27,2025-02-25T16:41:43,grocery,46,Mumbai,wallet,22,146.5,0
330fbdc5-85a0-419e-9429-a50d26b205e0,83.33,2025-09-03T21:05:52,dining,18,Lucknow,wallet,24,70.95,0
71f698f8-ff0d-44a8-9f4c-21b5d73f2c37,92.09,2025-10-23T02:10:48,grocery,43,Delhi,credit_card,26,43.4,0
1704df7c-bee5-401c-a9f6-3556605f1924,336.4,2025-09-27T14:43:19,grocery,26,Chennai,upi,18,540.39,0
19f82fea-20cc-4a1d-b09a-4bf4e6c74a93,857.38,2025-04-20T09:06:41,online,29,Chennai,debit_card,24,463.88,0
4ca8c165-3f6a-44c7-8eeb-61aa1ceec1e4,48.42,2025-05-06T22:13:36,other,36,Pune,upi,32,156.67,0
cebfae73-4299-4f39-a837-e960c9b7e8e8,347.38,2025-05-04T23:21:29,dining,18,Kolkata,wallet,30,426.18,0
5634ac48-1b96-4c52-9c16-49b4baff0d2b,443.17,2025-02-17T20:05:45,other,44,Lucknow,debit_card,31,380.99,0
69bd809b-4c42-4fab-8b82-fafb1e875240,1294.23,2025-10-25T07:13:23,fuel,20,Mumbai,credit_card,21,362.76,0
d58419f7-1ef6-4c2a-9c21-9c10fff797c6,2433.28,2025-02-28T07:08:37,grocery,53,Ahmedabad,wallet,23,2132.8,0
f4e59222-ef2f-467b-a6ed-a138b8d9b3cf,100.91,2025-06-19T21:41:42,online,24,Jaipur,wallet,39,143.66,0
0d868e03-f141-4a02-956d-3497d27ab1e7,70.76,2025-08-15T07:12:10,online,40,Hyderabad,debit_card,18,71.87,0
3974d2bb-2515-49e6-a071-b31954732e6f,683.19,2025-09-06T11:35:02,online,30,Chennai,netbanking,24,597.3,0
dbd4749a-075a-428b-937b-dcbee45ccb58,1271.36,2025-02-27T01:31:45,travel,48,Ahmedabad,upi,31,1421.91,0
da5867ff-6a3b-4112-8a96-e1b64da894eb,2153.91,2025-06-30T03:34:57,online,33,Ahmedabad,credit_card,29,1316.3,0
576bf6e9-0c9f-4464-b82e-e024490df57d,4874.32,2025-01-02T19:06:23,grocery,29,Mumbai,netbanking,30,3583.85,0
e3d85a44-d4c0-400d-b13b-a9a4dd83671c,669.65,2025-07-15T19:26:15,grocery,24,Jaipur,netbanking,20,944.27,0
993fbef7-04b9-43f7-adc7-0869651c8084,70.36,2025-08-20T02:37:47,electronics,38,Mumbai,credit_card,21,10.0,0
a6b3f587-78aa-4471-b189-238ad7f4c77f,876.52,2025-08-27T02:04:11,online,39,Delhi,debit_card,24,861.2,0
4e404d8c-1bc1-4668-97fb-c42a8b86e270,1005.95,2025-09-02T06:21:41,online,50,Bangalore,upi,22,717.57,0
d526ab6b-0475-4add-9985-9c98ae1be4c0,1666.62,2025-04-17T18:27:28,dining,32,Mumbai,netbanking,30,1270.56,0
c2cbc7ca-4be8-4ea5-a1f4-abf9508cb01e,241.91,2025-04-22T05:48:04,fuel,38,Delhi,upi,20,318.91,0
4435462a-6c90-4725-ab11-23e77f6baa9f,694.88,2025-02-23T14:37:17,entertainment,53,Lucknow,debit_card,28,342.75,0
113658a8-50b1-4a2b-8ce8-1a682afed7c7,1042.61,2025-03-19T06:42:06,dining,48,Jaipur,debit_card,29,722.39,0
2a8c75df-ad4d-4857-b46c-ef9e5d1f4857,200.09,2025-02-23T10:12:38,entertainment,28,Delhi,debit_card,28,223.62,0
555e0daa-c0bd-4f0b-99ff-3b72ee2989a5,731.18,2025-07-08T18:40:31,electronics,39,Delhi,debit_card,25,215.83,0
59dccf47-1063-433c-aca5-1a04c5e9f614,191.25,2025-04-01T03:00:00,travel,33,Kolkata,netbanking,29,156.14,0
5c73f0b0-67c0-452a-befc-4528d332d623,436.39,2025-02-08T20:44:17,other,18,Jaipur,credit_card,30,425.81,0
733f1c0e-8c73-42ed-abe8-17aa6737d711,381.94,2025-06-29T16:14:13,online,50,Chennai,upi,26,169.18,0
c0bfd9e7-75d7-4967-a776-620eb68ad121,850.01,2025-07-05T10:15:37,travel,30,Bangalore,debit_card,21,264.32,0
b085605b-071a-4016-8115-92fe3f843ce3,2988.18,2025-07-18T01:18:12,entertainment,36,Hyderabad,credit_card,22,3328.79,1
358e85ec-81e5-4a6b-b71f-962995a9ecbe,722.06,2025-07-01T06:02:04,electronics,27,Lucknow,credit_card,21,530.84,0
354847dd-e781-44cd-a3b3-7e0e8a0e58a6,127.74,2025-07-09T02:17:40,online,36,Hyderabad,debit_card,22,105.26,0
291ba6f5-1c9f-42c0-aa47-c50c31974324,741.61,2025-09-25T20:07:53,online,18,Mumbai,credit_card,21,394.47,0
7af90c8a-fa4d-44a2-bcc4-495f329409a7,326.52,2025-01-17T18:15:38,grocery,46,Pune,debit_card,25,285.53,0
609be187-342e-4a60-8212-f21dd816e5b5,766.97,2025-08-12T23:30:35,electronics,37,Delhi,upi,33,533.01,0
81d7995c-2900-41f6-89fc-87b389aa7eab,250.97,2025-10-04T00:45:58,entertainment,41,Bangalore,credit_card,16,209.93,0
42c4de50-7060-4af0-bcc8-734a9e3d8d60,1972.73,2025-07-10T20:33:19,fuel,34,Pune,upi,19,2104.51,0
4f3f6016-c886-47e1-b5dd-cc05aeb2e44b,1249.15,2025-09-23T10:34:12,electronics,27,Kolkata,upi,27,10.0,0
e056250c-0af6-41a8-bf9b-d9a84e7f56e3,238.59,2025-10-09T08:14:53,travel,18,Bangalore,upi,23,290.16,0
a4060127-841a-4bd7-b3fa-03e15380cf38,370.42,2025-10-11T13:57:41,electronics,48,Chennai,debit_card,27,72.14,0
53a4fd91-b007-4a10-b084-ff02fa000af4,149.49,2025-03-31T11:09:04,fuel,51,Bangalore,upi,20,164.97,0
a3bd23dc-04c0-44ad-87d8-43ca2a6cdd54,44.28,2025-06-03T21:20:51,travel,61,Kolkata,debit_card,26,10.0,1
3fbfbacf-c777-4b22-aadf-17fe39f9cada,393.9,2025-07-21T18:17:06,grocery,57,Hyderabad,debit_card,31,459.68,0
ad3707ea-1a72-4db9-8882-5bad8bb1a15e,2926.71,2025-07-31T13:53:02,entertainment,26,Hyderabad,credit_card,19,1437.07,0
62873261-8098-4e53-bc3e-911b6e43c2de,141.37,2025-03-24T05:23:22,fuel,56,Kolkata,wallet,29,94.88,0
0e9d5aec-b2be-4acb-98eb-5f4498ece423,53.36,2025-03-25T18:10:03,travel,45,Jaipur,debit_card,31,10.0,0
ef5448a8-8016-40c8-a397-31e7e0ee5cc1,1523.29,2025-05-14T18:22:55,electronics,54,Chennai,debit_card,20,1065.6,0
c2e01939-3765-4211-aec0-4c17278ae0be,164.6,2025-03-23T11:48:59,electronics,28,Pune,upi,24,10.0,0
e6bec6a1-7d69-4dc9-b821-2f72cf7b235a,807.28,2025-06-07T01:45:56,travel,30,Chennai,netbanking,22,807.65,0
ed11bf3a-2833-41e0-9fa5-26fa2937a0bf,386.05,2025-10-02T23:26:19,fuel,34,Mumbai,debit_card,39,251.1,0
806825d3-2f56-4884-8ff0-83adac1d0beb,1325.9,2025-09-19T03:47:41,online,20,Bangalore,upi,20,116.45,0
b11ff307-a110-4b8d-8eae-cb61e38798c8,221.78,2025-08-15T10:50:13,fuel,52,Mumbai,debit_card,30,459.45,0
5ff9659a-2cab-4f01-9b81-090c30faaa22,204.18,2025-01-15T15:45:48,electronics,28,Chennai,upi,23,241.92,0
dbb26077-4337-44b9-b439-b11954e9ab99,265.68,2025-08-24T11:02:18,grocery,35,Hyderabad,debit_card,17,366.93,0
d7cdd213-878f-4aff-961d-a56938257746,21.69,2025-07-05T14:50:37,entertainment,48,Hyderabad,upi,22,93.29,0
75075375-933b-49d1-8623-f49355cfbcec,62.98,2025-01-27T04:44:10,online,46,Jaipur,netbanking,42,29.94,0
9f4adbb1-009c-4527-ab50-0c25185343d3,538.63,2025-06-11T22:31:52,electronics,30,Mumbai,upi,16,563.93,0
ee3003ec-3728-4d4b-8fcc-f49f8b0cf55c,1590.07,2025-09-21T06:29:25,online,51,Ahmedabad,netbanking,30,867.87,0
038472c3-722e-4127-80c4-c53ebfb55d88,373.84,2025-05-30T17:29:45,electronics,36,Mumbai,upi,20,558.89,0
51c0786d-f09a-4541-acaa-491d7f1097d4,188.09,2025-10-08T08:31:51,grocery,42,Chennai,credit_card,25,148.94,0
f207a418-30aa-431b-a6f2-f7a58e1bb9aa,400.81,2025-07-23T20:18:30,online,31,Ahmedabad,credit_card,16,328.88,0
74450f77-e9b2-4694-b5a4-c8ef2d73325b,441.64,2025-04-10T22:17:33,online,44,Chennai,upi,26,595.74,0
d55b30d7-859b-4399-a93b-2365c331f63e,320.78,2025-09-07T03:54:00,dining,59,Lucknow,upi,37,318.2,0
9482361c-78a9-4e61-9d69-65902600a845,259.22,2025-07-29T01:39:46,online,46,Bangalore,wallet,31,217.75,1
9329cc0c-4913-4d35-99ac-8158772b7231,26.11,2025-10-03T23:08:51,dining,47,Jaipur,debit_card,28,10.0,0
31843d6a-58c2-42bb-83aa-af674d45c03c,860.66,2025-10-15T20:59:58,electronics,45,Pune,upi,33,767.84,0
d4ea8bb9-1d5e-4ebc-b504-c0acf41cfbe8,183.73,2025-02-13T12:21:00,entertainment,40,Delhi,upi,33,226.34,0
1d54bb9d-2a81-441f-8efe-a1a05d992343,473.39,2025-08-05T01:26:33,dining,42,Kolkata,netbanking,19,230.01,0
f8743f8e-0c0f-4ff0-9cf5-9ef107e2268b,226.68,2025-09-24T03:20:45,grocery,36,Mumbai,credit_card,35,10.0,0
5be10de4-3a5c-4427-969f-7fc09145a23a,366.49,2025-03-06T00:04:36,travel,18,Ahmedabad,wallet,20,299.23,0
e866bcba-1757-4177-82d9-0b6698ccf4f8,290.43,2025-02-22T01:43:14,online,41,Kolkata,credit_card,26,214.07,0
17bebbda-38c2-44d1-a953-b44e0cace778,1605.77,2025-08-31T18:30:30,fuel,30,Hyderabad,upi,20,1676.33,0
fed8d5f1-c552-473d-af5a-575c77fbd7d1,725.0,2025-04-19T12:36:49,online,54,Lucknow,upi,23,366.7,0
0f527dbd-efed-463f-881d-6957f1ce658f,749.64,2025-01-07T15:09:25,dining,37,Pune,netbanking,28,548.93,0
71da672a-9f10-49ea-80a2-8b9a4367c9af,737.37,2025-04-08T03:18:02,online,45,Pune,credit_card,18,686.16,0
f8c3907e-aab9-4c88-b0ef-d7fa50629c6b,1563.41,2025-03-15T21:07:03,other,44,Pune,wallet,24,1914.18,0
1b1e2c8f-3c12-4b63-bbd6-0485cd202a1e,164.56,2025-08-24T20:32:10,online,42,Hyderabad,credit_card,22,113.53,0
5b1a07e3-8a3c-4db8-a552-3edc2cd0d806,399.28,2025-07-18T03:22:10,online,51,Hyderabad,upi,28,121.09,0
fd87baa3-fa87-46ff-a6fa-593620e81873,1026.54,2025-04-14T14:14:46,fuel,44,Mumbai,debit_card,35,442.46,0
f6e2eed9-7efa-4192-9dce-da86eaca37bd,230.37,2025-03-02T05:17:24,fuel,34,Bangalore,debit_card,23,197.5,0
26224082-b2d2-4acc-bb16-f24e8538534c,1227.81,2025-04-22T16:16:54,electronics,35,Bangalore,credit_card,22,513.69,0
f6110d19-5ac5-4229-97bf-0cdcd659676f,2698.88,2025-08-17T02:00:35,grocery,49,Jaipur,credit_card,26,1277.55,0
0b583e98-f5af-4ad9-8e2f-8a49f11a9957,498.07,2025-10-13T02:37:31,travel,38,Pune,credit_card,31,627.09,0
60b1eef0-c959-40a4-81e7-09f0e692628f,519.29,2025-01-06T02:04:11,travel,46,Jaipur,debit_card,19,532.63,0
88312549-e627-4480-82be-015904fdb686,694.7,2025-10-02T01:41:47,online,33,Ahmedabad,upi,26,818.02,0
ef204d1e-d5ef-4db4-8c1a-b96fbd62bafe,302.07,2025-07-08T06:20:54,grocery,62,Jaipur,upi,19,412.43,0
5e442e18-c15a-4bf7-90ca-3fbe71197234,1054.31,2025-02-09T20:54:51,dining,52,Ahmedabad,upi,28,832.77,0
1efb037a-6eac-44d1-b90d-3ff808acdda4,595.35,2025-06-26T01:44:23,other,37,Jaipur,wallet,22,403.94,0
26baf753-79a1-4fcc-851f-8178c8e6fb17,772.97,2025-02-03T01:11:56,online,42,Pune,debit_card,36,760.78,0
f7f52c97-ecd2-4af6-9acb-5919d3285b0a,442.37,2025-06-18T13:38:10,online,30,Ahmedabad,debit_card,25,169.4,0
ab08c902-2ad1-45ef-b201-bf2d6e57adb0,50.03,2025-09-25T10:49:41,grocery,31,Chennai,upi,33,138.63,0
632edf16-b668-44c8-b298-42f5d50c81d3,319.97,2025-03-28T06:51:52,other,47,Lucknow,netbanking,26,571.75,0
7957bf63-2b67-441e-9608-027f1f6ccd4a,2986.83,2025-02-28T20:07:13,electronics,33,Jaipur,netbanking,23,1045.64,0
89604a56-34b4-498b-99b0-0c33f4c92f7f,1652.36,2025-07-22T01:33:56,electronics,54,Chennai,debit_card,26,777.32,0
c4275c94-e51e-4a72-95a0-178be1ca9128,80.42,2025-06-16T10:47:09,dining,23,Bangalore,credit_card,30,87.3,0
026d177b-6473-4d3f-8273-d4b639fac57a,76.43,2025-09-15T10:03:47,fuel,38,Lucknow,wallet,27,156.55,0
5ab80141-ad71-4eca-9142-2d62f2eae0eb,1744.11,2025-07-29T14:11:58,grocery,32,Chennai,netbanking,21,240.01,1
c5b9bb6c-b05a-4021-b453-64735d149fd3,135.76,2025-05-05T03:37:36,grocery,63,Mumbai,debit_card,27,10.0,0
ca30f8d7-a868-4af2-a3ba-2c1a5176eb39,227.17,2025-07-10T08:59:40,grocery,20,Pune,netbanking,25,134.27,0
27cb59fb-e9f2-4e27-8883-4e5db1e08398,513.58,2025-02-18T18:33:27,fuel,31,Mumbai,upi,25,757.39,0
b89f1005-f6b6-4667-9258-1131d1db8971,1076.66,2025-05-21T05:39:59,dining,27,Bangalore,debit_card,28,1017.57,0
1bb54224-5d79-40be-9c10-3efdc28bbc17,335.4,2025-05-04T08:34:09,other,43,Delhi,wallet,25,431.28,0
625f88bf-488c-45f9-b04d-4571913e7aa0,201.3,2025-10-15T11:07:31,grocery,26,Jaipur,netbanking,21,153.75,0
ac80dea1-2634-454b-aef2-730af027a3ba,280.14,2025-07-10T15:53:37,electronics,48,Jaipur,upi,16,195.99,0
edc30151-8d30-4a17-a551-1b95f5ea9abc,1523.11,2025-04-06T21:54:16,dining,41,Pune,credit_card,27,1808.63,0
bac4d447-680e-452b-b888-12b3ac5aa2d4,255.38,2025-10-15T16:01:01,travel,26,Delhi,upi,27,182.07,0
262fbc11-7d94-4a8d-bb2b-d3dcb1c3dd79,154.28,2025-01-21T09:39:27,other,51,Jaipur,upi,22,124.28,0
7c879890-9c0e-420f-bb29-fdc39258a14b,458.95,2025-04-24T15:44:42,entertainment,28,Ahmedabad,credit_card,29,120.74,0
80d7cbcb-54c7-4dcb-b03a-5e973dfa2376,39.78,2025-02-24T18:23:42,fuel,38,Mumbai,credit_card,28,87.48,0
b2026658-9b26-4f40-8ff3-f61f19efbd1a,516.44,2025-08-11T06:56:13,online,41,Hyderabad,upi,36,642.78,0
a0e46d18-4795-49f7-b304-6617623cf768,685.26,2025-04-05T07:14:02,electronics,36,Lucknow,debit_card,29,811.45,0
8f082ea9-cddf-4518-9fc4-d4cb8fc6643e,137.34,2025-08-27T07:31:33,travel,38,Chennai,debit_card,30,180.88,0
d1a29e9e-7058-445b-9ab1-e12d80f06407,1072.06,2025-10-01T08:43:35,electronics,18,Kolkata,wallet,25,909.39,0
07cdfb1a-c9d0-4ef9-8c89-6a7133fa9ecd,289.33,2025-05-02T02:19:36,online,61,Kolkata,netbanking,21,240.9,0
41413ab4-1e28-4c80-8d63-6b74e8b129f5,80.79,2025-04-10T02:22:33,fuel,50,Ahmedabad,upi,15,76.42,0
f3c116cd-7e22-405d-814b-bda1a4c2cebe,1021.1,2025-08-09T02:15:50,entertainment,42,Kolkata,debit_card,28,859.76,1
0a634ec3-ae9a-4962-8401-5d0ba74579b9,2277.24,2025-03-19T02:26:40,grocery,43,Jaipur,upi,34,1835.6,0
fefe6565-97d0-4716-a4af-708d735b4cbc,192.03,2025-03-26T05:02:53,dining,18,Ahmedabad,upi,25,182.88,0
d80a37b9-9484-45a7-92f5-87a9abe66853,215.34,2025-01-06T23:19:37,other,40,Chennai,credit_card,17,115.63,0
4212a20c-c361-4ff6-b4b0-9ad6d5e959ca,687.05,2025-10-17T14:35:27,online,40,Mumbai,credit_card,31,708.76,0
ead4b51f-1b8a-42d7-b53d-2fae8cdbb26b,472.62,2025-09-01T20:02:56,dining,42,Chennai,debit_card,27,197.55,0
a6a88889-e095-497a-a713-42b528ca7824,793.54,2025-09-21T19:38:13,grocery,29,Kolkata,debit_card,25,605.93,0
1c2ae87b-1f30-4956-801d-c7d48bf6e572,776.17,2025-03-11T22:39:54,dining,42,Pune,credit_card,19,723.5,0
92d42914-edb6-43e9-943f-710019be22bd,1208.43,2025-02-03T08:09:59,fuel,26,Jaipur,upi,26,970.89,0
6517bd00-2282-4b06-9fa3-4f596928b9f9,345.27,2025-10-05T14:37:27,dining,38,Ahmedabad,netbanking,23,256.05,0
fe027b85-37af-425c-bfa6-58aa2dd74ca2,843.84,2025-09-26T21:38:48,fuel,49,Kolkata,debit_card,26,502.76,0
27ddee42-202f-4ce3-a5ff-453779ec5608,3069.31,2025-04-16T16:00:21,online,42,Mumbai,upi,28,2195.61,0
e5c35ddf-4d15-4d0b-91f5-8e109e69ad23,53.95,2025-06-23T20:48:01,fuel,46,Lucknow,upi,28,21.66,0
a752a800-66cc-4cad-90bd-ca4dd658b9ce,354.79,2025-10-16T08:49:56,grocery,37,Lucknow,upi,28,265.73,0
d4a93944-2667-4a8f-97aa-66430e90a29e,2097.97,2025-01-31T14:46:04,grocery,19,Lucknow,debit_card,25,1372.96,0
dac22840-11de-4e2a-b07a-6e4b0290c5cf,258.2,2025-01-16T22:41:44,fuel,32,Kolkata,credit_card,31,76.92,0
62b5d508-2d81-40a3-8ec9-a05b168cf674,187.49,2025-08-04T12:41:29,fuel,23,Lucknow,wallet,20,33.73,0
e837a1c4-b4f1-455b-acaa-3eb80225c168,3538.56,2025-07-12T20:33:51,grocery,43,Lucknow,credit_card,28,3845.99,0
3ae7b87f-d312-4c0d-9483-0d17f6ae5b7e,507.14,2025-10-19T05:34:50,electronics,30,Jaipur,wallet,19,167.42,0
484ce9d9-06d4-4a26-92d4-f29b030fd617,1714.7,2025-08-06T19:05:31,fuel,44,Jaipur,upi,23,784.83,0
618e9154-cb8a-4ee8-a182-aea0892b4499,889.47,2025-09-01T06:43:57,fuel,39,Pune,debit_card,26,704.49,0
05aaeeb6-3632-4e94-8091-0e1b039ccd58,510.19,2025-02-12T09:03:07,electronics,43,Lucknow,credit_card,23,413.4,0
da44983f-b3e2-4d30-86f2-80672de7bffd,708.54,2025-03-22T11:27:01,fuel,38,Bangalore,credit_card,28,10.0,0
c542b29e-8d02-48ab-8d70-a9fbacca9e7b,285.82,2025-01-14T20:46:50,electronics,19,Ahmedabad,netbanking,28,192.53,0
365d83ae-90ca-4ba7-b85d-38e33991aba7,456.74,2025-09-01T00:10:45,online,56,Mumbai,credit_card,25,575.82,0
7d6f1180-cb36-4f33-807e-79a15efa7b13,279.77,2025-07-05T12:29:20,online,62,Pune,debit_card,32,120.97,0
7dd636cc-5a74-4d72-b621-77ff00b71e8b,933.21,2025-03-15T08:02:56,other,26,Mumbai,debit_card,32,1241.95,0
33d712f6-a005-49d6-86b9-32a6d6dd7da8,507.18,2025-02-19T03:36:32,electronics,34,Bangalore,debit_card,19,34.55,0
6509e54a-e91f-49ce-a5e8-a4bb80b4e23b,311.53,2025-03-04T17:22:20,online,21,Lucknow,credit_card,21,225.4,0
a13d8987-2985-41ae-aafa-276f0ca393a0,122.2,2025-04-07T09:02:20,online,44,Mumbai,credit_card,28,106.1,0
863dc553-11ed-4c13-957c-379248bc353d,178.05,2025-08-22T02:01:29,online,53,Mumbai,netbanking,34,10.0,0
21022df1-7c79-40db-9179-772c3c6e6969,353.55,2025-06-09T01:49:44,electronics,49,Lucknow,upi,26,328.28,0
a5bc49b6-5487-40f7-a4b8-df3f3697c135,419.5,2025-07-13T10:50:26,grocery,43,Lucknow,upi,19,166.86,0
3d3ff7aa-9036-442a-815d-da1f45fc0d22,55.77,2025-10-08T16:25:34,electronics,56,Chennai,netbanking,27,10.0,0
dabe0a08-566e-4f02-a895-96b2ed10448a,538.93,2025-02-11T16:30:41,grocery,55,Mumbai,credit_card,26,379.91,0
4c9568f9-e1a5-490e-8294-378901fcc0c0,1262.52,2025-07-18T01:49:03,grocery,51,Chennai,upi,40,1071.18,0
812a3bfb-0ddf-4ccb-90c0-42575e9a2fd4,231.2,2025-09-28T19:44:26,grocery,58,Delhi,wallet,26,321.37,0
2077399d-c34d-432d-a2f7-3e184eff2585,643.5,2025-01-02T06:11:58,dining,26,Hyderabad,netbanking,29,1015.48,0
0836aaec-fbce-4bd5-aa9c-2c3694e0a929,171.18,2025-04-05T11:00:58,fuel,35,Bangalore,credit_card,23,87.84,0
8a15945d-5aaf-4536-8761-c353791a7e50,160.95,2025-09-10T05:51:30,online,35,Pune,credit_card,23,171.4,0
8f8f05f3-d42e-4ae8-aaeb-15729860e2b9,947.31,2025-04-17T19:13:01,fuel,35,Mumbai,upi,28,1033.98,0
9693b3db-2750-4f2b-a632-2269e7db8c84,102.63,2025-08-12T18:44:48,entertainment,18,Jaipur,debit_card,29,10.0,0
98587b47-ed53-4c0d-8ead-49e899838604,147.15,2025-10-06T05:31:14,other,22,Jaipur,wallet,32,218.16,0
920aa854-6619-4f03-8cd4-4ee1608d4965,136.8,2025-03-06T12:37:59,fuel,35,Lucknow,debit_card,27,173.61,0
e21cf7b1-8c25-444b-8b7c-921594047bab,55.73,2025-01-12T14:16:14,fuel,23,Kolkata,wallet,24,45.92,0
3b38b373-9f26-463a-9c09-eaa6ad3dd3fc,229.74,2025-01-05T02:42:35,dining,47,Lucknow,credit_card,21,142.92,0
e0164602-c445-4684-b830-56a4477791ee,103.79,2025-04-04T20:07:49,electronics,18,Mumbai,debit_card,27,10.0,0
cc74304d-f98d-4125-a98e-285f925a013a,51.36,2025-02-11T10:15:49,online,40,Ahmedabad,credit_card,28,10.0,0
7badfc02-d13c-449e-9616-ba52fb26da55,59.44,2025-05-15T00:05:45,entertainment,52,Hyderabad,upi,28,55.37,0
51861aaf-b423-4296-b221-08c2bfd2a9cd,286.39,2025-03-16T00:58:26,dining,60,Ahmedabad,credit_card,24,136.74,0
78c8ed4c-9b80-4318-81c1-c2ff32f159ab,218.54,2025-03-06T01:04:47,online,46,Delhi,credit_card,23,85.37,0
eb6cbf57-e99e-49c1-8d7d-e2cc84b793ee,13.23,2025-05-31T12:21:09,online,46,Delhi,credit_card,28,194.18,0
0e67b6bb-a1c6-498b-9cfd-265efe344016,598.87,2025-01-10T08:34:26,grocery,47,Delhi,credit_card,37,576.26,0
3d0e9b85-7a03-4d7b-aae1-729aa6d0d2c5,247.57,2025-09-05T23:05:11,entertainment,37,Jaipur,upi,25,435.29,0
9c324dd5-dedf-4fc7-82a3-99681b554782,347.6,2025-02-17T01:38:24,entertainment,56,Jaipur,upi,27,10.0,0
cd2f1819-c5aa-407a-b253-8af7b91aadcf,1124.55,2025-05-26T02:47:13,online,53,Bangalore,wallet,25,983.75,0
363c804e-1e1a-4e93-8a89-76626b2f2b39,2159.68,2025-07-28T03:11:57,travel,33,Bangalore,credit_card,23,2757.46,0
d7358681-f0e5-4ec5-b4fc-eecb1bb91acd,1721.93,2025-03-15T20:57:48,grocery,25,Ahmedabad,netbanking,33,575.01,0
db74c5e9-566f-4e25-a845-930a9d7126ee,2116.73,2025-09-18T00:48:44,grocery,56,Jaipur,debit_card,30,2467.2,0
53c5792d-a325-478d-871e-f5b6d9b57869,1381.69,2025-06-03T15:23:24,online,29,Ahmedabad,debit_card,24,670.05,0
f5442cac-ae26-4934-b1ec-f62fcf89876e,403.89,2025-09-21T07:15:36,electronics,28,Kolkata,debit_card,29,316.15,0
bee84f4f-d5ff-4860-924d-e6fbf67eb26f,291.88,2025-05-06T11:16:03,grocery,29,Kolkata,wallet,24,212.83,0
615fe3a7-0dc9-42ca-841c-ac2d84ee4975,405.48,2025-09-23T16:42:03,dining,44,Jaipur,credit_card,23,513.91,0
7284d107-338f-4fa7-a912-3e3083447836,947.13,2025-08-19T09:09:15,dining,18,Bangalore,upi,19,895.09,0
8682628c-7122-4e91-9506-e3f9f3d0315e,477.43,2025-02-11T10:00:35,online,46,Lucknow,netbanking,22,412.89,0
b88b80da-5e05-44bc-8b5d-568d109009e1,1245.83,2025-07-29T02:10:05,online,36,Chennai,wallet,21,557.67,0
9ea92b2e-438d-4ed1-9c19-4194a2195207,260.87,2025-01-24T12:34:19,online,43,Jaipur,netbanking,30,203.65,0
24ffb517-52c3-4088-aa4d-d6d57022447c,1260.96,2025-01-01T01:30:21,electronics,28,Chennai,credit_card,24,981.74,0
18b19733-4ca5-43fd-b2fd-6b2989ce917a,541.02,2025-08-15T01:23:34,other,26,Delhi,upi,31,574.49,0
3dc38549-0ec4-4ced-a446-9ec0f19f2a14,495.58,2025-01-14T22:09:26,grocery,27,Chennai,wallet,35,35.31,1
cbbdd321-e0a6-4a52-888a-bbbc1db9c54e,636.73,2025-09-02T07:52:05,online,49,Ahmedabad,credit_card,20,588.59,0
af81f973-db16-4adf-8e4c-7523543bdf3e,391.94,2025-05-23T20:48:42,online,47,Jaipur,credit_card,23,236.47,0
5cac15fa-b1a6-486e-8788-071e22c232d3,2707.48,2025-07-01T22:28:51,fuel,37,Mumbai,debit_card,31,2558.67,0
292b502b-037a-45d2-b13b-fae5e109fcfc,238.77,2025-02-04T19:57:45,travel,37,Jaipur,wallet,19,120.25,0
d44f4d32-44a7-4319-95cc-b3a1fd2dd1a4,367.77,2025-04-06T03:31:36,dining,36,Kolkata,debit_card,29,220.52,0
91b2cdc2-56ba-4d9d-82ff-5c68c4f2d3b1,463.12,2025-08-22T08:47:20,grocery,40,Chennai,wallet,27,254.38,0
35076c48-99d8-4944-91b8-dc65f68e7bd3,58.58,2025-06-02T21:57:41,dining,59,Mumbai,credit_card,29,86.93,0
9edbaa4b-f945-4ee7-bc8d-df5a016f3fcb,31.69,2025-07-22T08:15:45,grocery,26,Ahmedabad,upi,21,10.0,0
604cbc15-2e34-4875-9475-e311de04b326,477.97,2025-09-03T00:25:37,grocery,37,Pune,wallet,22,677.18,0
c8f1b538-412f-4d5a-9d28-ea4d31e3a30c,630.49,2025-09-16T13:22:10,entertainment,36,Delhi,debit_card,30,264.0,0
b71bebae-7993-416f-bae4-f57487506df3,1078.39,2025-02-05T10:22:57,fuel,46,Lucknow,credit_card,21,1158.87,0
3eb0deb0-43ae-4558-8e97-af41e5e4ad5b,97.64,2025-03-14T15:56:57,electronics,40,Pune,upi,29,10.0,0
d9254e72-6bc3-4226-902c-6a1aba9e9184,1594.04,2025-08-16T17:23:42,travel,61,Pune,credit_card,24,1258.02,0
84ff606e-45a4-4e57-816b-536847110f55,132.8,2025-05-03T08:43:54,fuel,44,Ahmedabad,upi,27,211.4,0
b0f59532-22c8-4ceb-9b9f-f263f7586e43,1223.82,2025-08-22T03:46:09,electronics,45,Mumbai,upi,24,567.6,0
2359587c-fa46-43c4-af85-60b359a23190,228.31,2025-02-15T14:30:38,travel,41,Bangalore,debit_card,16,55.06,0
cf6fde4b-0e2e-47ca-b77e-08135151928a,1442.2,2025-05-06T06:14:02,online,28,Kolkata,upi,19,969.32,0
52058caa-cbf1-43d7-a2a8-cea7987db355,281.88,2025-03-01T00:45:10,fuel,35,Pune,upi,23,233.6,0
92c3ca6b-c15e-417c-bc8d-43c85940d55f,1829.91,2025-07-25T19:42:44,fuel,26,Hyderabad,credit_card,17,1673.84,0
d9af1040-ee07-43b6-b062-1c7061dad51e,332.83,2025-03-07T20:51:43,fuel,42,Chennai,debit_card,24,348.9,0
c9258153-ee3c-4150-8ed6-8f1ca1b367fd,63.24,2025-03-04T11:47:54,fuel,54,Jaipur,credit_card,21,10.0,0
c84d8c80-382f-46b4-a991-310219d6758c,90.3,2025-04-10T13:22:57,dining,29,Delhi,upi,24,10.11,0
827fcff7-197d-4990-b707-893e1e275f4f,600.46,2025-07-24T04:06:46,electronics,31,Lucknow,credit_card,30,831.53,0
d5e6ff5c-b250-4a11-87af-3f2fe0ccc107,519.55,2025-06-17T21:02:44,dining,42,Lucknow,upi,31,672.16,0
061960e2-1962-4e2a-8f32-7eeb8a11ed7c,7438.25,2025-08-13T09:45:31,electronics,31,Jaipur,upi,37,6049.7,0
2cc142f4-83d7-4f44-9462-6f3d131161d6,638.67,2025-09-18T13:08:47,fuel,48,Lucknow,upi,20,287.55,0
2468307d-874c-4b2d-a0a6-f0810e1a4eab,1003.35,2025-05-21T05:35:40,fuel,35,Jaipur,credit_card,21,503.37,0
25c3d9ec-2c1c-4144-8e72-871d4fa16293,102.71,2025-06-03T00:51:05,grocery,37,Hyderabad,upi,35,10.0,0
e0b00f8d-6d36-45d4-829f-74ea792d81ef,403.58,2025-07-31T00:10:04,grocery,47,Lucknow,debit_card,27,485.47,0
00bf00d4-aa82-48d3-b9e2-8696a7f3de24,449.71,2025-05-03T10:59:05,travel,66,Lucknow,upi,19,465.73,0
8fb1fa34-cc1d-4059-9a0d-b0f39e2954a9,323.06,2025-03-20T19:51:11,online,42,Bangalore,netbanking,22,370.57,0
05840682-0f57-4997-82c9-3f11cb7a374e,232.8,2025-01-08T04:57:27,other,18,Chennai,debit_card,25,10.0,0
0559f65d-5228-4cc5-805a-0cd6e4294e2e,952.03,2025-10-08T14:10:03,online,31,Kolkata,netbanking,25,684.02,0
92cf73d0-a6c1-4aa9-a170-9c4f2ba5357f,155.09,2025-10-18T04:53:16,travel,21,Ahmedabad,upi,31,10.0,0
69c60023-8c82-407d-902c-a7b828bdd290,105.49,2025-01-24T04:22:28,dining,33,Hyderabad,debit_card,26,141.61,0
028ee2a5-2acc-474e-a6a2-86d5cfdf0d05,807.26,2025-09-08T17:59:49,online,57,Jaipur,upi,20,769.53,0
a435c440-f446-4f90-9e77-fdeff2414ec5,446.14,2025-02-19T03:57:55,online,46,Mumbai,credit_card,19,341.99,0
2df159ad-299a-4976-8811-63acc0c6682a,1053.97,2025-09-09T09:14:35,travel,33,Ahmedabad,netbanking,34,599.92,0
f1dd926b-1364-4976-b70e-034a6dbbf8be,529.52,2025-02-22T06:32:01,entertainment,30,Chennai,upi,18,17.02,0
19e06358-01cc-4224-96a2-760836b0460b,40.49,2025-09-24T06:16:12,electronics,50,Delhi,debit_card,28,15.43,0
235912b7-4f61-473a-a57c-d7d3ec3a18c3,40.56,2025-01-16T22:53:54,fuel,37,Lucknow,upi,21,75.84,0
bbf39395-9167-4772-a324-9f2f031ffda9,1288.41,2025-05-22T20:50:47,fuel,42,Pune,debit_card,16,253.26,0
cc7cf0f3-86b2-4d9b-a315-e9f4243de836,4357.12,2025-02-28T02:00:14,fuel,67,Mumbai,credit_card,28,3058.79,0
2c96c2ce-16cd-4770-a024-c6a96effbb28,668.35,2025-03-31T08:05:50,entertainment,42,Ahmedabad,credit_card,19,522.41,0
d16aea5f-5a28-49a2-b067-60ea667df94a,428.93,2025-01-12T15:01:48,fuel,36,Pune,upi,25,329.37,0
6cd0e9f3-d62e-4eea-bde2-db22d1c153c6,856.93,2025-03-06T12:41:47,online,47,Jaipur,wallet,29,681.69,0
3eeeeef8-c3c2-49e3-92ac-7cb91fe4af87,468.78,2025-09-01T17:22:03,online,39,Pune,netbanking,23,82.37,0
aced5603-f714-4bc5-8af7-d547d337e24c,440.22,2025-05-01T08:39:17,fuel,40,Jaipur,netbanking,25,511.14,0
8b9c1249-4814-4690-a864-a1a939944535,85.5,2025-08-26T07:47:04,entertainment,41,Bangalore,upi,26,126.84,0
fd0dec45-a890-454e-837a-8bf9da907d95,1082.68,2025-05-16T14:34:02,fuel,69,Jaipur,debit_card,30,1072.85,0
fa25baf2-c6fb-41d8-b7be-2d81644b7eba,124.06,2025-09-10T21:52:35,entertainment,45,Mumbai,debit_card,29,168.2,0
2fea4d1d-d533-49f2-b24c-5fcd416774bf,178.09,2025-08-04T16:48:12,grocery,65,Jaipur,upi,24,317.5,0
a2428714-ec5c-406a-98c7-699ae47572ca,63.59,2025-04-08T14:37:02,grocery,56,Ahmedabad,credit_card,25,159.2,0
bc5568e9-e0e7-4fc0-b216-a54826321a79,333.12,2025-07-24T12:43:44,electronics,49,Kolkata,debit_card,27,456.59,0
f6c2bf00-4d24-4ccd-85a7-d835135b6cc8,197.34,2025-01-19T20:42:19,fuel,28,Delhi,debit_card,18,236.03,0
2a7e6467-84d1-41d5-82a6-36f50fc78f38,335.62,2025-03-14T10:29:25,online,40,Lucknow,debit_card,28,440.99,0
06144d89-1f2b-44e2-ac5a-4909667c49ce,535.44,2025-06-07T08:44:18,fuel,46,Chennai,debit_card,23,397.2,0
03cac8f2-f0f5-4262-897e-b2434df29528,417.23,2025-04-14T15:01:49,other,41,Lucknow,debit_card,27,285.97,0
25a52e76-eafb-4ea8-8868-33528909f503,302.83,2025-08-14T12:51:26,online,26,Jaipur,credit_card,28,63.74,0
6c4382fd-d070-461a-8fa0-8003510c016f,105.25,2025-07-17T23:41:44,online,56,Hyderabad,wallet,22,10.0,0
6e94bfd1-c80c-4d1c-a2b6-ca1e456fe38d,993.36,2025-09-04T05:29:06,online,44,Ahmedabad,netbanking,26,1383.69,0
de2f6d81-5469-47ed-ae99-ddf126c689fb,589.02,2025-10-21T16:26:54,online,24,Chennai,credit_card,19,602.75,0
1f65e91e-b8b3-410e-8058-1062a4f22549,659.49,2025-10-22T12:54:45,entertainment,20,Chennai,upi,23,446.32,0
ecd26dbb-a035-4f61-b4ce-540030043bcc,2693.26,2025-01-08T17:46:51,entertainment,22,Lucknow,debit_card,30,2693.18,0
fbf08cfa-297b-414f-add9-c792af32147a,1829.17,2025-07-17T20:33:54,other,57,Bangalore,upi,26,2224.11,0
7be6c897-7972-41be-8dea-d1fc27510fd9,279.01,2025-02-21T22:07:34,travel,26,Hyderabad,upi,21,10.0,0
336e0acd-c407-4803-90bc-3d7ea714fe1e,341.89,2025-10-21T17:31:19,fuel,23,Bangalore,netbanking,15,285.95,0
e7a9f59c-6e2a-424b-9aa6-a66bc4f3a97a,295.74,2025-01-28T12:09:30,other,50,Bangalore,debit_card,29,414.24,0
016ef9bc-44e3-489c-8f52-898339640e8a,1476.53,2025-02-22T17:44:21,electronics,42,Delhi,upi,24,860.48,0
8be8bbca-6090-4319-8743-0013340c60be,1359.96,2025-06-10T20:32:35,fuel,60,Chennai,credit_card,23,731.31,0
aa45f9b5-8c5b-4aba-ab98-5788d8bfbb50,143.29,2025-01-22T02:00:22,travel,33,Ahmedabad,debit_card,35,88.19,0
c954ea39-82e6-4a84-9ae2-f5a52a6a6a8b,154.97,2025-03-20T00:25:42,electronics,27,Chennai,netbanking,22,180.22,0
541fbaa6-ac7e-4ea4-85fe-2be924ecac15,183.07,2025-02-14T20:06:34,dining,52,Lucknow,upi,26,105.85,0
45eb8ca3-ef91-42d4-9ec0-70d7477e2603,84.44,2025-10-01T08:11:46,online,40,Bangalore,credit_card,26,80.58,0
28cf2e73-2d75-4a9d-b6ff-3599a8acb754,245.0,2025-09-08T23:26:23,other,36,Mumbai,debit_card,28,204.97,0
ccd7c312-4b92-41ae-a191-93cd177e4189,361.65,2025-10-25T22:01:45,online,38,Delhi,credit_card,22,160.53,0
bc9d1e45-8661-4796-8790-5da6faef6364,314.78,2025-10-26T01:23:47,electronics,44,Mumbai,upi,31,237.68,0
f3eae963-3766-4f84-9dd6-924e5f79a3cf,456.76,2025-06-18T12:58:27,entertainment,43,Ahmedabad,credit_card,27,284.52,0
69440890-ea5b-4a05-9e00-5902c38ad16f,398.22,2025-06-26T00:42:38,online,27,Bangalore,upi,15,10.0,0
348aed94-543d-44af-b6e8-20e59720f667,215.29,2025-09-04T15:22:31,entertainment,28,Chennai,debit_card,19,84.96,0
d886f390-8e9e-48cb-be4b-e3796e42ca1d,1148.78,2025-08-03T15:47:32,online,18,Delhi,netbanking,35,1019.58,0
ac5c331d-68c5-4467-82ba-94ef46f923d4,109.98,2025-08-14T07:55:57,fuel,46,Kolkata,credit_card,37,90.72,0
f23277d0-d930-4e91-a0ae-77c0f8f8a122,39.61,2025-02-16T13:56:46,fuel,38,Delhi,debit_card,36,121.47,0
7b3c0e3e-b621-40fa-a6f3-2eb44faf30ac,523.18,2025-01-14T17:13:44,entertainment,39,Bangalore,debit_card,25,315.85,0
928fc28e-f0f7-488a-8a28-300c3d5dd279,1583.36,2025-02-26T01:15:47,entertainment,33,Mumbai,upi,15,748.71,0
4d4d1470-5762-407b-b38d-f522c4d9ac8f,108.07,2025-02-09T22:28:48,online,36,Ahmedabad,credit_card,24,34.57,0
3ddc1f46-d519-41a8-960c-90b2494a80f3,528.26,2025-07-09T18:51:02,other,51,Pune,credit_card,28,446.16,0
7fceac54-27b3-427f-9854-e947e38ad87e,113.62,2025-06-12T17:14:55,grocery,37,Hyderabad,netbanking,26,128.3,0
98081d63-4f96-4f4a-9488-ce3560205b76,186.19,2025-09-27T12:55:41,fuel,35,Delhi,netbanking,26,235.17,0
bbc3a631-6394-4d97-8027-1718c693cee2,300.58,2025-05-29T14:58:51,grocery,32,Bangalore,debit_card,33,349.56,0
6824e6ba-bae4-417d-ad93-fdfb0dc7739b,76.67,2025-05-07T09:27:02,entertainment,21,Kolkata,upi,30,71.67,0
f106633c-d827-4495-9dcd-dc7276c245f0,369.16,2025-04-29T23:00:20,entertainment,22,Kolkata,netbanking,30,826.08,0
59e1a287-62c5-4761-b421-f5347f3410dd,116.37,2025-07-02T23:29:03,dining,18,Mumbai,netbanking,25,10.0,0
2375eda9-55f0-4928-8d89-61bdc91a5dfc,1779.8,2025-03-14T19:00:45,electronics,44,Bangalore,wallet,19,3086.51,0
71a174b9-1aa6-4c45-b472-7514648c02f9,283.05,2025-05-04T23:03:01,travel,29,Ahmedabad,upi,37,141.78,0
74570450-b86a-407c-b3c2-54e828e9671e,1018.79,2025-01-22T20:15:54,electronics,49,Lucknow,upi,32,1189.51,0
317c9fcb-d3e8-4178-ac20-fc575886e1e2,457.26,2025-08-23T21:51:06,online,27,Pune,debit_card,23,560.4,0
92da6c66-a122-48a4-a723-eff2c46f310b,454.07,2025-06-28T23:09:49,grocery,42,Bangalore,credit_card,20,593.47,0
dfcb7d7c-19b1-43f0-b63a-35752f63290e,329.03,2025-01-10T18:56:29,electronics,54,Kolkata,upi,19,256.47,0
2949da43-92fa-459f-9c44-85fe73be15cf,226.54,2025-05-01T17:06:20,grocery,23,Kolkata,netbanking,19,220.27,0
1c0be496-ce66-42e5-9edb-1cacc540fdea,114.15,2025-06-12T04:43:55,dining,27,Bangalore,upi,29,10.0,0
48417d9c-29b3-4f53-b83f-c740ef75b70d,316.02,2025-10-03T02:38:04,online,41,Bangalore,credit_card,26,94.79,0
09f19d99-17d8-43e4-b60e-17f68c184474,184.41,2025-09-22T01:25:01,grocery,45,Lucknow,debit_card,20,99.45,0
c83d428e-c706-4b97-bb15-7d5c2d82ecd4,537.33,2025-04-06T10:54:08,dining,25,Lucknow,credit_card,28,570.64,0
af064b36-c3e8-40ef-ae58-e712586fe9e3,658.97,2025-09-22T15:00:51,other,37,Delhi,upi,27,56.54,0
41635b28-6b99-4553-b3eb-3fc3117acc09,114.7,2025-06-20T06:07:30,fuel,39,Jaipur,netbanking,12,137.88,0
35e4666e-e1c1-4d90-b918-2a22e0d26e28,209.57,2025-03-27T18:22:07,online,44,Jaipur,debit_card,23,289.81,0
e8d54bf8-a19c-4836-ad59-8841bf4e61e6,329.73,2025-06-10T12:22:32,entertainment,18,Lucknow,credit_card,20,10.0,0
c639e6a4-cbed-4e0e-95de-a6184d2b8b60,853.91,2025-04-22T01:39:29,other,59,Hyderabad,debit_card,23,330.15,0
f604d4ef-c274-4102-8497-d078a2914a95,167.21,2025-10-20T20:53:57,online,43,Chennai,credit_card,28,10.0,0
54eacb08-9957-4add-85a8-9f3b3b22b8f8,298.1,2025-10-21T11:38:33,grocery,45,Chennai,debit_card,20,93.58,0
21a49578-794b-4511-9bfd-d9056d8b1278,950.01,2025-06-02T09:35:57,grocery,35,Bangalore,upi,32,1634.38,0
cd5a4a41-4a47-44b8-83f6-1cd1a22f0d09,344.6,2025-10-03T21:29:43,fuel,60,Pune,upi,25,290.14,0
8ff2ba53-8ee4-403e-883b-185f5c97341f,702.93,2025-03-23T21:08:15,dining,18,Pune,upi,26,733.05,0
608e71de-d015-41d7-bf6f-016dcd03c264,58.02,2025-09-07T05:29:45,fuel,34,Ahmedabad,upi,15,10.0,0
62a08fc1-7635-4dfd-9820-6397c65cb1a8,146.58,2025-04-16T00:44:30,other,44,Hyderabad,netbanking,20,109.0,0
d31265f3-cc6d-4e94-94d7-7d1adff0959b,981.47,2025-07-30T13:44:22,entertainment,38,Lucknow,credit_card,18,924.14,0
e9a45b5f-58d6-4e82-80d6-b975fe6fdb18,288.59,2025-02-06T17:49:19,travel,33,Delhi,credit_card,25,175.05,0
56c595f2-1562-40b4-8c38-f2c2a04d39b3,1811.24,2025-10-25T23:26:47,electronics,40,Lucknow,debit_card,26,916.25,0
d8ad4061-681d-4495-8d1e-6a9c1c7d756c,4405.5,2025-08-26T18:42:10,grocery,59,Bangalore,debit_card,21,5277.73,0
6c9be931-971c-4a9f-b0a3-939039ca8930,30.21,2025-09-15T12:46:34,dining,40,Bangalore,credit_card,22,10.0,0
20695839-de26-4b2a-b171-622668c22e90,527.65,2025-08-12T16:10:28,online,33,Mumbai,debit_card,17,220.16,0
56f6cd90-2873-414b-a7c6-f5bf374b89d6,182.87,2025-09-08T20:50:07,entertainment,54,Delhi,wallet,30,47.39,0
82bfd54e-8025-49b7-af46-c3d9b6f87725,1353.12,2025-06-09T19:32:05,grocery,43,Hyderabad,credit_card,23,902.25,0
6b3a23a9-fbde-4915-89f3-5e0e9c7cf01f,319.83,2025-01-29T09:37:36,fuel,34,Hyderabad,debit_card,31,93.99,0
fa17d426-ef0c-429c-96d1-4d08bb82dfd2,322.56,2025-10-09T09:58:21,grocery,54,Bangalore,credit_card,20,181.5,0
b959b4e0-c531-4e8b-a8d1-14632cc529bc,713.84,2025-08-24T23:26:44,dining,30,Lucknow,credit_card,21,723.46,0
bb78a740-b16a-43ab-951c-cdb9d1a08bf5,277.84,2025-02-02T21:19:19,online,30,Chennai,wallet,21,139.31,0
e1dd4d3e-ea9f-416a-9684-20240d2ee758,121.74,2025-01-19T04:05:02,grocery,31,Chennai,netbanking,25,74.12,0
9aae1fd1-eae6-4cad-8119-21872d2ee2ad,117.84,2025-09-17T14:18:26,other,31,Ahmedabad,upi,31,10.0,0
12570746-c9ef-4fa9-93ee-34598b60f3dc,207.18,2025-05-24T21:16:44,fuel,36,Hyderabad,upi,21,10.0,0
a4e39503-0b05-41d9-ad61-6ffb955c3113,2039.33,2025-03-03T13:12:14,grocery,35,Pune,upi,23,1226.32,0
b577ebcf-15cb-416d-910e-d0cbe20c047c,789.68,2025-06-15T16:27:42,grocery,34,Jaipur,credit_card,29,836.46,0
4c2d4120-f70a-456c-a0e5-423cb6e4ad1f,1196.84,2025-08-20T04:32:55,entertainment,38,Delhi,upi,22,1124.57,0
3b1c06f3-dd38-4ce1-96b0-60beefdbbf9c,525.12,2025-08-24T05:56:58,electronics,61,Chennai,debit_card,22,402.68,0
c70ddc98-148c-4036-a5fe-601646fa23a2,236.87,2025-09-16T19:47:36,online,41,Lucknow,debit_card,23,148.42,0
6c5a1316-aab2-47f4-b89c-8f9bbc415096,389.06,2025-09-28T14:44:49,other,65,Lucknow,debit_card,21,389.78,0
3414564f-660c-44c7-b0be-1d7c4637cf2e,36.2,2025-03-29T13:35:16,electronics,54,Lucknow,upi,22,98.23,0
91862343-457a-4b9b-9c1b-60fcd28cb111,937.6,2025-05-12T18:25:07,dining,37,Bangalore,credit_card,29,1069.05,0
16300c97-7425-41e5-ad2d-69a138d4ed78,311.22,2025-01-02T22:30:25,grocery,46,Chennai,wallet,32,235.04,0
61510b15-9751-4669-8d5f-072e82a2eff5,1454.28,2025-05-09T17:46:40,grocery,19,Kolkata,credit_card,21,1225.11,0
ff80acf4-97b1-4407-8d3c-f4e3cb16aeba,46.73,2025-06-13T21:05:57,dining,29,Hyderabad,upi,19,88.93,0
f67b0af9-f6a6-4a31-85ce-665b42751fac,165.96,2025-09-26T15:41:46,grocery,55,Lucknow,upi,32,107.6,0
f5b77fb5-0330-4180-8a0f-847c5b3eb978,364.83,2025-05-03T05:12:02,grocery,29,Pune,upi,27,10.0,0
cbaf634a-4181-4522-892d-b1ff3e47b282,583.28,2025-03-30T10:15:56,grocery,32,Delhi,debit_card,23,260.9,0
a9a3a57c-3190-4637-af71-5f5fc359aae3,4053.98,2025-09-03T15:57:43,online,37,Mumbai,credit_card,22,2942.06,0
5f3ba131-c69a-4fe5-9096-25222092c97a,674.72,2025-02-19T19:47:44,fuel,36,Jaipur,upi,20,195.08,0
cfd4c3ce-20aa-4d46-b4ef-deddeb6623bb,619.45,2025-05-16T23:40:52,grocery,33,Delhi,credit_card,39,410.73,0
39a2262f-de5d-42da-abf6-8138cf5047a0,1213.45,2025-03-19T05:05:00,electronics,24,Bangalore,debit_card,22,438.76,0
e3998784-ab1f-4ea3-8b5a-844cdc25f93f,95.26,2025-02-27T12:16:30,grocery,32,Mumbai,upi,20,134.91,0
f8aa6635-f439-49c8-a566-91ffb64554e5,269.68,2025-07-25T09:58:53,grocery,40,Kolkata,credit_card,31,361.63,0
45fd5c42-a071-4268-ab56-c2ccabe1feb9,1388.69,2025-06-26T01:07:20,online,36,Kolkata,wallet,23,1305.19,0
a4c05974-52a9-49e2-ad2c-3e89181568fb,331.09,2025-08-09T06:14:57,electronics,32,Chennai,debit_card,28,375.72,0
c7081a8b-2ce2-4f16-9b66-76243e9fdfb9,1089.25,2025-09-10T09:28:20,dining,23,Hyderabad,upi,33,939.04,0
344d3f46-c18d-4803-adb3-371e9c99e100,1713.2,2025-08-30T13:16:20,entertainment,35,Kolkata,credit_card,28,1301.14,0
22d85653-2035-4fb6-97a4-5db08174eecb,309.91,2025-06-24T17:05:36,electronics,47,Pune,netbanking,30,314.6,0
6e2b69ff-b88c-4ff1-ae9a-f8208ef3250a,819.15,2025-08-21T08:21:26,grocery,44,Bangalore,wallet,34,1064.61,0
41c2f8cf-44ec-4694-a1c1-ab0b4569545e,1743.56,2025-02-16T13:58:27,entertainment,30,Delhi,credit_card,24,1233.96,0
9f7a26d5-7377-4fca-a7d0-448ac0019d2a,223.9,2025-07-06T08:36:03,fuel,41,Kolkata,credit_card,26,337.64,0
e83ef827-c9e1-44ec-a0d6-010b9a17caba,128.66,2025-07-05T05:28:06,fuel,50,Mumbai,credit_card,23,100.21,0
4aa3858c-86ee-43a0-9e01-9be6d657aacf,523.27,2025-07-31T16:43:07,grocery,39,Kolkata,debit_card,29,250.76,0
646a6fb8-e632-4197-abe8-888d2d384815,310.86,2025-07-30T05:31:17,online,31,Mumbai,upi,21,389.19,0
dc8969fe-bb5d-4b44-a4ef-1d0ba50a089d,1450.09,2025-08-16T17:31:02,online,32,Pune,upi,18,1180.34,0
733034b4-f8b9-4b1d-b0fe-817f7457e253,487.66,2025-03-22T16:44:02,grocery,49,Kolkata,wallet,25,71.81,0
aef8cfa6-72aa-4cef-9648-3590a4aece57,968.13,2025-05-09T19:31:14,online,26,Hyderabad,debit_card,23,786.22,0
636d0f61-08be-402f-9f7d-e1de55ce98b6,195.37,2025-07-21T10:21:04,online,36,Mumbai,debit_card,31,224.3,0
d06344a3-eb3e-454d-976e-dbde088b6519,1405.24,2025-08-22T01:43:54,grocery,47,Mumbai,upi,31,1426.09,0
8c67f384-e558-4e78-950b-a6f0cdb8480b,270.68,2025-06-25T11:08:58,electronics,41,Jaipur,wallet,30,360.83,0
67add562-ff18-4fce-a2e1-48c7e1bd3dbd,474.56,2025-02-04T08:07:49,online,33,Pune,debit_card,33,350.11,0
7600813a-e650-4fba-9b66-264c0c230249,226.72,2025-06-29T16:48:02,electronics,39,Hyderabad,credit_card,20,118.76,0
a8ce75ff-0cff-4daa-8d89-7def1db19225,1575.94,2025-09-01T16:09:20,entertainment,34,Mumbai,credit_card,19,1140.75,0
0d954991-86d8-44ea-a4a3-eb0544b6b10f,117.02,2025-01-19T22:39:02,grocery,18,Lucknow,credit_card,29,73.88,0
5b0da3d4-a15a-4ae1-bba2-73dd585bcea0,345.34,2025-03-27T16:48:18,electronics,65,Delhi,upi,24,569.45,0
bce813eb-92ae-47a4-a374-1cc5b0c9e2e4,315.87,2025-09-23T11:13:32,travel,47,Kolkata,netbanking,25,67.55,0
2d71a0a7-1549-4b0d-9fd3-ab6828698698,1165.81,2025-01-29T05:22:24,travel,21,Hyderabad,upi,27,1236.85,0
2c0f0652-62a8-414e-aae4-a8129ab07381,144.2,2025-04-26T10:32:08,fuel,59,Chennai,wallet,32,227.89,0
382346e0-5a21-48cc-908c-0869e945ffb3,1220.65,2025-06-20T02:40:45,other,20,Pune,debit_card,21,1246.06,0
0cc78460-3e48-4796-a9da-a7885b9ac635,3152.85,2025-01-10T08:02:49,entertainment,30,Jaipur,upi,24,2620.86,0
41c3e17b-b730-4ed4-ad15-62568e12978a,162.81,2025-07-20T23:27:24,entertainment,41,Chennai,upi,22,75.77,1
f18a8e2e-a2a2-4178-9430-90e9eadbb193,216.91,2025-02-16T20:16:45,fuel,32,Jaipur,debit_card,32,223.74,0
1cc283ac-9db8-46f3-8d7e-7ca01edea272,491.08,2025-04-12T17:09:23,online,29,Kolkata,credit_card,17,674.48,0
eb45126d-7e12-4af2-b973-b46976525b3d,443.94,2025-01-15T12:53:55,online,37,Kolkata,credit_card,19,466.28,0
aabbb5b7-8504-4d03-a4e1-51b7b2ba149f,1882.17,2025-08-15T15:54:52,fuel,25,Hyderabad,debit_card,26,444.21,0
29e01d1d-7507-4674-9f77-f4a78f495603,171.89,2025-02-10T03:53:05,online,28,Bangalore,credit_card,19,225.4,0
e8274d5c-be67-46e6-a6b2-2d6b237f01b2,67.76,2025-09-16T11:43:40,online,49,Hyderabad,wallet,24,124.47,0
3d104966-219d-42c3-a3d8-5bb6d6379273,1450.48,2025-01-05T19:23:51,dining,60,Jaipur,credit_card,34,824.77,0
6ea056c9-43d9-4bbd-957a-82e3e2fb72f3,119.71,2025-06-01T13:59:53,fuel,21,Jaipur,debit_card,21,75.28,0
694edb10-cfad-49fb-b4a2-dd1767b4b09f,444.98,2025-08-27T23:50:53,travel,48,Jaipur,upi,26,413.2,0
f3be410a-484d-49ce-a934-b15bd8b50380,2705.65,2025-01-16T01:42:30,online,50,Pune,upi,33,686.35,0
422c2039-f721-43f5-ad9c-9484613a59f8,2725.61,2025-06-24T00:02:59,electronics,31,Mumbai,upi,19,3108.9,0
